Date,Flu,Measles,Q-Fever,Typhoid-Fever,Pertussis,Meningococcal,Listeriosis,Malaria,Lyme,Legionellosis,Hepatitis_A,Hepatitis_B,Hepatitis_C,Haemophilus
1/1/11,3.135998856,0.529812879,1.6374247014,1.6374247014,2.6810509803,0.5733339722,1.0113832366,3.529594898,0.9569311635,1.0536833355,4.1415905607,1.4426797656,0.9117479902,0.529812879
1/8/11,2.533356137,0.529812879,1.6374247014,1.0836187902,1.9750036034,0.638615612,1.4929535941,2.14508012,0.7687095466,1.0287371233,1.7337387729,1.3209641807,1.6756182125,3.5203647995
1/15/11,2.912877126,0.7207804346,0.529812879,0.529812879,1.7653957885,0.5624536989,0.7705980578,3.991099824,0.7180344959,1.2283068211,4.8639460971,0.8949596336,0.529812879,3.741887164
1/22/11,3.444971016,0.529812879,1.6374247014,0.529812879,1.5226920027,0.5950945188,1.9745239517,2.375832583,0.696316617,0.87905985,3.4192350244,0.7123862563,1.1027155458,4.1849318929
1/29/11,4.161849768,0.6571245827,2.7450365238,2.7450365238,2.2728673405,0.5842142455,1.2521684153,3.298842435,0.8193845973,1.0037909111,3.900805382,2.3555466522,1.2936831013,4.0741707107
2/5/11,4.551591511,0.5934687309,0.529812879,3.298842435,2.5045391361,0.7474183451,1.7337387729,2.837337509,0.7542309607,1.0536833355,4.6231609183,1.7469687278,1.2936831013,3.0773200705
2/12/11,4.465036621,0.8480921383,1.6374247014,2.1912306126,1.787459769,0.6603761587,1.7337387729,3.298842435,0.7759488395,1.10357576,3.1784498456,1.3209641807,1.4846506569,3.1880812528
2/19/11,4.551243251,0.5934687309,0.529812879,1.6374247014,1.6440438956,0.671256432,1.2521684153,1.683575194,0.8121453043,1.10357576,4.8639460971,1.1992485958,1.8665857681,3.5203647995
2/26/11,4.082196881,0.5934687309,0.529812879,4.9602601686,1.8095237495,0.5842142455,2.2153091305,2.14508012,0.7542309607,1.10357576,2.4560943093,1.9295421051,3.2033586572,2.855797706
3/5/11,3.38812252,0.6571245827,0.529812879,1.6374247014,1.577851954,0.6277353387,1.7337387729,1.683575194,0.7614702536,1.1784143966,3.6600202032,1.503537558,1.4846506569,2.3019917948
3/12/11,2.991417579,0.529812879,1.6374247014,3.298842435,2.1735794282,0.6059747921,1.9745239517,2.375832583,0.870059648,1.2532530333,4.1415905607,1.7469687278,2.6304559904,2.855797706
3/19/11,2.615419081,0.8480921383,1.6374247014,1.6374247014,2.9237547661,0.5950945188,1.0113832366,2.606585046,0.7831881325,1.0037909111,2.9376646668,1.1383908034,1.8665857681,3.6311259817
3/26/11,2.090648213,0.9117479902,0.529812879,2.1912306126,2.4714431653,0.6168550654,1.9745239517,3.068089972,1.0872384367,1.10357576,3.6600202032,1.503537558,1.8665857681,3.741887164
4/2/11,1.861455225,0.5934687309,0.529812879,2.7450365238,1.5888839442,0.6059747921,1.2521684153,2.14508012,0.8411024761,1.0536833355,3.1784498456,1.6861109354,3.0123911016,3.5203647995
4/9/11,1.613771334,0.6571245827,0.529812879,3.298842435,1.4675320514,0.638615612,2.2153091305,2.14508012,0.870059648,1.0536833355,4.8639460971,1.8078265202,3.0123911016,4.4064542574
4/16/11,1.421991745,0.9117479902,0.529812879,3.8526483462,1.5226920027,0.6168550654,1.4929535941,3.298842435,1.036563386,1.0536833355,2.4560943093,1.4426797656,2.6304559904,2.3019917948
4/23/11,1.338204589,0.529812879,0.529812879,1.6374247014,1.6992038469,0.6168550654,1.2521684153,1.683575194,0.862820355,1.0037909111,2.9376646668,1.0166752185,2.2485208793,3.1880812528
4/30/11,1.199952655,0.6571245827,2.7450365238,2.1912306126,2.7141469511,0.7147775252,1.4929535941,2.837337509,0.8917775268,0.9040060622,1.7337387729,1.2601063883,2.4394884349,2.6342753416
5/7/11,1.148885988,0.6571245827,1.6374247014,2.1912306126,1.9198436521,0.6168550654,2.696879488,2.14508012,0.8049060114,0.9040060622,3.6600202032,1.1383908034,1.8665857681,3.6311259817
5/14/11,1.121939541,1.7392740644,0.529812879,2.7450365238,1.2358602558,0.5842142455,1.4929535941,3.991099824,1.4202459127,1.1285219722,4.8639460971,1.3818219732,2.821423546,4.1849318929
5/21/11,1.0671236,0.6571245827,0.529812879,2.7450365238,2.4935071458,0.6168550654,1.0113832366,4.221852287,1.6301854084,0.9788446989,3.1784498456,0.8341018412,2.0575533237,4.9602601686
5/28/11,1.050584728,0.5934687309,0.529812879,1.0836187902,1.2358602558,0.6277353387,2.4560943093,3.298842435,1.7966891465,1.10357576,3.6600202032,1.3818219732,2.821423546,4.6279766219
6/4/11,1.152025575,0.975403842,0.529812879,2.1912306126,1.1476043337,0.5624536989,0.7705980578,2.375832583,1.5795103577,1.1784143966,1.2521684153,1.503537558,0.9117479902,4.2956930752
6/11/11,0.970975002,0.6571245827,1.6374247014,1.6374247014,1.3130841877,0.6603761587,1.7337387729,3.991099824,2.202089552,1.4777689432,3.1784498456,1.7469687278,1.6756182125,4.1849318929
6/18/11,0.894683261,0.7844362864,1.6374247014,6.067871991,1.2137962753,0.638615612,1.9745239517,3.529594898,2.5640541999,0.9538984867,3.1784498456,1.1992485958,2.6304559904,3.6311259817
6/25/11,0.843568301,0.5934687309,0.529812879,2.7450365238,1.4013401098,0.5842142455,1.9745239517,3.760347361,3.1287190505,1.10357576,3.1784498456,2.05125769,1.8665857681,2.1912306126
7/2/11,0.815409145,0.5934687309,0.529812879,2.1912306126,1.368244139,0.5515734256,1.2521684153,3.991099824,4.7575599658,1.1285219722,1.9745239517,1.3209641807,2.4394884349,2.6342753416
7/9/11,0.823052353,0.7207804346,2.7450365238,0.529812879,1.4123721,0.5950945188,1.4929535941,2.837337509,3.9105626899,1.3779840944,2.9376646668,1.077533011,2.2485208793,3.298842435
7/16/11,0.674634799,0.6571245827,0.529812879,1.0836187902,1.3461801585,0.6168550654,1.0113832366,5.375614602,5.561121484,2.1014242486,2.696879488,1.0166752185,2.4394884349,3.6311259817
7/23/11,0.631882795,0.5934687309,1.6374247014,2.7450365238,1.5006280221,0.6059747921,1.4929535941,3.529594898,6.067871991,1.8519621265,2.4560943093,1.9295421051,1.2936831013,2.4127529771
7/30/11,0.641512538,0.529812879,0.529812879,1.0836187902,1.5447559832,0.5515734256,1.7337387729,3.068089972,4.3376809743,1.5027151554,3.4192350244,1.4426797656,3.0123911016,2.0804694304
8/6/11,0.529812879,0.5934687309,1.6374247014,2.1912306126,1.8205557398,0.6168550654,3.1784498456,5.606367065,3.8526483462,1.4029303066,1.4929535941,1.503537558,3.3943262128,3.0773200705
8/13/11,0.644089346,0.5934687309,2.7450365238,2.7450365238,3.3319384058,0.5733339722,2.696879488,3.991099824,4.0698271349,1.4029303066,2.4560943093,1.6252531429,2.6304559904,1.9697082481
8/20/11,0.66771825,0.529812879,0.529812879,1.6374247014,1.7433318079,0.529812879,3.900805382,4.45260475,4.4897061264,1.7022848532,3.4192350244,0.9558174261,2.4394884349,2.9665588883
8/27/11,0.705668092,0.5934687309,2.7450365238,2.1912306126,1.6109479248,0.5515734256,2.9376646668,5.144862139,3.5920337998,1.7771234898,6.067871991,2.9032667841,3.776261324,2.3019917948
9/3/11,0.804155047,0.7207804346,2.7450365238,3.298842435,1.577851954,0.5406931523,1.0113832366,4.914109676,2.3903111689,2.0764780364,2.9376646668,1.1383908034,1.4846506569,2.4127529771
9/10/11,0.907803772,0.529812879,2.7450365238,0.529812879,2.2618353503,0.529812879,3.900805382,3.991099824,2.542336321,2.026585612,2.9376646668,1.7469687278,3.9672288796,2.1912306126
9/17/11,1.005550427,0.529812879,0.529812879,2.1912306126,2.0963554963,0.5842142455,4.8639460971,4.683357213,3.208351273,2.0764780364,3.900805382,2.1121154824,2.2485208793,2.9665588883
9/24/11,1.036011298,0.8480921383,1.6374247014,1.0836187902,1.3241161779,0.5842142455,4.8639460971,4.914109676,3.208351273,2.6751871296,3.6600202032,4.7290005573,2.4394884349,1.5266635192
10/1/11,1.07583254,0.529812879,2.7450365238,2.1912306126,1.5226920027,0.5515734256,6.067871991,4.221852287,2.8608652111,2.2261553097,2.9376646668,1.7469687278,3.3943262128,2.4127529771
10/8/11,1.160923985,0.529812879,0.529812879,1.6374247014,2.1073874866,0.5950945188,2.696879488,2.837337509,3.0925225857,2.4007787952,3.4192350244,1.503537558,2.0575533237,2.9665588883
10/15/11,1.197852415,0.5934687309,0.529812879,1.0836187902,1.4675320514,0.5624536989,2.696879488,4.221852287,2.7884722815,2.4506712196,3.1784498456,1.077533011,2.2485208793,3.298842435
10/22/11,1.279262601,0.529812879,1.6374247014,2.7450365238,1.4013401098,0.5842142455,2.4560943093,2.375832583,2.7667544027,1.7272310654,2.4560943093,1.5643953505,2.0575533237,3.0773200705
10/29/11,1.291938615,0.7207804346,1.6374247014,1.6374247014,2.2618353503,0.5624536989,3.1784498456,4.45260475,3.1070011716,1.802069702,2.696879488,1.6861109354,1.2936831013,3.0773200705
11/5/11,1.428244468,0.5934687309,2.7450365238,1.6374247014,2.5045391361,0.5624536989,2.696879488,3.529594898,2.7957115745,2.1263704608,4.1415905607,1.6252531429,2.0575533237,3.1880812528
11/12/11,1.398029384,0.529812879,1.6374247014,0.529812879,1.8536517106,0.5842142455,1.4929535941,3.529594898,2.1224573295,1.6523924287,2.696879488,1.1992485958,3.5852937684,3.298842435
11/19/11,1.458309829,0.529812879,0.529812879,0.529812879,2.2728673405,0.5733339722,2.696879488,1.914327657,2.3903111689,1.452822731,2.2153091305,2.05125769,1.6756182125,3.298842435
11/26/11,1.565478899,0.529812879,0.529812879,1.6374247014,1.4344360806,0.5515734256,2.696879488,1.683575194,1.8328856112,1.452822731,2.4560943093,1.1992485958,1.4846506569,3.0773200705
12/3/11,1.343134813,0.5934687309,4.9602601686,0.529812879,2.4383471945,0.5733339722,2.696879488,2.606585046,2.5712934928,1.3031454577,1.4929535941,1.2601063883,1.8665857681,4.1849318929
12/10/11,1.481386467,0.529812879,1.6374247014,1.0836187902,2.4273152042,0.5950945188,1.2521684153,2.14508012,1.9631928845,1.4278765188,3.900805382,1.2601063883,2.6304559904,4.0741707107
12/17/11,1.633984564,0.529812879,2.7450365238,0.529812879,2.3280272919,0.5515734256,2.4560943093,2.14508012,1.7822105605,1.2532530333,1.7337387729,2.1121154824,2.821423546,3.9634095284
12/24/11,1.831261781,0.529812879,3.8526483462,1.0836187902,3.1664585518,0.6168550654,2.9376646668,1.452822731,2.1152180366,1.3779840944,3.4192350244,1.6861109354,2.6304559904,4.4064542574
12/31/11,2.104505893,0.529812879,0.529812879,1.0836187902,2.3942192334,0.6059747921,1.4929535941,1.914327657,1.195827831,1.3031454577,3.900805382,1.503537558,3.5852937684,3.741887164
1/7/12,1.736249461,0.529812879,0.529812879,1.0836187902,1.202764285,0.5624536989,0.7705980578,1.452822731,1.0220848001,1.0536833355,0.7705980578,0.7123862563,1.6756182125,3.741887164
1/14/12,1.550664054,0.529812879,0.529812879,1.6374247014,1.4123721,0.5624536989,2.696879488,2.837337509,1.376810155,1.2033606088,1.7337387729,0.9558174261,1.8665857681,4.0741707107
1/21/12,1.628914741,0.5934687309,0.529812879,2.7450365238,1.8646837008,0.5950945188,0.7705980578,3.760347361,1.3333743972,0.9289522745,1.2521684153,2.1121154824,2.0575533237,3.6311259817
1/28/12,1.760384475,0.5934687309,0.529812879,1.0836187902,1.9088116619,0.5950945188,1.2521684153,3.298842435,1.376810155,1.0037909111,1.9745239517,1.3209641807,1.4846506569,2.4127529771
2/4/12,1.927281921,0.529812879,0.529812879,1.6374247014,2.2838993308,0.5842142455,1.4929535941,3.298842435,1.1813492451,0.9538984867,2.4560943093,1.4426797656,3.0123911016,3.741887164
2/11/12,1.919942436,0.529812879,1.6374247014,2.7450365238,2.0963554963,0.6277353387,1.0113832366,2.375832583,0.9134954057,1.0037909111,3.4192350244,1.3209641807,2.4394884349,3.6311259817
2/18/12,2.099511932,0.529812879,1.6374247014,2.1912306126,2.4493791848,0.5624536989,1.7337387729,0.760565342,1.036563386,1.0037909111,5.1047312759,1.4426797656,3.2033586572,4.0741707107
2/25/12,2.239733513,0.529812879,0.529812879,0.529812879,1.8867476813,0.5842142455,1.0113832366,1.452822731,1.1161956085,0.8291674256,2.696879488,2.3555466522,2.4394884349,3.298842435
3/3/12,2.219208332,0.529812879,0.529812879,1.6374247014,2.8134348634,0.5842142455,1.2521684153,1.683575194,1.0510419719,0.9538984867,4.1415905607,2.05125769,2.0575533237,4.1849318929
3/10/12,2.1669258,0.5934687309,1.6374247014,2.1912306126,2.5817630679,0.5842142455,1.2521684153,1.914327657,1.4202459127,1.10357576,3.6600202032,2.2946888597,3.776261324,2.5235141593
3/17/12,2.389134426,0.529812879,0.529812879,2.1912306126,3.0340746687,0.638615612,1.7337387729,1.452822731,0.9931276282,1.0536833355,2.4560943093,1.5643953505,2.6304559904,2.855797706
3/24/12,1.964661774,0.529812879,2.7450365238,1.6374247014,2.8465308342,0.5842142455,0.7705980578,0.991317805,1.1596313662,0.9040060622,3.900805382,1.503537558,2.0575533237,4.4064542574
3/31/12,1.842289327,0.529812879,1.6374247014,0.529812879,1.5888839442,0.6059747921,1.9745239517,2.606585046,1.3333743972,0.9788446989,2.4560943093,1.6861109354,1.6756182125,2.855797706
4/7/12,1.686738579,0.529812879,1.6374247014,2.1912306126,4.0710817534,0.5624536989,1.9745239517,2.14508012,1.3333743972,0.9040060622,1.7337387729,1.9903998975,1.4846506569,2.9665588883
4/14/12,1.531356691,0.529812879,1.6374247014,1.6374247014,3.4974182597,0.5733339722,1.9745239517,1.683575194,1.1885885381,1.10357576,1.9745239517,1.2601063883,2.4394884349,3.1880812528
4/21/12,1.379122383,0.529812879,1.6374247014,0.529812879,4.1593376755,0.5842142455,1.0113832366,1.683575194,1.7604926817,0.8042212134,2.2153091305,1.3818219732,2.821423546,3.0773200705
4/28/12,1.295145862,0.529812879,2.7450365238,1.0836187902,3.8063139871,0.5950945188,1.7337387729,3.760347361,1.4926388423,0.8291674256,2.696879488,5.3375784817,2.4394884349,2.7450365238
5/5/12,1.395206744,0.529812879,0.529812879,2.1912306126,4.1593376755,0.5842142455,1.2521684153,2.14508012,1.4564423775,0.87905985,5.5863016334,1.077533011,2.0575533237,3.4096036172
5/12/12,1.325217612,0.529812879,3.8526483462,1.6374247014,4.7881611205,0.6059747921,1.4929535941,2.837337509,1.9849107633,1.1285219722,5.1047312759,1.6252531429,1.4846506569,3.741887164
5/19/12,1.230589531,0.529812879,2.7450365238,2.1912306126,5.6376243707,0.5842142455,2.2153091305,3.529594898,1.203067124,1.2283068211,4.8639460971,1.9903998975,2.4394884349,3.9634095284
5/26/12,1.230279678,0.529812879,0.529812879,1.0836187902,6.067871991,0.5950945188,2.2153091305,3.298842435,1.4130066197,1.452822731,2.9376646668,1.2601063883,2.821423546,1.6374247014
6/2/12,1.268767813,0.529812879,0.529812879,1.6374247014,5.0418968965,0.5842142455,1.9745239517,2.375832583,1.3044172254,1.452822731,3.4192350244,2.1121154824,2.4394884349,2.1912306126
6/9/12,1.107816068,0.529812879,0.529812879,2.1912306126,5.8472321857,0.5950945188,1.7337387729,2.837337509,1.4347244986,1.2781992455,2.696879488,1.4426797656,2.6304559904,3.1880812528
6/16/12,1.095590381,0.529812879,0.529812879,1.0836187902,5.8031042247,0.5624536989,1.4929535941,1.914327657,1.6736211662,1.1285219722,3.900805382,0.8341018412,2.821423546,3.1880812528
6/23/12,1.110308286,0.529812879,1.6374247014,0.529812879,2.5376351069,0.6168550654,1.2521684153,3.529594898,1.5071174282,1.5027151554,1.7337387729,2.05125769,1.8665857681,2.1912306126
6/30/12,1.106161219,0.529812879,0.529812879,1.0836187902,4.8764170426,0.5515734256,1.0113832366,3.529594898,2.0500643999,1.452822731,2.696879488,1.503537558,1.8665857681,2.4127529771
7/7/12,1.108158905,0.5934687309,2.7450365238,3.298842435,4.600617286,0.5624536989,1.2521684153,3.991099824,1.6808604591,1.4029303066,1.9745239517,1.3818219732,3.5852937684,1.7481858836
7/14/12,0.999443977,0.529812879,1.6374247014,1.0836187902,4.5344253445,0.5950945188,1.7337387729,4.683357213,2.4409862196,1.2283068211,4.3823757395,0.7732440488,3.3943262128,2.6342753416
7/21/12,0.924198584,0.529812879,2.7450365238,0.529812879,5.648656361,0.5950945188,2.696879488,3.529594898,2.3106789464,1.5027151554,2.696879488,1.7469687278,2.821423546,2.5235141593
7/28/12,0.949256676,0.529812879,0.529812879,1.6374247014,5.4942084973,0.5515734256,2.696879488,2.837337509,2.3541147041,1.0786295478,2.9376646668,1.6861109354,2.821423546,2.6342753416
8/4/12,0.978902812,0.529812879,1.6374247014,1.0836187902,4.8212570913,0.5406931523,1.7337387729,3.298842435,2.3179182393,1.4777689432,2.2153091305,1.3818219732,3.776261324,2.6342753416
8/11/12,0.925024122,0.529812879,0.529812879,2.7450365238,5.2956326726,0.5406931523,4.1415905607,3.298842435,2.2238074309,1.5276613676,2.9376646668,1.4426797656,2.2485208793,2.855797706
8/18/12,0.848455695,0.529812879,1.6374247014,2.1912306126,4.1593376755,0.5624536989,1.7337387729,2.837337509,2.2238074309,1.452822731,2.2153091305,1.1383908034,2.821423546,2.6342753416
8/25/12,1.04450505,0.529812879,1.6374247014,1.0836187902,4.9977689355,0.5842142455,3.6600202032,4.45260475,1.6953390451,2.2261553097,4.1415905607,1.8078265202,4.5401315463,2.6342753416
9/1/12,1.098599787,0.529812879,0.529812879,1.0836187902,5.0308649063,0.5624536989,2.4560943093,4.914109676,1.5143567211,1.7272310654,3.900805382,1.6252531429,2.6304559904,2.0804694304
9/8/12,1.220708068,0.529812879,0.529812879,2.1912306126,4.3689454905,0.5406931523,2.2153091305,2.375832583,1.2465028817,1.3031454577,3.4192350244,1.077533011,4.1581964351,3.298842435
9/15/12,1.249762568,0.529812879,6.067871991,4.9602601686,5.3728566044,0.5733339722,2.4560943093,5.144862139,1.6446639944,1.5276613676,4.3823757395,1.5643953505,5.1130342131,1.8589470659
9/22/12,1.228922639,0.6571245827,2.7450365238,2.1912306126,4.4572014126,0.5624536989,1.2521684153,2.606585046,1.7677319746,1.7272310654,5.3455164547,1.503537558,5.4949693242,2.855797706
9/29/12,1.293932615,0.529812879,2.7450365238,1.6374247014,3.6628981137,0.5515734256,1.7337387729,3.991099824,1.6808604591,1.4029303066,2.696879488,1.8686843127,2.821423546,1.7481858836
10/6/12,1.21996022,0.5934687309,0.529812879,2.7450365238,4.9095130134,0.5624536989,3.1784498456,3.298842435,1.6084675296,1.5027151554,4.8639460971,2.1121154824,3.3943262128,2.4127529771
10/13/12,1.348685492,0.529812879,1.6374247014,2.1912306126,4.0490177729,0.5406931523,2.696879488,2.837337509,1.0582812649,1.6773386409,2.696879488,1.4426797656,1.6756182125,2.3019917948
10/20/12,1.336771111,0.529812879,0.529812879,1.6374247014,3.2878104447,0.5842142455,2.2153091305,3.529594898,1.376810155,1.6523924287,3.1784498456,1.8078265202,2.821423546,3.298842435
10/27/12,1.3785206,0.529812879,0.529812879,2.1912306126,2.625891029,0.5515734256,2.2153091305,1.914327657,1.203067124,1.5276613676,1.7337387729,1.7469687278,3.0123911016,1.9697082481
11/3/12,1.485185747,0.529812879,0.529812879,1.6374247014,2.2287393795,0.5515734256,1.0113832366,1.683575194,1.2392635888,1.2781992455,1.7337387729,1.0166752185,3.776261324,2.0804694304
11/10/12,1.650421507,0.529812879,1.6374247014,1.0836187902,2.9127227758,0.5406931523,1.2521684153,1.914327657,1.2175457099,1.10357576,3.1784498456,1.9295421051,2.6304559904,2.7450365238
11/17/12,1.767753206,0.529812879,0.529812879,1.0836187902,2.7472429219,0.5842142455,1.7337387729,1.222070268,1.0582812649,1.452822731,4.3823757395,1.3209641807,2.0575533237,2.855797706
11/24/12,2.307275962,0.529812879,1.6374247014,0.529812879,2.5266031166,0.5950945188,1.0113832366,1.452822731,1.1379134874,1.1285219722,3.1784498456,1.1383908034,1.6756182125,3.0773200705
12/1/12,2.159379784,0.529812879,1.6374247014,1.0836187902,3.3650343766,0.5515734256,3.6600202032,3.760347361,1.9052785408,1.5276613676,3.1784498456,1.6861109354,1.8665857681,4.4064542574
12/8/12,2.841486652,0.529812879,0.529812879,0.529812879,3.5967061721,0.5624536989,1.9745239517,1.452822731,1.376810155,1.1534681844,1.0113832366,1.6252531429,2.6304559904,4.4064542574
12/15/12,3.42648806,0.529812879,2.7450365238,0.529812879,3.1002666103,0.5733339722,2.2153091305,0.991317805,1.1596313662,0.87905985,1.4929535941,1.2601063883,3.9672288796,3.1880812528
12/22/12,4.315073659,0.529812879,0.529812879,0.529812879,2.7031149608,0.6168550654,2.9376646668,2.375832583,1.3840494479,0.9788446989,5.3455164547,1.6861109354,1.6756182125,3.6311259817
12/29/12,6.067871991,0.529812879,0.529812879,1.6374247014,2.3169953016,0.6059747921,1.2521684153,1.452822731,0.9062561128,0.9040060622,1.4929535941,1.1992485958,1.8665857681,4.0741707107
1/5/13,4.649618948,0.529812879,0.529812879,0.529812879,0.9269645285,0.5406931523,1.2521684153,2.375832583,0.7542309607,0.7543287889,0.529812879,0.9558174261,0.9117479902,3.4096036172
1/12/13,4.32782712,0.529812879,1.6374247014,0.529812879,1.5116600124,0.5624536989,1.0113832366,1.452822731,0.9858883353,0.9289522745,2.2153091305,1.1383908034,1.2936831013,4.2956930752
1/19/13,4.509200615,0.7844362864,0.529812879,0.529812879,1.7653957885,0.5950945188,1.2521684153,3.529594898,0.7687095466,1.0037909111,1.4929535941,1.0166752185,1.4846506569,3.0773200705
1/26/13,4.215187505,0.6571245827,0.529812879,1.6374247014,2.0301635548,0.6059747921,1.4929535941,2.606585046,0.7325130818,0.7543287889,1.9745239517,1.503537558,1.2936831013,4.1849318929
2/2/13,3.787321316,0.7207804346,1.6374247014,1.0836187902,1.9088116619,0.6277353387,1.4929535941,3.529594898,0.7687095466,1.0536833355,4.6231609183,1.6252531429,3.5852937684,6.067871991
2/9/13,3.256436636,0.529812879,2.7450365238,0.529812879,2.3611232626,0.5733339722,0.529812879,0.529812879,0.7180344959,0.529812879,5.8270868122,1.8686843127,3.3943262128,4.6279766219
2/16/13,3.021357684,0.529812879,1.6374247014,0.529812879,2.2397713698,0.6059747921,1.4929535941,2.14508012,0.8338631832,1.2033606088,3.4192350244,1.3818219732,3.2033586572,4.1849318929
2/23/13,2.713774695,0.529812879,0.529812879,0.529812879,1.9639716132,0.6059747921,1.7337387729,1.914327657,0.8193845973,1.10357576,3.1784498456,2.2338310673,1.6756182125,5.624827262
3/2/13,2.483931256,0.529812879,0.529812879,1.6374247014,1.9860355937,0.6059747921,1.0113832366,1.914327657,0.9569311635,1.0786295478,2.696879488,1.4426797656,3.3943262128,3.741887164
3/9/13,2.520284395,0.5934687309,3.8526483462,0.529812879,1.8757156911,0.5624536989,0.7705980578,1.914327657,0.696316617,0.9538984867,2.2153091305,0.8949596336,3.3943262128,4.4064542574
3/16/13,2.393377013,0.5934687309,1.6374247014,1.6374247014,1.3241161779,0.5842142455,1.7337387729,0.991317805,0.6601201522,0.9289522745,1.7337387729,0.7732440488,1.1027155458,1.5266635192
3/23/13,2.067200787,0.5934687309,0.529812879,1.0836187902,1.9088116619,0.6277353387,1.9745239517,1.452822731,0.7397523747,0.7792750012,1.7337387729,1.6252531429,2.2485208793,3.5203647995
3/30/13,1.903014557,0.7207804346,1.6374247014,0.529812879,1.9308756424,0.6168550654,1.0113832366,2.14508012,0.7759488395,1.0536833355,3.900805382,1.3818219732,5.6859368798,3.4096036172
4/6/13,1.658530184,0.5934687309,0.529812879,3.8526483462,2.0632595255,0.6168550654,1.9745239517,3.298842435,0.8772989409,0.87905985,1.9745239517,1.7469687278,4.1581964351,2.855797706
4/13/13,1.433267141,0.5934687309,0.529812879,1.0836187902,2.7031149608,0.5950945188,1.7337387729,1.914327657,0.9279739916,0.7543287889,3.6600202032,1.503537558,1.8665857681,4.5172154396
4/20/13,1.276244446,0.529812879,1.6374247014,1.0836187902,1.7212678274,0.6603761587,1.0113832366,2.375832583,0.8555810621,0.7543287889,3.900805382,1.6861109354,3.5852937684,4.2956930752
4/27/13,1.194965053,0.5934687309,0.529812879,1.6374247014,2.4383471945,0.6059747921,1.7337387729,1.683575194,0.9207346987,0.8541136378,1.9745239517,1.5643953505,2.0575533237,3.9634095284
5/4/13,1.090591736,0.529812879,0.529812879,1.6374247014,2.1404834574,0.5733339722,1.2521684153,3.068089972,1.1596313662,0.8291674256,2.9376646668,1.5643953505,2.0575533237,3.741887164
5/11/13,1.06723823,0.529812879,2.7450365238,1.6374247014,2.7913708829,0.5842142455,1.0113832366,2.606585046,1.0148455071,0.9538984867,2.9376646668,2.3555466522,3.2033586572,4.1849318929
5/18/13,1.071880715,0.7844362864,0.529812879,1.0836187902,2.5045391361,0.5733339722,1.4929535941,2.837337509,1.0438026789,1.1534681844,3.4192350244,1.1992485958,3.5852937684,5.2925437153
5/25/13,1.000946551,0.5934687309,2.7450365238,1.6374247014,2.5596990874,0.5733339722,1.2521684153,3.068089972,0.9714097494,1.1285219722,2.4560943093,1.9295421051,2.2485208793,2.7450365238
6/1/13,1.048277179,0.7844362864,3.8526483462,3.298842435,2.1404834574,0.5515734256,1.7337387729,2.837337509,1.0655205578,1.2781992455,2.696879488,1.4426797656,3.776261324,3.1880812528
6/8/13,0.922107504,0.9117479902,0.529812879,3.298842435,2.6369230192,0.529812879,2.4560943093,2.14508012,1.4130066197,1.802069702,3.6600202032,2.5989778219,3.776261324,4.5172154396
6/15/13,0.917114342,0.529812879,2.7450365238,1.0836187902,2.0742915158,0.5515734256,1.4929535941,1.914327657,1.5071174282,1.6523924287,2.9376646668,1.3818219732,2.4394884349,2.0804694304
6/22/13,0.903683232,0.6571245827,0.529812879,0.529812879,2.1735794282,0.5842142455,1.7337387729,3.529594898,2.0283465211,2.7749719785,1.9745239517,1.3818219732,5.1130342131,3.1880812528
6/29/13,0.829953893,0.529812879,1.6374247014,3.298842435,1.7433318079,0.5515734256,1.4929535941,2.375832583,2.4844219774,3.1491651617,2.696879488,1.1992485958,2.6304559904,4.6279766219
7/6/13,0.867897309,0.5934687309,2.7450365238,1.0836187902,2.4935071458,0.5406931523,1.4929535941,2.606585046,2.4482255126,2.5005636441,2.696879488,1.6861109354,1.6756182125,2.3019917948
7/13/13,0.740747271,0.529812879,2.7450365238,2.1912306126,2.8685948147,0.5733339722,2.696879488,4.45260475,3.8164518814,2.5754022807,3.1784498456,1.8078265202,1.8665857681,3.298842435
7/20/13,0.735502996,0.6571245827,1.6374247014,3.298842435,2.9347867563,0.6059747921,3.6600202032,4.914109676,3.722341073,3.4485197083,4.3823757395,1.1992485958,1.8665857681,2.855797706
7/27/13,0.740396937,0.6571245827,1.6374247014,2.7450365238,3.1885225324,0.5406931523,2.696879488,4.45260475,4.4752275405,3.7229280427,2.9376646668,1.4426797656,3.2033586572,2.9665588883
8/3/13,0.727839761,0.529812879,2.7450365238,0.529812879,3.08923462,0.5515734256,3.1784498456,4.914109676,4.2652880447,1.9268007631,3.4192350244,1.6252531429,3.3943262128,2.1912306126
8/10/13,0.758596287,0.529812879,2.7450365238,2.1912306126,2.9016907855,0.5515734256,3.4192350244,2.375832583,3.8309304673,1.5027151554,3.900805382,1.5643953505,1.4846506569,2.9665588883
8/17/13,0.762157699,0.5934687309,0.529812879,0.529812879,3.8945699092,0.5842142455,3.4192350244,2.14508012,3.2373084449,2.2012090975,3.900805382,1.7469687278,4.1581964351,3.6311259817
8/24/13,0.777223439,0.529812879,2.7450365238,1.6374247014,1.9860355937,0.5624536989,2.9376646668,3.298842435,3.0780439998,2.1263704608,2.9376646668,0.8341018412,1.1027155458,1.4159023369
8/31/13,0.898546391,0.529812879,2.7450365238,1.0836187902,2.0522275353,0.5624536989,2.4560943093,1.914327657,2.6292078365,1.8519621265,2.696879488,0.529812879,3.3943262128,3.0773200705
9/7/13,1.006573641,0.529812879,1.6374247014,2.7450365238,2.0522275353,0.5842142455,1.7337387729,6.067871991,2.0862608647,1.7521772776,3.1784498456,1.1992485958,1.6756182125,3.0773200705
9/14/13,1.055493415,0.6571245827,4.9602601686,1.0836187902,1.9860355937,0.5733339722,2.9376646668,3.529594898,2.1948502591,1.5526075799,3.900805382,1.5643953505,1.8665857681,1.8589470659
9/21/13,1.096697795,0.5934687309,0.529812879,1.6374247014,1.83158773,0.5515734256,2.696879488,1.683575194,1.8256463183,1.2283068211,3.900805382,1.0166752185,3.3943262128,2.4127529771
9/28/13,1.247089973,0.529812879,2.7450365238,1.6374247014,2.7913708829,0.5515734256,2.9376646668,3.298842435,1.369570862,1.4278765188,4.8639460971,1.7469687278,5.6859368798,2.4127529771
10/5/13,1.164178307,0.529812879,0.529812879,1.6374247014,2.6920829705,0.5733339722,3.6600202032,3.068089972,2.8536259182,1.8270159142,4.8639460971,2.1121154824,3.9672288796,4.5172154396
10/12/13,1.282076117,0.529812879,0.529812879,1.6374247014,2.1294514671,0.5624536989,2.696879488,1.452822731,1.7894498535,1.7022848532,5.5863016334,1.1992485958,2.0575533237,3.298842435
10/19/13,1.32761253,0.529812879,1.6374247014,2.1912306126,2.1404834574,0.5515734256,2.696879488,3.068089972,1.5867496507,1.3530378821,3.6600202032,1.3818219732,1.6756182125,3.6311259817
10/26/13,1.382291314,0.529812879,1.6374247014,1.0836187902,3.4643222889,0.5733339722,1.9745239517,2.606585046,2.0500643999,1.3530378821,4.3823757395,1.6252531429,2.821423546,2.855797706
11/2/13,1.487902955,0.529812879,4.9602601686,1.6374247014,3.0009786979,0.5515734256,4.6231609183,2.837337509,2.3251575323,1.9268007631,4.6231609183,1.4426797656,3.0123911016,2.9665588883
11/9/13,1.607803913,0.5934687309,0.529812879,2.7450365238,3.0671706395,0.6277353387,2.2153091305,4.683357213,1.3333743972,1.2033606088,2.696879488,1.1992485958,3.5852937684,2.3019917948
11/16/13,1.635847281,0.529812879,1.6374247014,1.6374247014,2.8244668537,0.638615612,2.9376646668,2.14508012,1.5577924789,1.1534681844,1.9745239517,1.6252531429,2.2485208793,2.5235141593
11/23/13,1.738535047,0.5934687309,1.6374247014,1.6374247014,1.9639716132,0.5842142455,1.2521684153,1.683575194,1.6446639944,0.9788446989,2.2153091305,1.0166752185,2.0575533237,1.9697082481
11/30/13,2.086402099,0.529812879,0.529812879,2.1912306126,2.879626805,0.5406931523,1.2521684153,1.914327657,1.1017170226,1.0536833355,2.4560943093,1.7469687278,5.4949693242,2.1912306126
12/7/13,2.176925321,0.529812879,1.6374247014,0.529812879,3.4863862695,0.5624536989,5.3455164547,3.298842435,1.2465028817,1.6773386409,3.4192350244,1.9295421051,4.7310991019,4.7387378041
12/14/13,2.378964896,0.529812879,0.529812879,1.0836187902,3.6077381624,0.5515734256,0.7705980578,2.14508012,1.3116565183,1.3530378821,2.4560943093,1.6252531429,3.5852937684,3.9634095284
12/21/13,3.257819949,0.5934687309,1.6374247014,0.529812879,3.7511540358,0.5624536989,3.1784498456,3.068089972,1.0220848001,1.5027151554,2.4560943093,2.05125769,3.776261324,5.0710213508
12/28/13,4.658705027,0.529812879,1.6374247014,1.6374247014,1.9308756424,0.5733339722,2.2153091305,1.452822731,0.9207346987,1.0287371233,2.4560943093,1.1992485958,3.2033586572,2.9665588883
1/4/14,4.357799752,0.5934687309,0.529812879,0.529812879,0.5518768595,0.638615612,1.2521684153,2.606585046,0.5660093438,4.7457227435,1.9745239517,0.8341018412,0.7207804346,3.0773200705
