"Hepatitis_A","Hepatitis_B","Hepatitis_C","Viral_hepatitis","World_Hepatitis_Day","Jaundice","Hepatitis","Picornavirales","Hepatocellular_carcinoma","Hepatitis_C_virus"
"1952.0","3922.0","4773.0","283.0","30.0","4523.0","3283.0","13.0","696.0","221.0"
"2148.0","4064.0","4856.0","316.0","36.0","4574.0","3527.0","16.0","729.0","253.0"
"2927.0","5435.0","6258.0","443.0","48.0","5188.0","4354.0","16.0","962.0","283.0"
"3066.0","5682.0","6766.0","435.0","35.0","5515.0","4638.0","16.0","1084.0","390.0"
"3017.0","5876.0","7062.0","418.0","43.0","5002.0","4703.0","14.0","999.0","287.0"
"2747.0","5517.0","6293.0","372.0","33.0","4891.0","4081.0","14.0","929.0","282.0"
"2546.0","4565.0","5369.0","347.0","34.0","4189.0","3584.0","9.0","810.0","246.0"
"1788.0","3294.0","4612.0","286.0","30.0","3587.0","2829.0","16.0","602.0","195.0"
"1660.0","3209.0","4152.0","279.0","30.0","3651.0","2734.0","15.0","687.0","181.0"
"2453.0","4742.0","5660.0","339.0","34.0","4742.0","3586.0","10.0","919.0","240.0"
"2576.0","4719.0","5979.0","355.0","39.0","4649.0","3781.0","8.0","818.0","235.0"
"2416.0","4682.0","6007.0","299.0","39.0","4374.0","3614.0","7.0","864.0","270.0"
"2137.0","4254.0","5439.0","327.0","34.0","4066.0","3632.0","11.0","791.0","226.0"
"1518.0","3051.0","3781.0","229.0","21.0","3163.0","2468.0","6.0","468.0","143.0"
"1152.0","2290.0","3194.0","164.0","23.0","2705.0","1966.0","7.0","362.0","160.0"
"1498.0","2721.0","3777.0","223.0","24.0","3277.0","2481.0","10.0","477.0","159.0"
"1801.0","3482.0","4809.0","295.0","26.0","3731.0","3003.0","5.0","662.0","168.0"
"1987.0","3901.0","5113.0","310.0","45.0","4110.0","3441.0","10.0","688.0","220.0"
"2465.0","4316.0","5862.0","304.0","34.0","4374.0","3756.0","9.0","772.0","190.0"
"2285.0","4111.0","5382.0","300.0","29.0","3991.0","3311.0","10.0","719.0","183.0"
"1714.0","3161.0","4337.0","277.0","26.0","3657.0","2627.0","7.0","615.0","152.0"
"1386.0","2512.0","3442.0","214.0","26.0","3131.0","2400.0","2.0","453.0","108.0"
"1706.0","3246.0","4434.0","313.0","25.0","4046.0","2876.0","6.0","510.0","143.0"
"2585.0","4363.0","5713.0","328.0","33.0","4815.0","3670.0","8.0","754.0","199.0"
"6508.0","5951.0","7113.0","423.0","46.0","5570.0","4594.0","7.0","803.0","250.0"
"5118.0","5980.0","7260.0","433.0","41.0","5381.0","4867.0","11.0","894.0","279.0"
"4153.0","6061.0","7814.0","415.0","43.0","5664.0","4964.0","14.0","947.0","303.0"
"3514.0","5572.0","6835.0","421.0","36.0","5207.0","4378.0","9.0","925.0","277.0"
"2233.0","3990.0","4916.0","290.0","30.0","4152.0","3201.0","12.0","689.0","209.0"
"2105.0","3952.0","4957.0","313.0","21.0","4634.0","3319.0","15.0","665.0","177.0"
"2965.0","5460.0","7201.0","422.0","48.0","5608.0","4328.0","5.0","951.0","276.0"
"3284.0","5995.0","7805.0","459.0","55.0","5968.0","4635.0","15.0","1099.0","286.0"
"3064.0","5382.0","6792.0","401.0","34.0","5561.0","4478.0","16.0","1065.0","300.0"
"3305.0","6032.0","7141.0","404.0","39.0","5968.0","4515.0","15.0","1030.0","331.0"
"3860.0","5539.0","7047.0","392.0","56.0","5493.0","4429.0","10.0","890.0","306.0"
"2399.0","3797.0","4999.0","296.0","45.0","4506.0","3284.0","8.0","649.0","188.0"
"2233.0","4158.0","5368.0","286.0","42.0","4749.0","3427.0","18.0","768.0","241.0"
"3031.0","5579.0","8091.0","353.0","58.0","5416.0","4368.0","17.0","978.0","322.0"
"3599.0","6648.0","9684.0","531.0","59.0","6001.0","5073.0","14.0","1069.0","340.0"
"3687.0","6913.0","9139.0","430.0","60.0","6073.0","5164.0","15.0","1173.0","345.0"
"3372.0","7716.0","9496.0","446.0","58.0","5888.0","4987.0","19.0","1207.0","327.0"
"3059.0","6943.0","7978.0","315.0","55.0","5050.0","4229.0","15.0","945.0","317.0"
"2262.0","4744.0","5898.0","288.0","29.0","4238.0","3657.0","16.0","730.0","229.0"
"2325.0","4553.0","5382.0","312.0","33.0","4687.0","3506.0","18.0","760.0","249.0"
"3064.0","5975.0","7071.0","446.0","65.0","5472.0","4582.0","20.0","983.0","313.0"
"3141.0","5879.0","6814.0","429.0","47.0","4818.0","4108.0","10.0","1046.0","320.0"
"3734.0","6150.0","6964.0","398.0","49.0","5293.0","4472.0","22.0","1093.0","355.0"
"3839.0","6953.0","7855.0","446.0","66.0","4751.0","3902.0","22.0","941.0","318.0"
"2931.0","6104.0","7145.0","400.0","41.0","4041.0","3644.0","11.0","937.0","322.0"
"2081.0","4245.0","5015.0","312.0","30.0","3449.0","2747.0","20.0","616.0","196.0"
"1942.0","3821.0","4819.0","321.0","35.0","3691.0","2840.0","10.0","569.0","221.0"
"3027.0","5893.0","6724.0","417.0","66.0","4700.0","4102.0","14.0","947.0","315.0"
"3082.0","5703.0","6615.0","420.0","52.0","4639.0","4493.0","23.0","1030.0","294.0"
"2849.0","5390.0","6313.0","374.0","44.0","4390.0","4209.0","23.0","894.0","317.0"
"2957.0","5657.0","6613.0","389.0","57.0","4343.0","4119.0","17.0","887.0","317.0"
"2777.0","5394.0","6460.0","410.0","45.0","3993.0","3769.0","22.0","927.0","269.0"
"1859.0","3517.0","4427.0","279.0","45.0","3263.0","2759.0","8.0","553.0","198.0"
"1877.0","3793.0","4668.0","306.0","34.0","3658.0","3035.0","13.0","618.0","212.0"
"2869.0","4960.0","5920.0","391.0","63.0","4572.0","3869.0","14.0","867.0","302.0"
"3725.0","5314.0","6440.0","467.0","70.0","4460.0","4438.0","22.0","959.0","307.0"
"3432.0","5194.0","6425.0","427.0","60.0","4516.0","4284.0","21.0","930.0","350.0"
"3110.0","4901.0","6922.0","400.0","52.0","4400.0","4147.0","19.0","1023.0","273.0"
"2412.0","4400.0","6027.0","415.0","44.0","3897.0","3694.0","15.0","841.0","312.0"
"1906.0","3256.0","4762.0","351.0","33.0","3329.0","2982.0","9.0","680.0","197.0"
"1906.0","3231.0","4818.0","286.0","40.0","3748.0","2923.0","11.0","615.0","216.0"
"2524.0","4694.0","6415.0","398.0","54.0","4557.0","3798.0","22.0","955.0","312.0"
"2693.0","4790.0","6393.0","437.0","53.0","4592.0","4048.0","13.0","979.0","308.0"
"2820.0","5314.0","6509.0","508.0","99.0","4804.0","4163.0","16.0","1097.0","370.0"
"2872.0","5121.0","6900.0","445.0","64.0","4954.0","3960.0","12.0","1000.0","317.0"
"2330.0","4470.0","6129.0","386.0","48.0","4317.0","3506.0","12.0","943.0","316.0"
"1930.0","3366.0","4791.0","308.0","41.0","3488.0","2847.0","11.0","620.0","193.0"
"1864.0","3397.0","4728.0","339.0","37.0","3966.0","3043.0","7.0","637.0","297.0"
"2658.0","4833.0","6073.0","464.0","77.0","5037.0","3881.0","6.0","930.0","356.0"
"2820.0","5110.0","6433.0","412.0","64.0","4849.0","4035.0","16.0","978.0","332.0"
"2842.0","5079.0","6045.0","406.0","51.0","4770.0","4021.0","15.0","915.0","326.0"
"2880.0","5187.0","6965.0","413.0","70.0","4780.0","4235.0","14.0","993.0","384.0"
"2434.0","4358.0","6489.0","323.0","41.0","4315.0","3597.0","12.0","947.0","280.0"
"1689.0","3339.0","4546.0","338.0","31.0","3990.0","2943.0","18.0","676.0","206.0"
"1938.0","3643.0","4874.0","289.0","39.0","4382.0","3221.0","16.0","689.0","233.0"
"2776.0","5016.0","6524.0","454.0","52.0","4748.0","4769.0","19.0","927.0","335.0"
"2865.0","5292.0","6606.0","486.0","68.0","4654.0","4462.0","12.0","998.0","366.0"
"2885.0","5451.0","6845.0","405.0","43.0","4996.0","4357.0","13.0","1048.0","426.0"
"2690.0","5372.0","6651.0","484.0","49.0","4583.0","4175.0","9.0","997.0","364.0"
"2510.0","4887.0","6445.0","382.0","45.0","4140.0","3649.0","13.0","925.0","364.0"
"1799.0","3325.0","4581.0","273.0","29.0","3391.0","2900.0","11.0","566.0","208.0"
"1884.0","3499.0","4693.0","360.0","41.0","3905.0","2989.0","13.0","601.0","297.0"
"2841.0","5113.0","6377.0","459.0","73.0","4936.0","4044.0","8.0","964.0","392.0"
"2893.0","5125.0","6421.0","434.0","78.0","4556.0","4193.0","13.0","931.0","395.0"
"3005.0","5502.0","6709.0","478.0","71.0","4620.0","4095.0","16.0","1038.0","337.0"
"2812.0","5331.0","7195.0","492.0","56.0","4923.0","4123.0","14.0","1042.0","404.0"
"2306.0","4473.0","6216.0","344.0","52.0","4075.0","3593.0","9.0","844.0","312.0"
"1654.0","3044.0","4362.0","307.0","57.0","3348.0","2684.0","7.0","587.0","210.0"
"1847.0","3478.0","4734.0","319.0","39.0","3745.0","2836.0","12.0","690.0","200.0"
"2687.0","4803.0","6205.0","404.0","57.0","4767.0","3924.0","17.0","907.0","365.0"
"2750.0","5154.0","6371.0","434.0","61.0","5325.0","4052.0","22.0","1020.0","343.0"
"2845.0","5050.0","6629.0","467.0","64.0","5059.0","4161.0","10.0","1077.0","326.0"
"3090.0","4859.0","6837.0","425.0","66.0","4671.0","3945.0","14.0","883.0","314.0"
"2508.0","4398.0","6537.0","401.0","56.0","3870.0","3337.0","10.0","842.0","310.0"
"1802.0","3303.0","4692.0","325.0","33.0","3505.0","2613.0","6.0","615.0","230.0"
"1789.0","3113.0","4336.0","307.0","41.0","3555.0","2620.0","5.0","656.0","245.0"
"2873.0","4905.0","6418.0","430.0","60.0","4676.0","3880.0","6.0","955.0","341.0"
"3088.0","5115.0","6642.0","472.0","52.0","4854.0","4130.0","13.0","1018.0","339.0"
"3049.0","5340.0","6587.0","480.0","86.0","5010.0","4225.0","7.0","983.0","426.0"
"2644.0","5010.0","8001.0","485.0","76.0","4910.0","4090.0","4.0","1022.0","381.0"
"2456.0","4405.0","9884.0","403.0","66.0","4032.0","3451.0","8.0","886.0","321.0"
"1707.0","3197.0","4999.0","289.0","43.0","3473.0","2767.0","8.0","610.0","244.0"
"1776.0","3294.0","4954.0","341.0","45.0","3854.0","2848.0","11.0","595.0","270.0"
"2742.0","5246.0","6435.0","441.0","51.0","5046.0","4150.0","13.0","944.0","359.0"
"2824.0","5117.0","6975.0","473.0","58.0","4787.0","4053.0","9.0","1032.0","344.0"
"2833.0","5393.0","7261.0","465.0","67.0","4579.0","4180.0","25.0","985.0","349.0"
"2994.0","5661.0","8673.0","452.0","67.0","4640.0","4112.0","13.0","911.0","382.0"
"2532.0","4554.0","7123.0","365.0","63.0","3907.0","3448.0","29.0","849.0","343.0"
"1567.0","3047.0","4533.0","297.0","40.0","3387.0","2604.0","8.0","615.0","207.0"
"1725.0","3483.0","5195.0","276.0","36.0","4070.0","2812.0","7.0","688.0","256.0"
"2753.0","5143.0","7580.0","452.0","60.0","5284.0","4203.0","13.0","905.0","361.0"
"2962.0","5707.0","8185.0","457.0","67.0","4879.0","4259.0","13.0","1052.0","395.0"
"2768.0","5405.0","6819.0","425.0","79.0","4638.0","3930.0","4.0","1082.0","367.0"
"2822.0","6481.0","7545.0","421.0","102.0","4924.0","4258.0","7.0","1091.0","346.0"
"2810.0","10895.0","7090.0","401.0","92.0","4351.0","4282.0","8.0","966.0","375.0"
"1732.0","6863.0","4763.0","324.0","61.0","3398.0","2626.0","5.0","654.0","242.0"
"1764.0","4417.0","4939.0","300.0","41.0","4335.0","2811.0","12.0","691.0","272.0"
"2829.0","5985.0","7723.0","491.0","71.0","5296.0","4120.0","15.0","1082.0","450.0"
"2979.0","5804.0","7032.0","409.0","59.0","4847.0","4195.0","10.0","1044.0","380.0"
"2958.0","5457.0","6782.0","440.0","66.0","4877.0","4168.0","7.0","1039.0","356.0"
"29373.0","5661.0","6942.0","523.0","58.0","4853.0","4027.0","13.0","1065.0","455.0"
"2414.0","4776.0","6181.0","403.0","54.0","4292.0","3436.0","10.0","868.0","372.0"
"1818.0","3585.0","5627.0","303.0","47.0","3557.0","2931.0","12.0","634.0","233.0"
"1766.0","3456.0","4838.0","298.0","40.0","3798.0","2819.0","7.0","662.0","275.0"
"2765.0","5248.0","6570.0","440.0","81.0","4755.0","3965.0","16.0","981.0","390.0"
"2764.0","5415.0","6475.0","412.0","121.0","4538.0","3971.0","6.0","1067.0","395.0"
"2857.0","5228.0","6361.0","396.0","68.0","5142.0","3944.0","14.0","1016.0","400.0"
"2529.0","4824.0","6892.0","377.0","68.0","4447.0","3618.0","14.0","945.0","332.0"
"2078.0","3869.0","6089.0","337.0","62.0","3744.0","3083.0","8.0","763.0","296.0"
"1554.0","3191.0","5005.0","268.0","32.0","3515.0","2582.0","7.0","609.0","220.0"
"1473.0","2939.0","4671.0","246.0","45.0","3522.0","2526.0","13.0","545.0","258.0"
"2506.0","4529.0","7605.0","363.0","58.0","4472.0","3701.0","9.0","847.0","340.0"
"5614.0","5752.0","7089.0","449.0","79.0","4974.0","4598.0","8.0","973.0","461.0"
"3019.0","5317.0","6788.0","356.0","70.0","4767.0","4041.0","14.0","924.0","395.0"
"2962.0","5485.0","7138.0","460.0","77.0","4802.0","4344.0","12.0","971.0","367.0"
"2159.0","4249.0","5573.0","325.0","65.0","4276.0","3216.0","15.0","770.0","339.0"
"1680.0","3109.0","4129.0","270.0","58.0","3368.0","2490.0","15.0","616.0","274.0"
"1769.0","3384.0","4374.0","308.0","42.0","3710.0","2655.0","14.0","648.0","289.0"
"2460.0","5327.0","5817.0","417.0","69.0","4412.0","3580.0","18.0","921.0","343.0"
"2779.0","5592.0","6793.0","407.0","85.0","4889.0","4095.0","12.0","972.0","367.0"
"2868.0","5730.0","6534.0","416.0","83.0","4767.0","3994.0","12.0","1004.0","344.0"
"2660.0","5560.0","6462.0","477.0","80.0","4621.0","3972.0","27.0","976.0","378.0"
"2528.0","5012.0","6101.0","383.0","71.0","4350.0","3669.0","8.0","986.0","324.0"
"1741.0","3472.0","4822.0","337.0","44.0","3589.0","2683.0","8.0","625.0","262.0"
"1764.0","3455.0","4750.0","320.0","61.0","3661.0","2958.0","13.0","628.0","279.0"
"2626.0","5829.0","6214.0","477.0","70.0","4854.0","4219.0","11.0","932.0","415.0"
"2843.0","5898.0","6854.0","477.0","104.0","4863.0","4196.0","19.0","1071.0","386.0"
"2759.0","5666.0","6712.0","412.0","109.0","4833.0","3978.0","17.0","993.0","379.0"
"2692.0","5339.0","6946.0","470.0","105.0","4516.0","3732.0","27.0","933.0","318.0"
"2359.0","4778.0","6425.0","364.0","103.0","3947.0","3298.0","33.0","891.0","304.0"
"1666.0","3457.0","4965.0","287.0","63.0","3570.0","2547.0","3.0","709.0","220.0"
"1717.0","3697.0","4968.0","277.0","65.0","3907.0","2765.0","13.0","767.0","303.0"
"2726.0","5436.0","7089.0","404.0","191.0","4789.0","3859.0","12.0","1069.0","355.0"
"3054.0","5880.0","8484.0","392.0","135.0","4642.0","4067.0","7.0","1047.0","438.0"
"2898.0","5877.0","7469.0","446.0","332.0","4737.0","4123.0","14.0","1088.0","422.0"
"2883.0","5803.0","7344.0","463.0","413.0","4505.0","4025.0","12.0","1095.0","403.0"
"2355.0","4924.0","6293.0","388.0","94.0","4177.0","3431.0","8.0","945.0","316.0"
"1599.0","3461.0","4582.0","296.0","35.0","3249.0","2514.0","9.0","619.0","238.0"
"1784.0","3645.0","4685.0","334.0","60.0","3759.0","2711.0","9.0","649.0","295.0"
"2596.0","5368.0","6927.0","438.0","70.0","4842.0","3889.0","17.0","969.0","360.0"
"2823.0","5406.0","7915.0","408.0","72.0","4419.0","4011.0","8.0","976.0","395.0"
"2662.0","5358.0","7123.0","384.0","65.0","4311.0","3785.0","10.0","1029.0","380.0"
"2947.0","5269.0","7971.0","477.0","79.0","4657.0","5837.0","31.0","969.0","369.0"
"2420.0","4590.0","7508.0","371.0","39.0","3805.0","3152.0","9.0","854.0","298.0"
"1526.0","3223.0","4341.0","277.0","37.0","3190.0","2329.0","5.0","558.0","218.0"
"1577.0","3242.0","4597.0","274.0","34.0","3642.0","2607.0","8.0","561.0","242.0"
"2084.0","4159.0","5416.0","311.0","52.0","4084.0","3090.0","12.0","715.0","362.0"
"2594.0","5333.0","6307.0","472.0","58.0","4734.0","3904.0","11.0","1032.0","373.0"
"2670.0","5166.0","6048.0","364.0","51.0","4330.0","3569.0","22.0","992.0","325.0"
"2464.0","4824.0","6284.0","382.0","70.0","4123.0","3741.0","13.0","967.0","368.0"
"2465.0","4638.0","6687.0","358.0","61.0","3892.0","3543.0","10.0","850.0","306.0"
"1734.0","3238.0","4980.0","293.0","27.0","3408.0","2525.0","12.0","638.0","249.0"
"1641.0","3152.0","4465.0","282.0","36.0","3385.0","2479.0","10.0","658.0","259.0"
"2448.0","4483.0","5756.0","423.0","70.0","4101.0","3305.0","12.0","892.0","351.0"
"2509.0","4900.0","6062.0","433.0","58.0","5142.0","3491.0","14.0","895.0","335.0"
"2696.0","4868.0","6195.0","403.0","51.0","4272.0","3400.0","16.0","970.0","362.0"
"2474.0","4742.0","5912.0","370.0","45.0","4185.0","3637.0","12.0","984.0","390.0"
"2173.0","4280.0","5414.0","332.0","73.0","4076.0","3158.0","6.0","839.0","282.0"
"1569.0","3190.0","4154.0","285.0","30.0","3242.0","2402.0","0.0","591.0","204.0"
"1500.0","3209.0","4006.0","272.0","35.0","3349.0","2447.0","7.0","586.0","230.0"
"2303.0","4651.0","5767.0","383.0","51.0","4412.0","3462.0","11.0","857.0","367.0"
"2202.0","4301.0","5383.0","373.0","54.0","4158.0","3195.0","14.0","931.0","313.0"
"2705.0","5088.0","6388.0","454.0","73.0","4719.0","3812.0","9.0","1048.0","368.0"
"2357.0","4582.0","5779.0","396.0","56.0","4143.0","3531.0","13.0","937.0","342.0"
"2161.0","4442.0","5672.0","327.0","56.0","3984.0","3276.0","9.0","852.0","352.0"
"1549.0","3239.0","4334.0","277.0","31.0","3219.0","2425.0","6.0","611.0","210.0"
"1687.0","3222.0","4237.0","310.0","40.0","3571.0","2755.0","17.0","692.0","247.0"
"2273.0","4707.0","5936.0","393.0","71.0","4298.0","3396.0","7.0","1016.0","360.0"
"2511.0","4932.0","6377.0","389.0","60.0","4454.0","3546.0","9.0","1149.0","340.0"
"2612.0","5180.0","6712.0","354.0","68.0","4558.0","3842.0","6.0","1132.0","346.0"
"2490.0","5113.0","6758.0","406.0","59.0","4646.0","3635.0","10.0","1151.0","363.0"
"2084.0","4360.0","6051.0","361.0","48.0","3800.0","3075.0","18.0","925.0","282.0"
"1478.0","3129.0","4223.0","274.0","39.0","3083.0","2349.0","4.0","601.0","228.0"
"1541.0","3106.0","4401.0","288.0","52.0","3530.0","2490.0","7.0","581.0","211.0"
"2191.0","4483.0","6173.0","374.0","63.0","4076.0","3282.0","12.0","864.0","295.0"
"2521.0","5734.0","6151.0","386.0","94.0","4233.0","3622.0","11.0","1021.0","334.0"
"2419.0","4771.0","6400.0","410.0","67.0","4084.0","3491.0","7.0","924.0","333.0"
"2156.0","4390.0","6045.0","328.0","58.0","3687.0","3121.0","6.0","818.0","307.0"
"1884.0","3911.0","5301.0","301.0","51.0","3690.0","2895.0","4.0","784.0","277.0"
"1409.0","3002.0","4000.0","263.0","40.0","3231.0","2286.0","8.0","620.0","193.0"
"1335.0","2745.0","3867.0","248.0","38.0","3017.0","2189.0","10.0","538.0","185.0"
"1832.0","3726.0","4769.0","342.0","65.0","3693.0","2932.0","9.0","797.0","281.0"
"2209.0","4443.0","5608.0","344.0","92.0","3879.0","3072.0","14.0","906.0","304.0"
"2209.0","4584.0","6013.0","390.0","91.0","4561.0","3302.0","7.0","905.0","338.0"
"2327.0","4665.0","5866.0","400.0","69.0","4164.0","3232.0","13.0","958.0","301.0"
"1970.0","4055.0","5303.0","299.0","78.0","3871.0","3067.0","8.0","823.0","289.0"
"1374.0","3174.0","4079.0","262.0","56.0","3154.0","2338.0","9.0","578.0","153.0"
"1379.0","2906.0","4004.0","263.0","38.0","3238.0","2205.0","9.0","538.0","209.0"
"2134.0","4538.0","5853.0","365.0","101.0","4091.0","3250.0","11.0","1118.0","269.0"
"2320.0","5062.0","6281.0","565.0","107.0","4545.0","4028.0","7.0","1071.0","297.0"
"2247.0","4574.0","5876.0","338.0","95.0","3984.0","3117.0","9.0","904.0","282.0"
"2567.0","4651.0","6013.0","369.0","100.0","3826.0","3252.0","9.0","944.0","284.0"
"2074.0","4265.0","5626.0","330.0","86.0","3615.0","2873.0","8.0","1003.0","278.0"
"1533.0","3364.0","4082.0","262.0","77.0","3061.0","2486.0","6.0","578.0","204.0"
"1570.0","3453.0","4204.0","297.0","60.0","3231.0","2469.0","8.0","634.0","206.0"
"2432.0","4945.0","6003.0","393.0","110.0","4336.0","3455.0","4.0","938.0","356.0"
"2377.0","4951.0","5924.0","374.0","120.0","4256.0","3377.0","17.0","891.0","313.0"
"2422.0","5435.0","6299.0","414.0","138.0","4076.0","3763.0","12.0","965.0","353.0"
"2299.0","4888.0","6607.0","377.0","110.0","3842.0","3288.0","6.0","866.0","271.0"
"2093.0","4518.0","6106.0","315.0","119.0","3798.0","3143.0","11.0","779.0","256.0"
"1641.0","3422.0","4653.0","309.0","101.0","3030.0","2556.0","13.0","583.0","180.0"
"1523.0","3113.0","4251.0","287.0","79.0","3491.0","2437.0","3.0","563.0","180.0"
"2707.0","6060.0","9879.0","376.0","534.0","4157.0","3721.0","6.0","859.0","1600.0"
"2677.0","5516.0","7374.0","410.0","357.0","4399.0","4098.0","4.0","1021.0","395.0"
"2952.0","6094.0","7386.0","446.0","640.0","4243.0","4468.0","4.0","927.0","369.0"
"3347.0","7746.0","9538.0","443.0","6592.0","4488.0","6062.0","14.0","883.0","424.0"
"2401.0","5259.0","6699.0","386.0","535.0","3810.0","3928.0","9.0","837.0","282.0"
"1655.0","3642.0","4779.0","315.0","155.0","3258.0","2874.0","6.0","555.0","185.0"
"1580.0","3391.0","4579.0","309.0","116.0","3145.0","2612.0","12.0","567.0","177.0"
"2313.0","4498.0","5924.0","358.0","109.0","4294.0","3456.0","8.0","773.0","311.0"
"2801.0","4972.0","6715.0","404.0","76.0","4296.0","3538.0","7.0","894.0","349.0"
"2627.0","5108.0","6294.0","361.0","63.0","4405.0","3495.0","5.0","836.0","327.0"
"2541.0","4967.0","6331.0","371.0","73.0","4385.0","3559.0","9.0","855.0","292.0"
"2342.0","4373.0","5658.0","385.0","50.0","3855.0","3222.0","23.0","813.0","336.0"
"1955.0","3544.0","4581.0","267.0","48.0","3297.0","2576.0","9.0","550.0","221.0"
"1724.0","3191.0","4431.0","275.0","35.0","3292.0","2567.0","7.0","579.0","220.0"
"2222.0","4327.0","5926.0","368.0","63.0","4112.0","3379.0","8.0","857.0","333.0"
"4207.0","4799.0","6235.0","364.0","60.0","3927.0","3366.0","7.0","950.0","280.0"
"3887.0","4951.0","6666.0","349.0","43.0","4038.0","3581.0","10.0","933.0","342.0"
"3111.0","4776.0","6069.0","283.0","44.0","3781.0","3440.0","13.0","925.0","287.0"
"2390.0","3959.0","5230.0","282.0","49.0","3186.0","2868.0","13.0","758.0","237.0"
"1760.0","3155.0","4275.0","219.0","39.0","3296.0","2452.0","6.0","596.0","208.0"
"1604.0","3034.0","4152.0","242.0","44.0","3116.0","2394.0","7.0","550.0","217.0"
"2120.0","3928.0","5215.0","280.0","44.0","3889.0","2833.0","12.0","694.0","344.0"
"2297.0","4462.0","5780.0","309.0","74.0","4054.0","3263.0","13.0","890.0","307.0"
"2238.0","4431.0","5549.0","322.0","36.0","3796.0","3175.0","9.0","824.0","278.0"
"2032.0","3927.0","5052.0","273.0","31.0","3411.0","2710.0","6.0","775.0","257.0"
"2138.0","4045.0","5147.0","270.0","47.0","3615.0","2926.0","21.0","806.0","225.0"
"1664.0","3111.0","4005.0","230.0","27.0","3165.0","2299.0","6.0","526.0","191.0"
"1439.0","2844.0","3909.0","220.0","28.0","3051.0","2199.0","8.0","525.0","162.0"
"2131.0","4045.0","5229.0","290.0","41.0","3706.0","2880.0","5.0","819.0","280.0"
"2262.0","4210.0","5426.0","312.0","44.0","3965.0","2973.0","6.0","870.0","319.0"
"2051.0","4121.0","4999.0","306.0","47.0","3451.0","3017.0","6.0","1092.0","257.0"
"2159.0","3992.0","5171.0","288.0","40.0","4184.0","2827.0","5.0","794.0","280.0"
"1963.0","3966.0","4873.0","297.0","38.0","3631.0","2873.0","15.0","751.0","305.0"
"1506.0","3053.0","3906.0","198.0","41.0","13006.0","2332.0","6.0","533.0","202.0"
"1330.0","2760.0","3508.0","230.0","30.0","4348.0","2037.0","10.0","507.0","181.0"
"1820.0","3548.0","4214.0","243.0","29.0","3320.0","2525.0","16.0","678.0","257.0"
"2118.0","3839.0","4993.0","264.0","38.0","3693.0","2903.0","9.0","740.0","253.0"
"2051.0","4097.0","5039.0","341.0","41.0","3584.0","2779.0","3.0","837.0","246.0"
"2032.0","4037.0","4874.0","260.0","24.0","3507.0","2805.0","3.0","829.0","293.0"
"0.0","0.0","0.0","0.0","0.0","0.0","0.0","0.0","0.0","0.0"
"1317.0","2829.0","3737.0","276.0","32.0","2886.0","2029.0","10.0","558.0","170.0"
"1417.0","2679.0","3505.0","230.0","25.0","3132.0","2193.0","5.0","430.0","196.0"
"1696.0","3147.0","3837.0","258.0","39.0","3406.0","2365.0","3.0","607.0","219.0"
"1924.0","3770.0","4738.0","318.0","37.0","3226.0","2574.0","14.0","712.0","270.0"
"1949.0","3796.0","4853.0","317.0","44.0","3142.0","2606.0","14.0","827.0","311.0"
"2014.0","4212.0","5271.0","314.0","51.0","3110.0","2842.0","23.0","853.0","333.0"
"2008.0","4183.0","5708.0","265.0","42.0","3088.0","2894.0","19.0","835.0","271.0"
"1604.0","3232.0","4417.0","278.0","33.0","2866.0","2459.0","6.0","626.0","208.0"
"1512.0","2808.0","3883.0","271.0","44.0","2759.0","2227.0","10.0","525.0","175.0"
"1964.0","3975.0","4985.0","332.0","32.0","3319.0","2652.0","7.0","816.0","228.0"
"2110.0","4074.0","5623.0","331.0","24.0","3325.0","2871.0","13.0","732.0","301.0"
"1976.0","4412.0","5086.0","337.0","44.0","3361.0","2935.0","8.0","835.0","292.0"
"2843.0","4545.0","5434.0","337.0","35.0","3480.0","3018.0","8.0","822.0","336.0"
"2306.0","3981.0","4969.0","296.0","38.0","3115.0","2807.0","7.0","765.0","283.0"
"1726.0","3295.0","4219.0","260.0","51.0","3196.0","2363.0","12.0","552.0","205.0"
"1556.0","3503.0","4168.0","238.0","38.0","3524.0","2665.0","5.0","531.0","216.0"
"2247.0","5595.0","4969.0","331.0","60.0","3815.0","2823.0","13.0","971.0","321.0"
"2188.0","4509.0","5688.0","289.0","33.0","3500.0","3140.0","6.0","917.0","306.0"
"2117.0","4298.0","6333.0","294.0","43.0","3354.0","3068.0","12.0","863.0","314.0"
"2197.0","4459.0","5715.0","353.0","37.0","3354.0","3000.0","14.0","870.0","306.0"
"1909.0","3846.0","4889.0","280.0","35.0","3026.0","2661.0","6.0","871.0","235.0"
"1597.0","3679.0","4524.0","257.0","43.0","3022.0","2637.0","6.0","640.0","249.0"
"1585.0","3475.0","4360.0","244.0","34.0","3054.0","2695.0","13.0","535.0","220.0"
"1960.0","3945.0","4685.0","318.0","41.0","3751.0","2713.0","13.0","816.0","304.0"
"2139.0","4194.0","4906.0","359.0","48.0","3384.0","2868.0","8.0","770.0","288.0"
"2069.0","4174.0","4626.0","325.0","38.0","3781.0","2790.0","13.0","814.0","272.0"
"2126.0","4506.0","5425.0","345.0","36.0","3711.0","3086.0","21.0","1006.0","298.0"
"2063.0","4171.0","5437.0","330.0","41.0","3451.0","2901.0","7.0","863.0","828.0"
"1648.0","3488.0","4374.0","310.0","39.0","3291.0","2526.0","13.0","616.0","258.0"
"1658.0","3205.0","4116.0","294.0","35.0","3371.0","2545.0","13.0","693.0","261.0"
"2315.0","4379.0","5385.0","378.0","45.0","3972.0","3262.0","27.0","921.0","341.0"
"2368.0","4749.0","5965.0","383.0","55.0","3864.0","3333.0","7.0","995.0","362.0"
"2416.0","4892.0","5912.0","409.0","54.0","4173.0","3933.0","13.0","940.0","376.0"
"2156.0","4563.0","5734.0","395.0","57.0","5726.0","3338.0","6.0","1109.0","362.0"
"2252.0","4390.0","5512.0","317.0","45.0","4514.0","3060.0","18.0","915.0","292.0"
"1732.0","3364.0","4123.0","281.0","29.0","3413.0","2529.0","12.0","670.0","223.0"
"1711.0","3236.0","4118.0","289.0","29.0","3725.0","2543.0","22.0","677.0","321.0"
"2198.0","4234.0","5058.0","348.0","47.0","4005.0","2969.0","7.0","889.0","283.0"
"2328.0","4829.0","6275.0","358.0","52.0","4706.0","3406.0","11.0","953.0","394.0"
"2482.0","4861.0","6010.0","378.0","35.0","4382.0","3358.0","19.0","957.0","410.0"
"2649.0","5105.0","6216.0","399.0","58.0","3966.0","3401.0","13.0","977.0","388.0"
"2358.0","4770.0","5881.0","387.0","38.0","4234.0","3302.0","16.0","907.0","381.0"
"1583.0","3416.0","4230.0","263.0","26.0","3139.0","2295.0","11.0","587.0","234.0"
"1468.0","3251.0","4079.0","327.0","31.0","3145.0","2372.0","9.0","563.0","256.0"
"2438.0","4771.0","5768.0","440.0","44.0","4218.0","3173.0","14.0","895.0","888.0"
"2553.0","5151.0","6735.0","460.0","50.0","4498.0","3708.0","17.0","1039.0","382.0"
"2451.0","5238.0","6247.0","415.0","41.0","4221.0","3390.0","6.0","929.0","312.0"
"0.0","0.0","0.0","0.0","0.0","0.0","0.0","0.0","0.0","0.0"
"2040.0","4558.0","5465.0","374.0","51.0","3618.0","2976.0","13.0","793.0","331.0"
"1320.0","2982.0","3973.0","258.0","23.0","2736.0","2159.0","7.0","523.0","213.0"
"1399.0","2896.0","3815.0","0.0","0.0","3167.0","2191.0","7.0","550.0","211.0"
"2156.0","4398.0","5286.0","350.0","41.0","3887.0","2994.0","9.0","914.0","427.0"
"2353.0","4730.0","5751.0","387.0","37.0","3801.0","3105.0","4.0","844.0","427.0"
"2650.0","5244.0","7115.0","380.0","50.0","4377.0","3583.0","13.0","1020.0","407.0"
"2880.0","5386.0","7199.0","414.0","44.0","4471.0","3527.0","15.0","1039.0","463.0"
"2447.0","4541.0","7260.0","323.0","60.0","3628.0","3285.0","13.0","833.0","356.0"
"1753.0","3385.0","5071.0","298.0","37.0","3232.0","2469.0","4.0","682.0","282.0"
"1713.0","3361.0","4703.0","285.0","38.0","3460.0","2496.0","8.0","599.0","310.0"
"2482.0","5186.0","6176.0","419.0","55.0","4432.0","3505.0","19.0","983.0","412.0"
"2710.0","5812.0","9737.0","424.0","56.0","4379.0","3931.0","12.0","1058.0","471.0"
"2824.0","5757.0","8497.0","496.0","55.0","4773.0","3944.0","15.0","1122.0","451.0"
"2634.0","5297.0","7182.0","487.0","60.0","4666.0","3745.0","15.0","1054.0","395.0"
"2338.0","4861.0","6512.0","429.0","51.0","3901.0","3110.0","13.0","968.0","381.0"
"1739.0","3345.0","4747.0","282.0","34.0","3312.0","2483.0","14.0","704.0","229.0"
"1841.0","3570.0","5082.0","351.0","39.0","3567.0","2760.0","6.0","706.0","307.0"
"2691.0","5175.0","6538.0","540.0","38.0","4357.0","3823.0","18.0","1085.0","465.0"
"2779.0","5578.0","6939.0","493.0","43.0","4878.0","3668.0","19.0","1317.0","489.0"
"3118.0","5903.0","7623.0","494.0","61.0","4825.0","4054.0","16.0","1259.0","479.0"
"3678.0","5864.0","7188.0","460.0","62.0","4669.0","4176.0","10.0","1186.0","406.0"
"2480.0","4468.0","6098.0","345.0","39.0","3775.0","3223.0","15.0","947.0","374.0"
"1985.0","3451.0","4758.0","287.0","38.0","3450.0","2521.0","37.0","659.0","269.0"
"1933.0","3722.0","4927.0","338.0","51.0","3765.0","2861.0","11.0","716.0","331.0"
"2965.0","5466.0","6619.0","486.0","54.0","5139.0","3885.0","7.0","1026.0","473.0"
"2959.0","5525.0","7352.0","485.0","59.0","4760.0","3882.0","22.0","1107.0","483.0"
"3109.0","5532.0","7397.0","511.0","75.0","4548.0","3800.0","41.0","1048.0","443.0"
"2928.0","5645.0","8336.0","483.0","64.0","4884.0","4083.0","25.0","1096.0","528.0"
"2262.0","4679.0","5925.0","430.0","51.0","3819.0","3057.0","12.0","903.0","355.0"
"1810.0","3580.0","4889.0","346.0","38.0","3485.0","2640.0","15.0","649.0","294.0"
"1774.0","3626.0","4531.0","310.0","33.0","3454.0","2566.0","28.0","680.0","341.0"
"2621.0","5180.0","6435.0","395.0","48.0","4246.0","3517.0","21.0","1125.0","506.0"
"2586.0","5324.0","6650.0","450.0","54.0","4604.0","3748.0","18.0","1037.0","448.0"
"2379.0","5030.0","6050.0","479.0","45.0","4282.0","3652.0","20.0","967.0","408.0"
"2014.0","4531.0","4905.0","374.0","51.0","3627.0","3314.0","24.0","857.0","369.0"
"1729.0","3685.0","4708.0","398.0","39.0","3260.0","2721.0","30.0","701.0","339.0"
"1598.0","3271.0","4269.0","315.0","45.0","3252.0","2483.0","23.0","627.0","295.0"
"1686.0","3609.0","4628.0","345.0","49.0","3437.0","2720.0","12.0","629.0","319.0"
"2812.0","5128.0","6290.0","425.0","51.0","4455.0","3791.0","15.0","1102.0","459.0"
"2791.0","5467.0","6561.0","363.0","57.0","4561.0","3905.0","8.0","1104.0","468.0"
"2883.0","5391.0","6582.0","457.0","78.0","4322.0","4160.0","10.0","1047.0","466.0"
"2658.0","5462.0","6976.0","463.0","276.0","4253.0","4066.0","15.0","1041.0","509.0"
"2309.0","4692.0","5537.0","409.0","79.0","3859.0","3521.0","12.0","864.0","403.0"
"1786.0","3721.0","4783.0","290.0","43.0","3270.0","2669.0","13.0","635.0","287.0"
"1806.0","3814.0","5090.0","345.0","67.0","3854.0","2796.0","28.0","748.0","375.0"
"2592.0","5259.0","6067.0","431.0","50.0","4326.0","3687.0","17.0","970.0","475.0"
"2594.0","5236.0","5949.0","485.0","48.0","4482.0","3621.0","23.0","1051.0","450.0"
"2672.0","5484.0","6327.0","496.0","67.0","4548.0","3914.0","19.0","1061.0","471.0"
"2627.0","5529.0","6042.0","444.0","55.0","4420.0","3608.0","19.0","996.0","452.0"
"2278.0","4870.0","6923.0","384.0","44.0","3709.0","3279.0","19.0","911.0","369.0"
"1772.0","3593.0","4422.0","377.0","33.0","3364.0","2353.0","19.0","676.0","280.0"
"1743.0","3680.0","4119.0","281.0","47.0","3640.0","2783.0","16.0","717.0","334.0"
"2464.0","4828.0","5293.0","419.0","63.0","4440.0","3390.0","12.0","973.0","419.0"
"2783.0","5565.0","6705.0","469.0","46.0","4540.0","3751.0","13.0","949.0","455.0"
"2461.0","5082.0","5772.0","486.0","56.0","4094.0","3544.0","16.0","976.0","361.0"
"2377.0","5069.0","5630.0","406.0","47.0","4197.0","4969.0","26.0","1162.0","366.0"
"1822.0","4149.0","4839.0","342.0","42.0","3273.0","3892.0","8.0","874.0","306.0"
"1355.0","3243.0","4374.0","260.0","27.0","2814.0","2345.0","11.0","564.0","228.0"
"1355.0","3069.0","4050.0","233.0","35.0","2997.0","2255.0","12.0","639.0","263.0"
"1882.0","4087.0","5143.0","296.0","33.0","3596.0","3052.0","10.0","856.0","458.0"
"1923.0","4129.0","5121.0","350.0","32.0","3614.0","2865.0","31.0","859.0","314.0"
"1893.0","3958.0","5067.0","302.0","34.0","3346.0","2732.0","15.0","811.0","298.0"
"1640.0","3671.0","4832.0","287.0","39.0","3212.0","2588.0","7.0","758.0","285.0"
"80.0","200.0","356.0","17.0","2.0","177.0","205.0","1.0","28.0","11.0"
"0.0","0.0","0.0","0.0","0.0","0.0","0.0","0.0","0.0","0.0"
"0.0","0.0","0.0","0.0","0.0","0.0","0.0","0.0","0.0","0.0"
"454.0","1016.0","1418.0","85.0","15.0","1014.0","781.0","3.0","214.0","78.0"
"1514.0","3452.0","4625.0","299.0","30.0","3382.0","2530.0","6.0","711.0","258.0"
"1747.0","3787.0","5063.0","299.0","35.0","3323.0","2717.0","14.0","753.0","273.0"
"1743.0","3734.0","5112.0","271.0","30.0","3303.0","2614.0","15.0","768.0","258.0"
"1669.0","3448.0","4653.0","285.0","34.0","3130.0","2465.0","11.0","688.0","248.0"
"1194.0","2692.0","3719.0","246.0","26.0","2677.0","1964.0","12.0","473.0","185.0"
"1081.0","2282.0","3295.0","192.0","30.0","2514.0","1828.0","15.0","437.0","159.0"
"1645.0","3411.0","6563.0","324.0","41.0","3840.0","2943.0","11.0","642.0","291.0"
"1940.0","4182.0","5873.0","355.0","27.0","4123.0","3104.0","19.0","894.0","348.0"
"2138.0","4869.0","6164.0","385.0","27.0","4307.0","3335.0","11.0","909.0","387.0"
"2385.0","5024.0","6867.0","388.0","39.0","4168.0","3535.0","13.0","909.0","401.0"
"2059.0","4319.0","5842.0","288.0","42.0","3897.0","3280.0","12.0","1005.0","334.0"
"1607.0","3427.0","4685.0","277.0","32.0","3334.0","2818.0","13.0","698.0","220.0"
"1709.0","3408.0","4685.0","291.0","27.0","3704.0","2911.0","9.0","728.0","324.0"
"2408.0","4920.0","6458.0","437.0","25.0","4415.0","3745.0","10.0","934.0","432.0"
"2518.0","5151.0","6812.0","431.0","41.0","4197.0","3585.0","13.0","1022.0","411.0"
"2551.0","5344.0","6660.0","436.0","42.0","4612.0","3829.0","17.0","1099.0","433.0"
"2537.0","5443.0","6934.0","391.0","37.0","4526.0","3641.0","14.0","1168.0","423.0"
"2286.0","4985.0","6230.0","392.0","30.0","4151.0","3373.0","15.0","925.0","329.0"
"1695.0","3488.0","4339.0","283.0","16.0","3279.0","2560.0","14.0","682.0","280.0"
"1766.0","3324.0","4540.0","287.0","20.0","3688.0","2723.0","11.0","723.0","287.0"
"2198.0","4786.0","6975.0","401.0","26.0","4175.0","3298.0","6.0","910.0","361.0"
"2516.0","5168.0","6808.0","452.0","35.0","4259.0","3732.0","16.0","1017.0","483.0"
"2273.0","5056.0","6237.0","301.0","15.0","4023.0","3437.0","11.0","888.0","413.0"
"2364.0","5084.0","6246.0","394.0","21.0","4037.0","3432.0","22.0","980.0","394.0"
"2269.0","4911.0","7762.0","341.0","32.0","3995.0","3244.0","17.0","1044.0","442.0"
"1885.0","4437.0","5820.0","321.0","26.0","3543.0","2816.0","14.0","702.0","289.0"
"1651.0","4006.0","5236.0","298.0","20.0","3420.0","2562.0","9.0","675.0","282.0"
"2357.0","4779.0","6689.0","439.0","31.0","4096.0","3464.0","16.0","899.0","396.0"
"2380.0","5375.0","6574.0","491.0","35.0","4433.0","3600.0","18.0","1109.0","422.0"
"2476.0","5398.0","6442.0","469.0","48.0","4406.0","3671.0","7.0","1054.0","513.0"
"2415.0","5330.0","6386.0","431.0","32.0","4293.0","3448.0","19.0","985.0","461.0"
"2345.0","4915.0","6230.0","419.0","24.0","4129.0","3381.0","18.0","1294.0","381.0"
"1621.0","3516.0","4540.0","293.0","18.0","3823.0","2546.0","9.0","654.0","315.0"
"1720.0","3617.0","4738.0","339.0","27.0","3852.0","2784.0","23.0","665.0","331.0"
"2521.0","5189.0","6741.0","392.0","35.0","4890.0","3711.0","14.0","1072.0","403.0"
"2477.0","5090.0","6279.0","414.0","23.0","5684.0","3446.0","12.0","1120.0","479.0"
"2496.0","4954.0","6140.0","471.0","32.0","6671.0","3371.0","9.0","1046.0","471.0"
"2418.0","5251.0","6306.0","411.0","39.0","6700.0","3614.0","12.0","1162.0","422.0"
"2251.0","4750.0","5803.0","394.0","19.0","4578.0","3074.0","12.0","943.0","383.0"
"1581.0","3673.0","5704.0","279.0","40.0","3308.0","2535.0","12.0","669.0","272.0"
"1661.0","3502.0","4939.0","299.0","25.0","3723.0","2653.0","7.0","626.0","306.0"
"2327.0","4887.0","6340.0","403.0","34.0","4630.0","3425.0","20.0","933.0","480.0"
"2538.0","5173.0","6193.0","437.0","34.0","4514.0","3604.0","12.0","1033.0","483.0"
"2524.0","4915.0","6070.0","419.0","27.0","4388.0","3583.0","12.0","1017.0","461.0"
"2538.0","4827.0","6097.0","397.0","37.0","4339.0","3684.0","29.0","1022.0","418.0"
"2338.0","4681.0","5584.0","401.0","19.0","3972.0","3241.0","12.0","975.0","459.0"
"2004.0","3586.0","4540.0","289.0","23.0","3385.0","2567.0","10.0","704.0","280.0"
"1759.0","3406.0","4424.0","307.0","20.0","3817.0","2578.0","17.0","797.0","308.0"
"2535.0","5310.0","5855.0","392.0","26.0","4301.0","3429.0","21.0","972.0","422.0"
"2373.0","5045.0","5863.0","454.0","34.0","4235.0","3329.0","16.0","1020.0","455.0"
"2538.0","5740.0","6336.0","478.0","39.0","4501.0","3638.0","13.0","1077.0","472.0"
"2748.0","5265.0","6358.0","469.0","36.0","4274.0","3577.0","21.0","1015.0","456.0"
"2942.0","5152.0","6746.0","378.0","30.0","4111.0","3387.0","20.0","1056.0","474.0"
"1768.0","3554.0","4438.0","319.0","17.0","3431.0","2340.0","12.0","761.0","401.0"
"1764.0","3617.0","4670.0","337.0","22.0","3733.0","2742.0","15.0","703.0","504.0"
"2356.0","4692.0","5835.0","417.0","25.0","4214.0","3310.0","26.0","997.0","423.0"
"2826.0","6003.0","12168.0","410.0","46.0","4929.0","4169.0","30.0","1061.0","706.0"
"2997.0","6019.0","13136.0","434.0","49.0","4709.0","4200.0","24.0","1167.0","886.0"
"2676.0","5776.0","8090.0","445.0","31.0","4795.0","4196.0","22.0","1049.0","552.0"
"2372.0","5038.0","6989.0","420.0","31.0","4192.0","3528.0","20.0","979.0","444.0"
"1745.0","3687.0","5569.0","302.0","29.0","3411.0","2757.0","12.0","706.0","280.0"
"1776.0","3768.0","5299.0","354.0","30.0","3785.0","2806.0","26.0","701.0","325.0"
"2582.0","5322.0","6780.0","428.0","27.0","4779.0","3648.0","37.0","1059.0","572.0"
"2814.0","5692.0","7003.0","440.0","36.0","4713.0","4036.0","32.0","992.0","490.0"
"2771.0","5678.0","6754.0","458.0","34.0","4577.0","3805.0","26.0","1091.0","513.0"
"2590.0","5200.0","6267.0","438.0","175.0","4463.0","3689.0","31.0","1053.0","495.0"
"2685.0","4903.0","6258.0","433.0","59.0","4302.0","3648.0","15.0","966.0","424.0"
"1784.0","3834.0","4936.0","338.0","29.0","3586.0","2697.0","12.0","710.0","323.0"
"1902.0","3998.0","5044.0","361.0","32.0","3914.0","3176.0","16.0","756.0","311.0"
"3692.0","5749.0","6865.0","439.0","50.0","4676.0","4688.0","27.0","1068.0","433.0"
"2996.0","5706.0","7100.0","413.0","39.0","4577.0","4160.0","16.0","1048.0","493.0"
"2683.0","5728.0","6839.0","445.0","33.0","4599.0","4165.0","19.0","1082.0","475.0"
"2588.0","4972.0","6546.0","418.0","39.0","4472.0","3674.0","22.0","1006.0","445.0"
"2343.0","4979.0","5876.0","376.0","44.0","4517.0","3546.0","16.0","976.0","386.0"
"1797.0","3910.0","4705.0","245.0","35.0","3290.0","2865.0","9.0","659.0","320.0"
"1764.0","3886.0","4652.0","318.0","40.0","3751.0","2920.0","14.0","704.0","292.0"
"2427.0","5256.0","6311.0","447.0","79.0","4271.0","3727.0","12.0","1056.0","387.0"
"2561.0","5491.0","5632.0","433.0","41.0","4790.0","3780.0","15.0","1083.0","425.0"
"2313.0","4524.0","5374.0","415.0","56.0","4149.0","3444.0","16.0","993.0","449.0"
"2361.0","4739.0","5604.0","453.0","97.0","3889.0","3502.0","20.0","1118.0","492.0"
"2066.0","4218.0","4873.0","328.0","38.0","3323.0","3047.0","10.0","918.0","350.0"
"1550.0","2950.0","3606.0","307.0","24.0","3617.0","2586.0","24.0","686.0","307.0"
"1483.0","3043.0","3479.0","321.0","23.0","3051.0","2394.0","16.0","702.0","285.0"
"2092.0","4622.0","5113.0","419.0","35.0","4133.0","3311.0","14.0","996.0","444.0"
"2027.0","4750.0","5076.0","439.0","58.0","4047.0","3202.0","14.0","1008.0","475.0"
"2237.0","5556.0","5321.0","401.0","35.0","3627.0","3428.0","18.0","942.0","443.0"
"2032.0","4611.0","4933.0","378.0","81.0","3980.0","3349.0","7.0","885.0","378.0"
"1713.0","3959.0","4794.0","337.0","39.0","3098.0","2628.0","18.0","790.0","320.0"
"1166.0","2760.0","3193.0","290.0","32.0","2488.0","1871.0","8.0","584.0","222.0"
"1426.0","3283.0","3567.0","320.0","88.0","3178.0","2275.0","13.0","702.0","346.0"
"2211.0","4732.0","5665.0","468.0","112.0","4096.0","3179.0","16.0","946.0","500.0"
"2082.0","4679.0","5379.0","381.0","123.0","3822.0","3109.0","7.0","1026.0","451.0"
"2610.0","4615.0","5324.0","425.0","66.0","3770.0","3063.0","17.0","956.0","437.0"
"2517.0","4619.0","5290.0","410.0","42.0","3709.0","3080.0","16.0","943.0","413.0"
"1898.0","4025.0","4959.0","357.0","87.0","3410.0","2703.0","13.0","934.0","346.0"
"1418.0","2993.0","3528.0","285.0","84.0","2865.0","2289.0","15.0","680.0","266.0"
"1828.0","3192.0","3623.0","336.0","33.0","3014.0","2334.0","7.0","618.0","310.0"
"2448.0","4538.0","5185.0","394.0","35.0","4027.0","3005.0","11.0","974.0","404.0"
"2432.0","4779.0","6725.0","483.0","60.0","4012.0","3448.0","21.0","1017.0","474.0"
"2120.0","4395.0","5653.0","378.0","43.0","3733.0","2971.0","15.0","890.0","367.0"
"1886.0","4082.0","5312.0","354.0","49.0","3454.0","2599.0","6.0","916.0","417.0"
"1739.0","3406.0","4463.0","256.0","33.0","3082.0","2520.0","13.0","758.0","294.0"
"1430.0","2615.0","3396.0","263.0","85.0","2646.0","1916.0","15.0","533.0","251.0"
"1252.0","2801.0","3524.0","270.0","25.0","2749.0","2272.0","18.0","563.0","291.0"
"1746.0","3990.0","4873.0","380.0","31.0","3676.0","2807.0","13.0","880.0","425.0"
"2266.0","4685.0","5696.0","411.0","46.0","4057.0","3159.0","22.0","912.0","470.0"
"1982.0","4468.0","5368.0","424.0","63.0","3728.0","2796.0","21.0","921.0","512.0"
"2269.0","4476.0","5019.0","418.0","32.0","3642.0","2826.0","9.0","977.0","480.0"
"1935.0","4040.0","4468.0","354.0","38.0","3465.0","2498.0","19.0","807.0","426.0"
"1472.0","3075.0","3527.0","295.0","32.0","3043.0","2224.0","10.0","638.0","340.0"
"1447.0","3131.0","3595.0","288.0","24.0","3312.0","2109.0","18.0","715.0","320.0"
"2338.0","4636.0","5090.0","390.0","47.0","3916.0","3107.0","9.0","937.0","446.0"
"2347.0","4773.0","5548.0","412.0","59.0","4097.0","3228.0","18.0","1038.0","467.0"
"2233.0","4820.0","5135.0","422.0","54.0","4006.0","3088.0","18.0","976.0","502.0"
"2242.0","4731.0","5447.0","428.0","75.0","4103.0","3213.0","13.0","974.0","546.0"
"1987.0","4302.0","4969.0","416.0","55.0","3965.0","2846.0","17.0","851.0","473.0"
"1380.0","2915.0","3412.0","281.0","37.0","3326.0","2235.0","4.0","592.0","276.0"
"1455.0","3229.0","3583.0","390.0","39.0","3689.0","2314.0","16.0","685.0","329.0"
"2496.0","5371.0","5633.0","543.0","64.0","4744.0","3187.0","6.0","987.0","552.0"
"2327.0","4808.0","5196.0","449.0","48.0","4568.0","3406.0","14.0","981.0","492.0"
"2391.0","4827.0","5140.0","493.0","44.0","4475.0","3320.0","26.0","954.0","542.0"
"2262.0","5079.0","5288.0","406.0","62.0","4556.0","3395.0","30.0","996.0","586.0"
"1973.0","4975.0","4917.0","410.0","45.0","4120.0","3171.0","12.0","890.0","495.0"
"1351.0","3588.0","3595.0","291.0","40.0","3429.0","2333.0","7.0","552.0","283.0"
"1441.0","4084.0","4083.0","318.0","37.0","3872.0","2528.0","13.0","636.0","322.0"
"0.0","0.0","0.0","0.0","0.0","0.0","0.0","0.0","0.0","0.0"
"2297.0","5074.0","5982.0","371.0","50.0","5381.0","3286.0","19.0","989.0","433.0"
"2580.0","5426.0","6283.0","382.0","70.0","4522.0","3704.0","23.0","1028.0","494.0"
"2604.0","5560.0","6882.0","463.0","60.0","4584.0","3716.0","14.0","1030.0","467.0"
"2338.0","4613.0","5407.0","383.0","52.0","4525.0","2974.0","18.0","947.0","405.0"
"1624.0","3439.0","3983.0","340.0","35.0","3975.0","2298.0","15.0","702.0","327.0"
"1546.0","3379.0","3992.0","317.0","29.0","3579.0","2464.0","20.0","646.0","340.0"
"2618.0","5265.0","5919.0","509.0","101.0","4755.0","3550.0","16.0","1029.0","442.0"
"2625.0","5412.0","6155.0","419.0","126.0","4506.0","3512.0","14.0","1098.0","437.0"
"2895.0","6043.0","6435.0","478.0","72.0","4654.0","3839.0","12.0","1098.0","484.0"
"2684.0","5522.0","6047.0","456.0","82.0","4271.0","3459.0","9.0","939.0","476.0"
"2644.0","4934.0","6024.0","358.0","64.0","3903.0","3241.0","20.0","892.0","416.0"
"1744.0","3369.0","3863.0","304.0","44.0","3131.0","2300.0","15.0","582.0","281.0"
"1612.0","3428.0","3948.0","337.0","47.0","3413.0","2333.0","13.0","631.0","336.0"
"2514.0","5286.0","5609.0","491.0","85.0","4437.0","3365.0","24.0","1023.0","408.0"
"2592.0","5614.0","6156.0","471.0","96.0","4498.0","3557.0","18.0","1017.0","475.0"
"2541.0","5328.0","6079.0","425.0","89.0","4800.0","3367.0","21.0","1041.0","415.0"
"2415.0","5010.0","5917.0","420.0","133.0","5136.0","3266.0","14.0","1009.0","441.0"
"2531.0","5067.0","7130.0","385.0","188.0","4348.0","3151.0","15.0","870.0","357.0"
"2003.0","4002.0","9546.0","352.0","145.0","3375.0","2537.0","10.0","643.0","356.0"
"1954.0","3743.0","5906.0","368.0","47.0","3609.0","2577.0","12.0","730.0","313.0"
"2547.0","5256.0","7406.0","416.0","62.0","4352.0","3408.0","19.0","985.0","460.0"
"2576.0","5420.0","6924.0","417.0","54.0","4289.0","3569.0","14.0","978.0","424.0"
"2685.0","5570.0","7231.0","427.0","55.0","4481.0","3626.0","19.0","1026.0","456.0"
"2624.0","5454.0","6791.0","396.0","50.0","4088.0","3380.0","19.0","1036.0","428.0"
"2300.0","4548.0","5713.0","364.0","38.0","3907.0","3064.0","18.0","876.0","302.0"
"1559.0","3359.0","4006.0","276.0","30.0","3254.0","2287.0","13.0","634.0","235.0"
"1636.0","3459.0","4167.0","294.0","25.0","3620.0","2454.0","10.0","621.0","274.0"
"2181.0","4347.0","4914.0","350.0","35.0","4062.0","3014.0","6.0","807.0","353.0"
"2358.0","5214.0","6043.0","443.0","45.0","4565.0","3485.0","15.0","1060.0","422.0"
"2539.0","5378.0","6151.0","391.0","53.0","4439.0","3635.0","15.0","970.0","399.0"
"2529.0","5362.0","6517.0","377.0","61.0","4241.0","3460.0","15.0","958.0","461.0"
"2175.0","4637.0","5631.0","335.0","59.0","3815.0","2911.0","18.0","842.0","335.0"
"1673.0","3945.0","4717.0","287.0","36.0","3293.0","2560.0","12.0","656.0","287.0"
"1717.0","3907.0","4529.0","288.0","17.0","3703.0","2600.0","10.0","641.0","314.0"
"2197.0","4929.0","5317.0","379.0","53.0","4252.0","2932.0","16.0","889.0","391.0"
"2522.0","5527.0","6119.0","492.0","66.0","4862.0","3369.0","16.0","1090.0","471.0"
"2575.0","5143.0","5962.0","404.0","41.0","4132.0","3215.0","12.0","941.0","407.0"
"2461.0","5106.0","5770.0","385.0","67.0","4146.0","3961.0","15.0","938.0","409.0"
"2130.0","4702.0","5599.0","417.0","45.0","4015.0","3029.0","23.0","872.0","349.0"
"1611.0","3497.0","4109.0","301.0","27.0","3364.0","2490.0","11.0","613.0","284.0"
"1547.0","3389.0","4145.0","309.0","27.0","3468.0","2387.0","11.0","670.0","282.0"
"2412.0","5197.0","5629.0","372.0","56.0","4183.0","3333.0","16.0","1093.0","444.0"
"2488.0","5285.0","5922.0","394.0","51.0","4417.0","3442.0","25.0","1031.0","384.0"
"2348.0","5020.0","5950.0","411.0","67.0","4156.0","3389.0","28.0","948.0","393.0"
"2586.0","5399.0","6691.0","383.0","61.0","4423.0","3530.0","23.0","1076.0","368.0"
"2070.0","4375.0","5867.0","321.0","44.0","3807.0","2951.0","10.0","818.0","331.0"
"1552.0","3649.0","4799.0","278.0","54.0","3430.0","2293.0","7.0","680.0","278.0"
"1539.0","3499.0","4407.0","309.0","39.0","3476.0","2477.0","14.0","610.0","296.0"
"2121.0","5084.0","5954.0","395.0","82.0","4290.0","3256.0","18.0","937.0","390.0"
"2421.0","5145.0","6257.0","446.0","71.0","4354.0","3445.0","10.0","1053.0","433.0"
"2631.0","5189.0","6577.0","399.0","66.0","4314.0","3488.0","14.0","1031.0","347.0"
"2422.0","5011.0","5935.0","385.0","79.0","4228.0","3210.0","20.0","965.0","373.0"
"1889.0","4193.0","5339.0","370.0","63.0","3696.0","2857.0","18.0","820.0","348.0"
"1501.0","3257.0","4018.0","238.0","42.0","3220.0","2350.0","7.0","604.0","231.0"
"1462.0","3109.0","3802.0","251.0","45.0","3235.0","2265.0","7.0","586.0","219.0"
"2268.0","4728.0","5330.0","371.0","95.0","5307.0","3017.0","10.0","917.0","325.0"
"2413.0","4788.0","5563.0","381.0","94.0","4150.0","3084.0","15.0","1083.0","357.0"
"2231.0","4850.0","5598.0","362.0","64.0","3985.0","3034.0","10.0","1016.0","333.0"
"2150.0","4587.0","5241.0","321.0","79.0","3911.0","2861.0","11.0","929.0","340.0"
"1915.0","4059.0","4954.0","349.0","64.0","3494.0","2662.0","12.0","752.0","280.0"
"1476.0","3137.0","3863.0","252.0","38.0","3043.0","2190.0","11.0","597.0","199.0"
"1533.0","3016.0","3851.0","320.0","52.0","3300.0","2391.0","6.0","575.0","215.0"
"2096.0","4496.0","5060.0","355.0","77.0","3900.0","2961.0","12.0","842.0","307.0"
"2089.0","4515.0","5262.0","376.0","76.0","3877.0","2853.0","14.0","966.0","318.0"
"1870.0","4314.0","4770.0","342.0","71.0","3844.0","2779.0","17.0","744.0","385.0"
"1996.0","4472.0","5142.0","348.0","71.0","3927.0","2865.0","10.0","847.0","321.0"
"1751.0","4075.0","4894.0","319.0","63.0","3498.0","2596.0","11.0","758.0","346.0"
"1451.0","3128.0","3660.0","287.0","41.0","3354.0","2214.0","12.0","552.0","212.0"
"1414.0","2996.0","3743.0","270.0","48.0","3313.0","2226.0","6.0","556.0","221.0"
"2149.0","4721.0","5557.0","355.0","73.0","4042.0","3015.0","15.0","883.0","358.0"
"2137.0","4640.0","5312.0","377.0","111.0","3983.0","3248.0","20.0","942.0","328.0"
"2253.0","4726.0","5791.0","352.0","113.0","3869.0","3038.0","21.0","916.0","323.0"
"2050.0","4687.0","5491.0","339.0","109.0","3847.0","2846.0","13.0","857.0","307.0"
"1886.0","4252.0","5338.0","324.0","111.0","3777.0","2588.0","6.0","868.0","334.0"
"1436.0","3461.0","4133.0","273.0","86.0","3265.0","2323.0","16.0","586.0","209.0"
"1331.0","3074.0","3880.0","244.0","63.0","3316.0","2247.0","10.0","734.0","203.0"
"1957.0","4454.0","5322.0","399.0","100.0","4084.0","2862.0","15.0","874.0","336.0"
"2076.0","4661.0","5599.0","369.0","112.0","4177.0","3052.0","17.0","864.0","384.0"
"2110.0","4694.0","6114.0","435.0","101.0","4052.0","3140.0","24.0","905.0","446.0"
"1992.0","4638.0","6410.0","506.0","126.0","3872.0","3014.0","9.0","878.0","406.0"
"2255.0","4803.0","12478.0","398.0","105.0","3751.0","3009.0","15.0","828.0","368.0"
"1447.0","3437.0","5973.0","283.0","84.0","3150.0","2239.0","6.0","593.0","227.0"
"1463.0","3135.0","4290.0","322.0","81.0","3034.0","2217.0","6.0","539.0","235.0"
"2074.0","4600.0","6063.0","406.0","203.0","3909.0","3106.0","14.0","917.0","327.0"
"2232.0","4843.0","6227.0","465.0","242.0","4055.0","3131.0","9.0","959.0","397.0"
"2378.0","5208.0","8060.0","583.0","281.0","4236.0","3544.0","11.0","1012.0","402.0"
"2470.0","5511.0","9019.0","512.0","418.0","4012.0","3660.0","16.0","903.0","383.0"
"2300.0","5337.0","9181.0","415.0","596.0","3799.0","3747.0","10.0","796.0","410.0"
"1632.0","4323.0","6384.0","290.0","2600.0","3127.0","2991.0","14.0","556.0","277.0"
"2185.0","4558.0","13165.0","447.0","281.0","3319.0","3205.0","7.0","598.0","322.0"
"2378.0","5430.0","13953.0","461.0","152.0","3818.0","3555.0","9.0","844.0","428.0"
"2221.0","4965.0","9501.0","341.0","83.0","3936.0","3141.0","22.0","949.0","346.0"
"2552.0","4790.0","6037.0","396.0","66.0","3928.0","3030.0","10.0","917.0","394.0"
"6474.0","5014.0","6924.0","475.0","51.0","3710.0","3077.0","9.0","878.0","398.0"
"2686.0","4119.0","5895.0","402.0","58.0","3389.0","2892.0","14.0","871.0","295.0"
"1611.0","2998.0","4026.0","355.0","28.0","2881.0","2069.0","8.0","573.0","204.0"
"1524.0","2933.0","3969.0","309.0","29.0","3114.0","2229.0","13.0","562.0","243.0"
"2036.0","3960.0","5055.0","380.0","52.0","3584.0","2612.0","9.0","725.0","292.0"
"2145.0","4549.0","5470.0","425.0","48.0","3789.0","2941.0","13.0","959.0","323.0"
"2236.0","4688.0","5751.0","434.0","37.0","3866.0","2994.0","11.0","1294.0","304.0"
"2243.0","4590.0","5689.0","370.0","52.0","3971.0","2947.0","6.0","1206.0","354.0"
"2021.0","4397.0","5244.0","333.0","38.0","3629.0","2559.0","14.0","853.0","291.0"
"1495.0","3241.0","4074.0","254.0","26.0","3087.0","2273.0","10.0","522.0","202.0"
"1486.0","3069.0","3857.0","304.0","19.0","3094.0","2151.0","4.0","540.0","241.0"
"2259.0","4573.0","5430.0","371.0","43.0","4079.0","2942.0","7.0","876.0","322.0"
"2505.0","5215.0","6172.0","446.0","38.0","4269.0","3431.0","10.0","1266.0","316.0"
"2331.0","4495.0","5587.0","368.0","43.0","3637.0","2773.0","18.0","969.0","296.0"
"2348.0","4568.0","9111.0","371.0","28.0","3576.0","2836.0","13.0","912.0","442.0"
"2669.0","5266.0","16797.0","491.0","25.0","3557.0","2927.0","11.0","847.0","604.0"
"1620.0","3517.0","6173.0","440.0","28.0","3169.0","2208.0","6.0","561.0","250.0"
"1415.0","2939.0","4897.0","333.0","22.0","2897.0","1948.0","11.0","535.0","230.0"
"2118.0","4315.0","6759.0","357.0","20.0","3572.0","2616.0","13.0","922.0","359.0"
"2298.0","4456.0","6188.0","449.0","43.0","4004.0","2699.0","14.0","910.0","295.0"
"2144.0","4474.0","6121.0","453.0","22.0","3809.0","2892.0","14.0","867.0","322.0"
"2278.0","4525.0","6347.0","394.0","36.0","3867.0","2691.0","10.0","894.0","336.0"
"2114.0","4059.0","5599.0","358.0","31.0","3510.0","2514.0","5.0","788.0","349.0"
"1515.0","3231.0","4334.0","284.0","18.0","3110.0","2074.0","7.0","561.0","189.0"
"1462.0","2987.0","3993.0","347.0","17.0","3194.0","2044.0","12.0","569.0","222.0"
"2087.0","4372.0","5858.0","379.0","29.0","3877.0","2754.0","12.0","878.0","388.0"
"2310.0","4625.0","6024.0","391.0","42.0","3985.0","3000.0","13.0","900.0","387.0"
"2293.0","4563.0","5681.0","383.0","22.0","3983.0","3022.0","16.0","862.0","341.0"
"2255.0","4600.0","5757.0","358.0","39.0","3969.0","3011.0","17.0","817.0","378.0"
"2102.0","4152.0","5043.0","409.0","30.0","3521.0","2707.0","12.0","843.0","336.0"
"1484.0","3067.0","4044.0","345.0","17.0","3002.0","1996.0","10.0","555.0","209.0"
"1400.0","3054.0","3618.0","271.0","28.0","3198.0","2014.0","8.0","482.0","203.0"
"1881.0","3915.0","4530.0","357.0","19.0","3788.0","2550.0","16.0","717.0","296.0"
"2253.0","4781.0","5414.0","499.0","14.0","5010.0","2981.0","11.0","990.0","407.0"
"2313.0","5234.0","6091.0","469.0","37.0","4123.0","2775.0","25.0","897.0","420.0"
"2280.0","5069.0","5746.0","423.0","16.0","4046.0","2780.0","13.0","915.0","438.0"
"2264.0","4663.0","5381.0","425.0","37.0","3910.0","3553.0","12.0","874.0","357.0"
"1840.0","3441.0","4409.0","268.0","42.0","3520.0","2580.0","17.0","713.0","257.0"
"1703.0","3466.0","4173.0","367.0","27.0","3486.0","2345.0","13.0","580.0","299.0"
"2490.0","5075.0","5774.0","514.0","38.0","4362.0","3131.0","14.0","943.0","375.0"
"2656.0","5566.0","6203.0","462.0","32.0","4455.0","3411.0","21.0","991.0","467.0"
"2375.0","5060.0","5842.0","432.0","38.0","4206.0","2893.0","20.0","915.0","391.0"
"2278.0","4705.0","5778.0","385.0","23.0","4244.0","3065.0","14.0","1015.0","388.0"
"2185.0","4359.0","5270.0","382.0","30.0","3950.0","2711.0","19.0","770.0","314.0"
"1556.0","3054.0","4150.0","276.0","16.0","3095.0","2092.0","11.0","594.0","252.0"
"1537.0","3235.0","4010.0","305.0","20.0","3396.0","2246.0","16.0","566.0","252.0"
"2225.0","4792.0","5517.0","391.0","38.0","4144.0","2908.0","12.0","871.0","452.0"
"2367.0","5004.0","5683.0","460.0","41.0","4353.0","2943.0","23.0","981.0","429.0"
"2433.0","5158.0","5964.0","442.0","35.0","4201.0","3203.0","8.0","971.0","364.0"
"2462.0","5067.0","5746.0","399.0","32.0","4208.0","3033.0","17.0","905.0","421.0"
"2346.0","4856.0","5570.0","413.0","18.0","3887.0","2850.0","42.0","938.0","376.0"
"1569.0","3336.0","4041.0","301.0","12.0","3071.0","2133.0","18.0","613.0","263.0"
"1584.0","3484.0","4540.0","378.0","36.0","3638.0","2392.0","14.0","677.0","315.0"
"2634.0","5384.0","6520.0","527.0","37.0","4597.0","3348.0","21.0","1091.0","446.0"
"2546.0","5420.0","6975.0","448.0","33.0","4393.0","3156.0","17.0","1053.0","435.0"
"2419.0","5175.0","7007.0","489.0","28.0","4471.0","3299.0","17.0","981.0","390.0"
"2352.0","5275.0","6778.0","469.0","45.0","4422.0","3328.0","18.0","1017.0","429.0"
"2056.0","4524.0","5988.0","486.0","44.0","3863.0","2938.0","20.0","886.0","343.0"
"1526.0","3191.0","4379.0","311.0","23.0","3308.0","2154.0","8.0","571.0","283.0"
"1643.0","3380.0","4590.0","439.0","24.0","3723.0","2463.0","17.0","708.0","331.0"
"2296.0","4702.0","5847.0","477.0","63.0","4486.0","3091.0","14.0","943.0","393.0"
"2540.0","5333.0","6000.0","582.0","50.0","5031.0","3396.0","16.0","999.0","439.0"
"2599.0","5419.0","6279.0","633.0","41.0","5021.0","3515.0","23.0","1065.0","486.0"
"2345.0","5242.0","6074.0","517.0","41.0","4415.0","3821.0","14.0","1001.0","414.0"
"2079.0","4682.0","5553.0","451.0","35.0","3931.0","3927.0","27.0","886.0","412.0"
"1530.0","3607.0","4346.0","315.0","21.0","3521.0","2310.0","15.0","674.0","280.0"
"1482.0","3323.0","3958.0","464.0","43.0","3615.0","2380.0","14.0","657.0","306.0"
"2181.0","5071.0","5567.0","430.0","41.0","4514.0","3236.0","13.0","954.0","437.0"
"2505.0","5556.0","5935.0","567.0","30.0","5132.0","3370.0","26.0","1016.0","437.0"
"2425.0","5579.0","6234.0","493.0","50.0","5098.0","3258.0","27.0","1029.0","556.0"
"2415.0","5448.0","6168.0","477.0","26.0","4515.0","3212.0","19.0","1050.0","491.0"
"2081.0","5173.0","5307.0","485.0","22.0","3987.0","2796.0","9.0","892.0","370.0"
"1560.0","3713.0","4227.0","321.0","30.0","3584.0","2332.0","9.0","588.0","285.0"
"1545.0","4071.0","4132.0","373.0","25.0","3712.0","2496.0","13.0","735.0","314.0"
"2555.0","6027.0","9939.0","560.0","29.0","4888.0","3729.0","10.0","957.0","494.0"
"2554.0","5398.0","6233.0","523.0","39.0","4520.0","3243.0","19.0","1073.0","424.0"
"2513.0","5244.0","5933.0","462.0","30.0","4366.0","3319.0","15.0","979.0","444.0"
"2318.0","5305.0","5908.0","491.0","37.0","4599.0","3189.0","10.0","984.0","485.0"
"2249.0","4897.0","5426.0","437.0","36.0","4303.0","3118.0","13.0","967.0","371.0"
"1556.0","3816.0","4310.0","320.0","15.0","3273.0","2279.0","8.0","614.0","286.0"
"1560.0","3318.0","4386.0","350.0","18.0","3652.0","2532.0","21.0","641.0","370.0"
"2461.0","4914.0","5821.0","543.0","33.0","4821.0","3132.0","12.0","958.0","448.0"
"2741.0","5598.0","8905.0","463.0","26.0","10399.0","3422.0","21.0","1016.0","492.0"
"2665.0","6131.0","6238.0","446.0","30.0","6705.0","3333.0","13.0","1020.0","456.0"
"2430.0","5721.0","6133.0","437.0","31.0","5363.0","3234.0","19.0","1006.0","473.0"
"2004.0","4710.0","4878.0","350.0","17.0","4107.0","2716.0","18.0","821.0","351.0"
"1472.0","3229.0","3826.0","315.0","31.0","3749.0","2226.0","11.0","619.0","258.0"
"1440.0","3137.0","3600.0","331.0","18.0","3824.0","2196.0","14.0","648.0","287.0"
"2219.0","4808.0","11200.0","414.0","25.0","4798.0","3018.0","14.0","985.0","426.0"
"2276.0","5180.0","6415.0","492.0","31.0","4608.0","3179.0","11.0","1056.0","476.0"
"2336.0","5112.0","5514.0","425.0","28.0","4600.0","3282.0","17.0","1001.0","402.0"
"2260.0","4864.0","5592.0","442.0","37.0","4543.0","3047.0","13.0","960.0","475.0"
"2073.0","4366.0","5459.0","438.0","35.0","4066.0","2671.0","9.0","901.0","378.0"
"1590.0","3689.0","4277.0","371.0","27.0","3441.0","2244.0","8.0","625.0","274.0"
"1751.0","3816.0","4467.0","385.0","28.0","4092.0","2687.0","19.0","662.0","379.0"
"2573.0","5415.0","6137.0","527.0","33.0","5137.0","3533.0","19.0","959.0","457.0"
"2664.0","5478.0","6389.0","546.0","36.0","5094.0","3534.0","18.0","1028.0","505.0"
"2480.0","5192.0","5900.0","500.0","33.0","4616.0","3429.0","11.0","947.0","453.0"
"2521.0","5431.0","6154.0","449.0","47.0","4783.0","3647.0","22.0","1013.0","398.0"
"2363.0","5099.0","6880.0","420.0","35.0","4236.0","3161.0","16.0","968.0","381.0"
"1744.0","3573.0","4580.0","395.0","26.0","3702.0","2576.0","26.0","689.0","323.0"
"1763.0","3413.0","4503.0","420.0","28.0","3736.0","2788.0","23.0","710.0","368.0"
"2528.0","5199.0","6144.0","491.0","49.0","4858.0","3825.0","23.0","1065.0","2660.0"
"2635.0","5312.0","6145.0","502.0","24.0","4558.0","3598.0","25.0","998.0","517.0"
"2749.0","5817.0","6471.0","557.0","42.0","4856.0","4021.0","18.0","1036.0","518.0"
"2589.0","5524.0","6189.0","473.0","28.0","4546.0","3658.0","24.0","1042.0","427.0"
"2167.0","4818.0","5288.0","437.0","51.0","4731.0","3084.0","14.0","886.0","415.0"
"1723.0","3663.0","4129.0","405.0","27.0","3484.0","2401.0","11.0","637.0","288.0"
"1731.0","3758.0","4150.0","318.0","29.0","3959.0","2640.0","5.0","702.0","377.0"
"2504.0","4960.0","5720.0","489.0","42.0","4604.0","3470.0","18.0","936.0","493.0"
"2493.0","5513.0","6022.0","504.0","51.0","4858.0","3604.0","20.0","1074.0","417.0"
"2590.0","5056.0","8081.0","611.0","46.0","4330.0","3547.0","16.0","971.0","465.0"
"2182.0","4530.0","4935.0","525.0","53.0","3921.0","3112.0","14.0","776.0","424.0"
"1822.0","3862.0","4619.0","385.0","52.0","3498.0","2805.0","30.0","771.0","338.0"
"1634.0","3190.0","4011.0","413.0","38.0","3265.0","2332.0","14.0","624.0","295.0"
"1709.0","3571.0","4130.0","344.0","47.0","3646.0","2495.0","17.0","624.0","384.0"
"2446.0","5206.0","6324.0","442.0","72.0","4514.0","3534.0","15.0","1084.0","499.0"
"2795.0","5934.0","6949.0","533.0","43.0","4957.0","3870.0","14.0","1095.0","546.0"
"2544.0","5712.0","6548.0","587.0","52.0","4688.0","3767.0","14.0","1066.0","557.0"
"2560.0","5705.0","6430.0","439.0","69.0","4638.0","3654.0","13.0","1129.0","568.0"
"2335.0","5186.0","6049.0","428.0","60.0","4223.0","3328.0","15.0","960.0","463.0"
"1775.0","4072.0","4797.0","322.0","140.0","3538.0","2811.0","10.0","677.0","360.0"
"1718.0","3972.0","4500.0","378.0","61.0","3952.0","2783.0","14.0","694.0","395.0"
"2523.0","5530.0","5960.0","493.0","76.0","8209.0","3590.0","14.0","1030.0","577.0"
"2665.0","5996.0","6561.0","545.0","66.0","12233.0","3741.0","18.0","1034.0","518.0"
"3089.0","6224.0","6879.0","462.0","64.0","5797.0","4086.0","21.0","1210.0","575.0"
"2858.0","5870.0","6306.0","483.0","40.0","4935.0","3643.0","12.0","1223.0","462.0"
"2584.0","5075.0","5438.0","387.0","37.0","4203.0","3142.0","19.0","814.0","421.0"
"2103.0","4081.0","4481.0","341.0","29.0","3537.0","2705.0","11.0","680.0","299.0"
"1911.0","4065.0","4497.0","397.0","37.0","3918.0","2646.0","13.0","737.0","369.0"
"2683.0","5870.0","6468.0","480.0","41.0","4658.0","3744.0","24.0","1031.0","465.0"
"2752.0","6004.0","6435.0","506.0","44.0","4630.0","3610.0","20.0","1032.0","513.0"
"2639.0","5790.0","6142.0","480.0","26.0","4278.0","3385.0","18.0","1029.0","468.0"
"2458.0","5472.0","6125.0","455.0","32.0","4327.0","3324.0","9.0","970.0","490.0"
"2125.0","4799.0","5024.0","446.0","47.0","3646.0","2955.0","13.0","766.0","452.0"
"1610.0","3543.0","3981.0","366.0","30.0","3289.0","2376.0","11.0","568.0","253.0"
"1605.0","3432.0","3901.0","350.0","19.0","3443.0","2497.0","16.0","554.0","276.0"
"2305.0","4969.0","5310.0","436.0","29.0","4401.0","3170.0","12.0","865.0","375.0"
"2269.0","5827.0","5396.0","447.0","29.0","4122.0","3288.0","12.0","874.0","416.0"
"2132.0","5112.0","5579.0","460.0","32.0","3860.0","2961.0","8.0","772.0","359.0"
"2204.0","4733.0","5211.0","417.0","34.0","3514.0","2723.0","15.0","861.0","358.0"
"1800.0","4062.0","4638.0","346.0","47.0","3112.0","2498.0","6.0","654.0","325.0"
"1372.0","3475.0","3844.0","240.0","22.0","2704.0","2062.0","11.0","528.0","214.0"
"1642.0","2998.0","3776.0","274.0","18.0","2889.0","2042.0","6.0","429.0","237.0"
"1415.0","3535.0","4002.0","252.0","20.0","2902.0","2091.0","4.0","520.0","249.0"
"1184.0","3211.0","3419.0","259.0","20.0","2628.0","1864.0","12.0","464.0","186.0"
"1571.0","3641.0","4399.0","297.0","25.0","3520.0","2360.0","6.0","618.0","220.0"
"1798.0","3983.0","5086.0","347.0","22.0","3286.0","2587.0","9.0","689.0","266.0"
"1836.0","3981.0","5076.0","322.0","27.0","3447.0","2606.0","10.0","712.0","323.0"
"1441.0","3265.0","3869.0","285.0","27.0","3064.0","2078.0","4.0","516.0","226.0"
"1279.0","3254.0","3936.0","269.0","15.0","2966.0","2054.0","4.0","502.0","236.0"
"1340.0","3259.0","3938.0","272.0","18.0","3003.0","1989.0","9.0","563.0","196.0"
"1145.0","2690.0","3651.0","269.0","20.0","2899.0","2199.0","11.0","482.0","212.0"
"1920.0","4716.0","5410.0","397.0","22.0","4362.0","2886.0","16.0","834.0","319.0"
"1987.0","4993.0","6800.0","479.0","28.0","3991.0","2840.0","19.0","867.0","354.0"
"1996.0","5037.0","5917.0","439.0","25.0","4579.0","2742.0","6.0","868.0","338.0"
"1523.0","3751.0","4607.0","385.0","21.0","3638.0","2333.0","6.0","651.0","279.0"
"1655.0","3973.0","6034.0","356.0","28.0","3942.0","2539.0","9.0","586.0","284.0"
"2462.0","5869.0","6652.0","531.0","32.0","4645.0","3411.0","26.0","869.0","395.0"
"2609.0","5686.0","6180.0","547.0","33.0","4668.0","3267.0","12.0","980.0","438.0"
"2563.0","5806.0","6103.0","539.0","37.0","4688.0","3304.0","13.0","1024.0","463.0"
"2466.0","5688.0","6047.0","548.0","42.0","4658.0","3268.0","17.0","1054.0","416.0"
"2202.0","4997.0","5751.0","428.0","36.0","4101.0","2821.0","27.0","934.0","373.0"
"1721.0","3680.0","4722.0","454.0","25.0","3480.0","2410.0","17.0","693.0","269.0"
"1734.0","3674.0","4452.0","392.0","29.0","3777.0","2513.0","18.0","639.0","281.0"
"2442.0","5813.0","6640.0","575.0","33.0","4786.0","3346.0","12.0","905.0","408.0"
"2520.0","5782.0","6669.0","488.0","44.0","4795.0","3409.0","26.0","1035.0","453.0"
"2540.0","6108.0","6606.0","557.0","23.0","4743.0","3559.0","14.0","1103.0","452.0"
"2623.0","6006.0","6883.0","666.0","81.0","4730.0","3526.0","21.0","1069.0","564.0"
"2463.0","5321.0","6520.0","543.0","26.0","4309.0","3158.0","7.0","937.0","452.0"
"1700.0","4013.0","4948.0","349.0","22.0","3719.0","2533.0","5.0","662.0","291.0"
"1607.0","3851.0","4728.0","403.0","22.0","3961.0","2708.0","4.0","685.0","299.0"
"2440.0","5655.0","7488.0","533.0","24.0","4834.0","3424.0","16.0","925.0","416.0"
"2761.0","6171.0","7231.0","562.0","27.0","4877.0","3541.0","12.0","1122.0","448.0"
"2845.0","5964.0","6658.0","473.0","30.0","4661.0","3573.0","40.0","1030.0","486.0"
"2498.0","5546.0","6465.0","555.0","28.0","4467.0","3287.0","19.0","1050.0","449.0"
"2447.0","5654.0","6340.0","478.0","29.0","4653.0","2992.0","15.0","948.0","399.0"
"1844.0","4165.0","4582.0","387.0","24.0","3758.0","2348.0","12.0","676.0","237.0"
"1811.0","4359.0","4693.0","395.0","38.0","3927.0","2706.0","7.0","721.0","319.0"
"2589.0","5686.0","6127.0","572.0","28.0","5092.0","3377.0","23.0","1103.0","482.0"
"2966.0","6001.0","6776.0","570.0","31.0","5043.0","3554.0","16.0","1143.0","421.0"
"2992.0","6460.0","7809.0","585.0","32.0","4921.0","3600.0","10.0","1079.0","415.0"
"2776.0","5943.0","6848.0","554.0","30.0","4467.0","3455.0","16.0","1081.0","419.0"
"2726.0","5665.0","6803.0","515.0","37.0","4366.0","3217.0","8.0","1068.0","389.0"
"1948.0","4470.0","4896.0","405.0","16.0","3719.0","2438.0","8.0","771.0","305.0"
"1952.0","4309.0","5950.0","592.0","28.0","3996.0","2735.0","15.0","746.0","297.0"
"2944.0","6049.0","6617.0","597.0","31.0","4887.0","3600.0","22.0","1136.0","456.0"
"3009.0","6001.0","6647.0","667.0","43.0","5070.0","3557.0","11.0","1104.0","487.0"
"3049.0","6261.0","6809.0","551.0","40.0","4960.0","3464.0","12.0","1155.0","483.0"
"2936.0","6254.0","6594.0","560.0","47.0","4901.0","3548.0","15.0","1121.0","453.0"
"2578.0","5287.0","6045.0","533.0","34.0","4287.0","3072.0","19.0","930.0","461.0"
"1904.0","3902.0","4493.0","365.0","16.0","3588.0","2348.0","5.0","670.0","293.0"
"1975.0","3923.0","4579.0","421.0","30.0","3740.0","2713.0","23.0","707.0","314.0"
"3107.0","5655.0","8185.0","567.0","36.0","4655.0","3560.0","21.0","939.0","417.0"
"2996.0","5678.0","7171.0","609.0","79.0","4891.0","3472.0","13.0","1073.0","458.0"
"2912.0","5413.0","6566.0","555.0","72.0","4809.0","3400.0","16.0","966.0","477.0"
"2705.0","5563.0","6199.0","555.0","32.0","4295.0","3479.0","29.0","972.0","443.0"
"2626.0","5196.0","5802.0","517.0","40.0","3919.0","3000.0","15.0","926.0","372.0"
"1996.0","3982.0","4596.0","390.0","28.0","3771.0","2597.0","8.0","661.0","290.0"
"1880.0","3867.0","4619.0","411.0","28.0","4083.0","2738.0","9.0","715.0","296.0"
"2619.0","5510.0","5807.0","549.0","31.0","5212.0","3477.0","23.0","1006.0","468.0"
"3653.0","6295.0","6787.0","681.0","35.0","5122.0","3818.0","28.0","1083.0","530.0"
"4470.0","6459.0","7241.0","656.0","47.0","5075.0","3691.0","19.0","1182.0","490.0"
"3432.0","6119.0","7401.0","512.0","41.0","4711.0","3563.0","13.0","1170.0","530.0"
"2903.0","5511.0","6599.0","491.0","25.0","4197.0","3270.0","13.0","1033.0","480.0"
"2111.0","4212.0","5708.0","400.0","31.0","3643.0","2585.0","8.0","750.0","308.0"
"2161.0","4392.0","4847.0","433.0","31.0","4388.0","2663.0","12.0","774.0","355.0"
"3152.0","6265.0","6593.0","570.0","39.0","4932.0","3565.0","25.0","1106.0","574.0"
"3124.0","6409.0","6970.0","728.0","41.0","5220.0","3762.0","27.0","1206.0","545.0"
"3052.0","6394.0","6738.0","616.0","33.0","5093.0","3781.0","32.0","1216.0","534.0"
"3101.0","10586.0","6995.0","610.0","26.0","4970.0","3752.0","19.0","1092.0","514.0"
"2564.0","5536.0","6124.0","551.0","44.0","4483.0","3201.0","11.0","1042.0","558.0"
"1927.0","4191.0","4742.0","425.0","23.0","3893.0","2514.0","10.0","748.0","297.0"
"1894.0","4352.0","4970.0","449.0","25.0","4335.0","2749.0","18.0","743.0","364.0"
"3046.0","6355.0","6784.0","644.0","23.0","5185.0","3705.0","11.0","1128.0","482.0"
"3011.0","6274.0","6753.0","584.0","34.0","5158.0","3795.0","21.0","1158.0","498.0"
"2855.0","6221.0","6714.0","582.0","34.0","5254.0","3656.0","25.0","1274.0","456.0"
"3201.0","6693.0","9001.0","588.0","40.0","5123.0","3989.0","15.0","1313.0","468.0"
"2911.0","5718.0","6366.0","525.0","40.0","4389.0","3267.0","13.0","987.0","442.0"
"1982.0","4282.0","4745.0","408.0","26.0","3885.0","2606.0","5.0","768.0","317.0"
"1846.0","4195.0","4546.0","467.0","25.0","4142.0","2747.0","7.0","841.0","303.0"
"3033.0","6449.0","6180.0","703.0","56.0","4997.0","3612.0","14.0","1116.0","433.0"
"2952.0","6567.0","6452.0","620.0","36.0","5115.0","3600.0","13.0","1148.0","503.0"
"2975.0","6231.0","6274.0","601.0","32.0","4893.0","3587.0","13.0","1152.0","627.0"
"2803.0","6518.0","6392.0","648.0","42.0","5146.0","3557.0","17.0","1175.0","491.0"
"2544.0","5774.0","6199.0","541.0","33.0","4519.0","3321.0","6.0","968.0","410.0"
"1910.0","4549.0","5083.0","501.0","13.0","4175.0","2771.0","10.0","826.0","343.0"
"1846.0","4264.0","4762.0","459.0","19.0","4200.0","2794.0","14.0","749.0","304.0"
"3174.0","6317.0","6536.0","572.0","45.0","5103.0","4079.0","7.0","1090.0","513.0"
"3118.0","6709.0","7357.0","659.0","38.0","5731.0","4054.0","13.0","1098.0","530.0"
"3130.0","6793.0","7142.0","613.0","50.0","6181.0","3913.0","10.0","1257.0","497.0"
"3017.0","6559.0","7490.0","620.0","43.0","5555.0","3757.0","13.0","1147.0","633.0"
"2580.0","5752.0","6331.0","560.0","32.0","4415.0","3324.0","15.0","1017.0","486.0"
"2421.0","5789.0","6450.0","466.0","36.0","5377.0","3157.0","11.0","882.0","301.0"
"2515.0","5205.0","6170.0","493.0","36.0","5677.0","3325.0","19.0","897.0","386.0"
"3717.0","7576.0","8633.0","671.0","39.0","7457.0","4364.0","12.0","1381.0","524.0"
"3961.0","8045.0","8442.0","682.0","26.0","7249.0","4498.0","16.0","1309.0","497.0"
"3667.0","7934.0","8630.0","617.0","28.0","6670.0","4246.0","9.0","1394.0","506.0"
"3560.0","7884.0","8978.0","620.0","35.0","6371.0","4179.0","15.0","1387.0","467.0"
"3237.0","7978.0","11087.0","566.0","45.0","5820.0","4439.0","8.0","1065.0","434.0"
"2435.0","5767.0","7449.0","434.0","17.0","5020.0","3390.0","5.0","762.0","269.0"
"2520.0","5891.0","7549.0","453.0","28.0","4645.0","3588.0","9.0","767.0","366.0"
"3342.0","7593.0","8388.0","575.0","36.0","5461.0","4262.0","15.0","1180.0","418.0"
"3578.0","8275.0","8346.0","608.0","25.0","5794.0","4596.0","20.0","1432.0","561.0"
"3580.0","7702.0","7796.0","685.0","32.0","9540.0","4770.0","16.0","1529.0","521.0"
"3497.0","6940.0","7418.0","619.0","28.0","6651.0","4167.0","19.0","1375.0","522.0"
"2920.0","5772.0","6783.0","511.0","23.0","5278.0","3419.0","8.0","1181.0","411.0"
"4783.0","4829.0","5410.0","491.0","25.0","4596.0","3160.0","10.0","873.0","378.0"
"4712.0","4763.0","5220.0","479.0","25.0","4930.0","3318.0","16.0","972.0","349.0"
"5644.0","6923.0","7423.0","677.0","31.0","6289.0","4453.0","11.0","1272.0","488.0"
"3905.0","7088.0","7599.0","713.0","30.0","6121.0","4562.0","23.0","1317.0","511.0"
"3501.0","7022.0","7014.0","701.0","36.0","5862.0","4193.0","20.0","1426.0","463.0"
"4480.0","6801.0","7059.0","664.0","32.0","5747.0","4503.0","17.0","1321.0","484.0"
"3093.0","5974.0","6119.0","581.0","47.0","5244.0","3736.0","12.0","1139.0","393.0"
"2288.0","4323.0","4707.0","445.0","26.0","4194.0","2979.0","7.0","794.0","331.0"
"2186.0","4539.0","4758.0","497.0","29.0","4810.0","3093.0","15.0","841.0","351.0"
"3660.0","6786.0","6787.0","686.0","42.0","6261.0","4058.0","13.0","1228.0","613.0"
"3459.0","6869.0","7093.0","687.0","28.0","6619.0","4350.0","14.0","1343.0","562.0"
"3342.0","7060.0","7307.0","626.0","40.0","6300.0","4248.0","7.0","1456.0","505.0"
"3330.0","7410.0","9001.0","712.0","30.0","5941.0","4439.0","20.0","1306.0","564.0"
"3184.0","7382.0","8601.0","570.0","47.0","5144.0","4492.0","17.0","1104.0","458.0"
"1944.0","4225.0","4629.0","436.0","30.0","4294.0","2852.0","1.0","865.0","290.0"
"2155.0","4575.0","5091.0","526.0","22.0","4966.0","3103.0","10.0","894.0","357.0"
"3055.0","6764.0","6908.0","748.0","106.0","6215.0","4225.0","18.0","1411.0","516.0"
"3200.0","6864.0","7207.0","693.0","33.0","5891.0","4302.0","15.0","1317.0","533.0"
"3354.0","7027.0","7742.0","716.0","47.0","6472.0","4456.0","12.0","1377.0","545.0"
"3415.0","7416.0","8690.0","681.0","36.0","6534.0","4394.0","14.0","1341.0","591.0"
"2863.0","6434.0","6624.0","612.0","37.0","5347.0","3770.0","13.0","1290.0","455.0"
"1909.0","4310.0","4663.0","470.0","24.0","4332.0","2830.0","11.0","866.0","336.0"
"2037.0","4698.0","4752.0","421.0","26.0","4875.0","3093.0","8.0","904.0","359.0"
"3473.0","7018.0","7564.0","660.0","32.0","6149.0","4427.0","15.0","1417.0","554.0"
"3615.0","7064.0","7500.0","683.0","33.0","6044.0","4200.0","19.0","1378.0","544.0"
"3132.0","6408.0","6610.0","622.0","44.0","5612.0","3946.0","19.0","1281.0","470.0"
"3345.0","7055.0","7328.0","599.0","35.0","5924.0","4099.0","16.0","1378.0","497.0"
"3178.0","5894.0","6353.0","593.0","38.0","5397.0","3721.0","21.0","1226.0","421.0"
"2160.0","4306.0","4608.0","452.0","26.0","4376.0","2765.0","15.0","800.0","342.0"
"2141.0","4728.0","4659.0","437.0","26.0","4740.0","2999.0","14.0","834.0","376.0"
"3077.0","6697.0","6430.0","730.0","49.0","5942.0","3888.0","16.0","1136.0","558.0"
"3223.0","7193.0","7171.0","697.0","47.0","5928.0","4159.0","14.0","1290.0","536.0"
"3519.0","6916.0","7008.0","694.0","50.0","6113.0","4159.0","13.0","1385.0","569.0"
"3272.0","6538.0","6623.0","635.0","40.0","5621.0","3957.0","10.0","1234.0","439.0"
"2871.0","6187.0","6022.0","572.0","39.0","5326.0","3584.0","20.0","1161.0","395.0"
"1803.0","3886.0","3918.0","395.0","22.0","4250.0","2522.0","16.0","802.0","314.0"
"1904.0","4195.0","4250.0","434.0","31.0","4313.0","2773.0","10.0","710.0","295.0"
"3253.0","6971.0","6704.0","639.0","76.0","4361.0","3939.0","19.0","1302.0","540.0"
"3520.0","7042.0","6977.0","669.0","50.0","5020.0","4249.0","14.0","1312.0","540.0"
"3243.0","6826.0","6966.0","680.0","44.0","6235.0","4081.0","22.0","1327.0","494.0"
"3166.0","6993.0","6757.0","892.0","68.0","6730.0","4466.0","14.0","1385.0","469.0"
"2589.0","5912.0","5973.0","614.0","66.0","6087.0","3998.0","16.0","1139.0","415.0"
"1910.0","4747.0","4126.0","427.0","83.0","5132.0","2657.0","15.0","808.0","263.0"
"1877.0","4748.0","5352.0","478.0","107.0","5120.0","2826.0","13.0","868.0","380.0"
"2639.0","5965.0","5838.0","525.0","41.0","6529.0","3615.0","17.0","1188.0","416.0"
"3312.0","6786.0","6539.0","610.0","41.0","7088.0","4037.0","15.0","1349.0","476.0"
"3240.0","6838.0","6348.0","595.0","40.0","6525.0","3910.0","15.0","1266.0","505.0"
"3081.0","6544.0","6466.0","592.0","37.0","6510.0","3790.0","23.0","1185.0","494.0"
"2586.0","5519.0","5754.0","490.0","34.0","5841.0","3580.0","13.0","1097.0","388.0"
"2074.0","3686.0","3999.0","396.0","19.0","5209.0","2529.0","8.0","791.0","280.0"
"1735.0","4004.0","3921.0","358.0","18.0","5111.0","2494.0","27.0","708.0","295.0"
"2196.0","5560.0","5528.0","532.0","30.0","6253.0","3301.0","19.0","964.0","372.0"
"3030.0","7515.0","6761.0","603.0","49.0","6944.0","4266.0","19.0","1277.0","425.0"
"3290.0","7450.0","7138.0","586.0","125.0","6361.0","4299.0","15.0","1243.0","476.0"
"3380.0","6854.0","7078.0","588.0","27.0","6903.0","4047.0","18.0","1404.0","437.0"
"3490.0","5517.0","6033.0","545.0","29.0","5706.0","3803.0","19.0","1101.0","430.0"
"17152.0","5653.0","5789.0","404.0","34.0","5436.0","3999.0","14.0","705.0","298.0"
"14176.0","5318.0","5586.0","419.0","23.0","5703.0","4029.0","8.0","808.0","303.0"
"14515.0","7332.0","7275.0","593.0","37.0","6917.0","5010.0","16.0","1194.0","441.0"
"12635.0","7294.0","7202.0","553.0","82.0","7082.0","5086.0","18.0","1272.0","440.0"
"10346.0","7486.0","7160.0","626.0","46.0","6600.0","5326.0","22.0","1224.0","476.0"
"11684.0","7091.0","7199.0","609.0","37.0","5894.0","5388.0","16.0","1209.0","461.0"
"6703.0","6535.0","6523.0","482.0","40.0","4834.0","4225.0","24.0","1110.0","338.0"
"3930.0","4443.0","4747.0","411.0","31.0","3995.0","3025.0","8.0","777.0","325.0"
"3232.0","4427.0","4508.0","427.0","23.0","5133.0","3006.0","17.0","792.0","298.0"
"5400.0","6470.0","6519.0","672.0","30.0","5919.0","4687.0","9.0","1244.0","461.0"
"5923.0","6442.0","6600.0","618.0","37.0","5421.0","4515.0","11.0","1251.0","437.0"
"6050.0","7016.0","6804.0","628.0","27.0","5504.0","5254.0","16.0","1344.0","447.0"
"4296.0","7520.0","6225.0","579.0","114.0","5164.0","4431.0","10.0","1272.0","428.0"
"3620.0","5626.0","6178.0","535.0","56.0","4529.0","4142.0","16.0","1073.0","430.0"
"2359.0","3972.0","3991.0","369.0","18.0","3801.0","2855.0","5.0","899.0","294.0"
"2275.0","4084.0","4150.0","434.0","24.0","3982.0","2935.0","11.0","865.0","300.0"
"3555.0","6224.0","6365.0","591.0","40.0","5140.0","4190.0","21.0","1278.0","418.0"
"4226.0","6713.0","7631.0","585.0","47.0","5221.0","7795.0","19.0","1396.0","461.0"
"4108.0","6278.0","7288.0","593.0","38.0","4919.0","4478.0","11.0","1321.0","559.0"
"3745.0","6245.0","6388.0","583.0","38.0","4605.0","4375.0","9.0","1198.0","528.0"
"3201.0","5243.0","5631.0","469.0","37.0","4454.0","3829.0","4.0","1085.0","470.0"
"2118.0","3964.0","4077.0","382.0","27.0","3856.0","2990.0","10.0","722.0","392.0"
"2080.0","3835.0","4099.0","391.0","24.0","4042.0","2919.0","6.0","721.0","385.0"
"3398.0","5966.0","7954.0","557.0","52.0","5633.0","5569.0","9.0","1093.0","455.0"
"4015.0","7184.0","10577.0","593.0","67.0","5547.0","6778.0","7.0","1278.0","486.0"
"3387.0","6180.0","7065.0","1012.0","68.0","5240.0","4640.0","15.0","1217.0","500.0"
"3461.0","6162.0","6663.0","703.0","67.0","5279.0","5170.0","13.0","1202.0","464.0"
"2777.0","5040.0","5473.0","553.0","46.0","4554.0","3816.0","10.0","1010.0","320.0"
"2145.0","3798.0","4122.0","366.0","30.0","3958.0","2852.0","9.0","654.0","250.0"
"2101.0","3518.0","4138.0","407.0","21.0","3883.0","2893.0","6.0","671.0","201.0"
"3015.0","5372.0","5769.0","588.0","68.0","4663.0","3852.0","13.0","1145.0","332.0"
"3224.0","5780.0","6428.0","550.0","69.0","5114.0","3983.0","8.0","1109.0","402.0"
"3195.0","5833.0","6313.0","500.0","73.0","4857.0","3835.0","8.0","1098.0","423.0"
"2317.0","6195.0","4604.0","431.0","87.0","4166.0","3027.0","8.0","829.0","341.0"
"2179.0","4452.0","4260.0","365.0","63.0","3831.0","2899.0","9.0","839.0","242.0"
"1661.0","3614.0","3679.0","330.0","34.0","3640.0","2455.0","9.0","577.0","241.0"
"1828.0","3735.0","3761.0","406.0","32.0","3982.0","2411.0","9.0","723.0","242.0"
"2876.0","5613.0","5510.0","530.0","73.0","4772.0","3506.0","12.0","1102.0","360.0"
"3184.0","6086.0","6162.0","559.0","63.0","5004.0","3787.0","10.0","1271.0","375.0"
"3024.0","6049.0","5861.0","570.0","85.0","4883.0","3913.0","25.0","1050.0","372.0"
"2947.0","5612.0","5915.0","501.0","78.0","4907.0","3263.0","11.0","998.0","370.0"
"2606.0","4792.0","5398.0","465.0","59.0","4071.0","2750.0","18.0","919.0","332.0"
"1728.0","3690.0","3945.0","310.0","35.0","3466.0","2310.0","8.0","726.0","273.0"
"1661.0","3497.0","3675.0","340.0","40.0","3567.0","2408.0","6.0","601.0","172.0"
"2605.0","5602.0","5644.0","494.0","91.0","5202.0","3740.0","13.0","1087.0","378.0"
"2827.0","5785.0","6107.0","516.0","72.0","5202.0","3627.0","15.0","1192.0","384.0"
"2944.0","5927.0","6094.0","486.0","77.0","4811.0","3455.0","22.0","1180.0","402.0"
"2765.0","5549.0","5991.0","472.0","84.0","4560.0","3268.0","6.0","1101.0","386.0"
"3228.0","4929.0","5161.0","462.0","110.0","4281.0","2915.0","10.0","1031.0","286.0"
"2175.0","3639.0","4103.0","360.0","65.0","3606.0","2187.0","11.0","665.0","210.0"
"1926.0","3411.0","4376.0","344.0","99.0","3391.0","2223.0","16.0","676.0","252.0"
"2915.0","5808.0","5810.0","525.0","125.0","4827.0","3412.0","22.0","1307.0","369.0"
"0.0","0.0","0.0","0.0","0.0","0.0","0.0","0.0","0.0","0.0"
"1160.0","2057.0","2732.0","212.0","68.0","1800.0","1741.0","6.0","427.0","117.0"
"2604.0","5316.0","5650.0","540.0","314.0","4405.0","3196.0","11.0","911.0","335.0"
"2690.0","6200.0","5623.0","495.0","310.0","3863.0","3526.0","16.0","904.0","392.0"
"1794.0","4147.0","4226.0","444.0","284.0","3350.0","2873.0","12.0","650.0","316.0"
"1752.0","4856.0","5222.0","412.0","2548.0","3368.0","3424.0","13.0","581.0","335.0"
"2886.0","6962.0","6391.0","545.0","449.0","4269.0","4230.0","8.0","945.0","324.0"
"2563.0","5889.0","5904.0","559.0","143.0","4240.0","3773.0","7.0","1031.0","325.0"
"2652.0","5327.0","5682.0","547.0","81.0","4391.0","3105.0","13.0","977.0","318.0"
"2940.0","5331.0","5295.0","417.0","84.0","4050.0","2857.0","7.0","959.0","356.0"
"3200.0","4958.0","4682.0","408.0","67.0","3710.0","2782.0","12.0","868.0","281.0"
"1789.0","3733.0","4035.0","406.0","26.0","3069.0","2159.0","10.0","582.0","235.0"
"1480.0","3240.0","3179.0","349.0","48.0","3367.0","2032.0","7.0","571.0","240.0"
"2410.0","4904.0","5199.0","442.0","37.0","4206.0","2709.0","17.0","848.0","293.0"
"2439.0","5186.0","5392.0","458.0","54.0","4829.0","2803.0","7.0","878.0","352.0"
"2849.0","5096.0","5351.0","476.0","40.0","4548.0","2910.0","19.0","1025.0","354.0"
"2987.0","4789.0","4838.0","385.0","33.0","4004.0","2836.0","7.0","793.0","283.0"
"2410.0","4454.0","4581.0","381.0","34.0","3715.0","2438.0","17.0","778.0","264.0"
"1595.0","3192.0","3456.0","333.0","20.0","3967.0","2036.0","230.0","533.0","191.0"
"1539.0","3169.0","3782.0","349.0","27.0","3494.0","2140.0","1158.0","698.0","234.0"
"2372.0","4808.0","5091.0","447.0","49.0","4387.0","2840.0","837.0","931.0","288.0"
"2821.0","5286.0","7244.0","432.0","36.0","4268.0","3157.0","11.0","958.0","348.0"
"2760.0","5474.0","6585.0","474.0","50.0","4241.0","2909.0","17.0","965.0","344.0"
"2464.0","5012.0","5903.0","419.0","28.0","4071.0","2799.0","5.0","866.0","312.0"
"2159.0","4562.0","5054.0","384.0","27.0","3725.0","2518.0","8.0","880.0","308.0"
"1572.0","3450.0","3816.0","354.0","32.0","3761.0","2013.0","16.0","592.0","219.0"
"1606.0","3328.0","3605.0","291.0","19.0","3570.0","2170.0","16.0","608.0","306.0"
"2418.0","4831.0","5009.0","426.0","36.0","4294.0","2710.0","14.0","879.0","372.0"
"2332.0","4693.0","4753.0","452.0","43.0","3342.0","2609.0","21.0","900.0","330.0"
"2541.0","4581.0","4701.0","458.0","22.0","3340.0","2467.0","24.0","949.0","304.0"
"2311.0","4418.0","4727.0","417.0","43.0","3505.0","2592.0","12.0","916.0","340.0"
"3694.0","4586.0","4526.0","367.0","17.0","3212.0","2548.0","8.0","844.0","307.0"
"1927.0","3158.0","3401.0","294.0","35.0","2617.0","1994.0","15.0","510.0","188.0"
"1526.0","2820.0","3091.0","312.0","20.0","2685.0","1913.0","5.0","509.0","200.0"
"2430.0","4159.0","4399.0","389.0","34.0","3491.0","2468.0","9.0","842.0","253.0"
"2519.0","4695.0","4724.0","438.0","26.0","3476.0","2596.0","7.0","860.0","296.0"
"2495.0","4802.0","5362.0","421.0","31.0","3314.0","2756.0","13.0","968.0","274.0"
"2463.0","4585.0","5178.0","381.0","37.0","3380.0","2671.0","11.0","921.0","331.0"
"2684.0","4085.0","4528.0","349.0","25.0","3229.0","2394.0","10.0","781.0","314.0"
"1938.0","3098.0","3214.0","423.0","25.0","2577.0","1843.0","30.0","593.0","185.0"
"1505.0","3073.0","3081.0","411.0","35.0","3692.0","1856.0","10.0","587.0","181.0"
"1844.0","3780.0","3492.0","348.0","26.0","3622.0","2285.0","30.0","689.0","249.0"
"2287.0","4341.0","4251.0","408.0","29.0","3705.0","2630.0","16.0","939.0","304.0"
"2468.0","4754.0","4739.0","432.0","32.0","3555.0","2721.0","9.0","926.0","318.0"
"2415.0","4588.0","4542.0","405.0","30.0","3486.0","2684.0","19.0","965.0","276.0"
"2120.0","4178.0","4284.0","373.0","20.0","3067.0","2285.0","14.0","777.0","279.0"
"1454.0","3073.0","3119.0","313.0","53.0","2532.0","1719.0","18.0","569.0","225.0"
"1570.0","3135.0","3148.0","314.0","16.0","2746.0","1965.0","9.0","582.0","252.0"
"2790.0","4444.0","4495.0","430.0","21.0","3662.0","2542.0","13.0","871.0","349.0"
"2458.0","4742.0","4789.0","506.0","28.0","3723.0","2782.0","19.0","866.0","331.0"
"2484.0","4759.0","5524.0","435.0","32.0","3618.0","2755.0","12.0","874.0","368.0"
"2337.0","4880.0","5121.0","467.0","41.0","3542.0","2805.0","16.0","891.0","356.0"
"2172.0","4367.0","4820.0","458.0","32.0","3484.0","2749.0","8.0","838.0","326.0"
"1509.0","3172.0","3359.0","331.0","25.0","3122.0","2224.0","18.0","573.0","258.0"
"1570.0","3060.0","3158.0","329.0","22.0","2973.0","2122.0","11.0","566.0","199.0"
"2401.0","4905.0","4587.0","402.0","25.0","3655.0","2668.0","15.0","873.0","356.0"
"2456.0","5071.0","4705.0","457.0","24.0","3755.0","2767.0","11.0","841.0","333.0"
"2492.0","4955.0","5379.0","430.0","19.0","3998.0","2880.0","19.0","890.0","369.0"
"2441.0","4755.0","4898.0","413.0","42.0","3649.0","2630.0","12.0","859.0","346.0"
"2617.0","4285.0","4587.0","379.0","27.0","3613.0","2525.0","19.0","867.0","317.0"
"2674.0","3116.0","3264.0","271.0","20.0","2780.0","2019.0","16.0","541.0","227.0"
"2373.0","3110.0","3187.0","333.0","22.0","2989.0","2102.0","12.0","566.0","242.0"
"2693.0","4331.0","4491.0","359.0","29.0","3700.0","2672.0","17.0","963.0","357.0"
"2712.0","4616.0","4804.0","482.0","29.0","4147.0","2775.0","6.0","891.0","352.0"
"2605.0","4492.0","4691.0","424.0","38.0","4018.0","2780.0","13.0","863.0","382.0"
"2440.0","4412.0","4502.0","417.0","20.0","3540.0","2808.0","12.0","950.0","310.0"
"2222.0","4032.0","4205.0","398.0","46.0","3432.0","2309.0","8.0","934.0","303.0"
"1434.0","2883.0","3071.0","274.0","35.0","2741.0","1809.0","11.0","658.0","285.0"
"1493.0","2820.0","2961.0","379.0","30.0","2945.0","2028.0","16.0","533.0","235.0"
"2307.0","4372.0","4727.0","470.0","32.0","3725.0","2727.0","9.0","892.0","358.0"
"2549.0","5014.0","5415.0","476.0","39.0","4489.0","2841.0","11.0","1063.0","400.0"
"2464.0","4770.0","4959.0","436.0","31.0","4285.0","2968.0","10.0","1033.0","366.0"
"2469.0","4615.0","4714.0","460.0","19.0","4232.0","2672.0","7.0","1035.0","307.0"
"1817.0","3559.0","4318.0","338.0","40.0","3390.0","2159.0","17.0","849.0","342.0"
"1412.0","2831.0","3130.0","308.0","18.0","2940.0","1654.0","10.0","584.0","210.0"
"1426.0","2880.0","3076.0","316.0","26.0","2922.0","1725.0","11.0","572.0","223.0"
"2227.0","4332.0","4464.0","391.0","27.0","3732.0","2284.0","19.0","899.0","336.0"
"2449.0","4508.0","5056.0","471.0","18.0","3830.0","2764.0","25.0","992.0","357.0"
"2292.0","4766.0","5960.0","414.0","18.0","3965.0","2550.0","9.0","1075.0","377.0"
"2493.0","4505.0","5031.0","399.0","22.0","3422.0","2398.0","15.0","1059.0","374.0"
"1943.0","3935.0","4264.0","345.0","27.0","3272.0","2090.0","6.0","931.0","297.0"
"1344.0","2838.0","3044.0","296.0","20.0","2623.0","1728.0","5.0","560.0","224.0"
"1377.0","2692.0","2982.0","282.0","11.0","2873.0","1664.0","8.0","636.0","222.0"
"1893.0","4049.0","4410.0","412.0","24.0","3995.0","2168.0","13.0","907.0","355.0"
"1998.0","4344.0","5764.0","380.0","41.0","3761.0","2454.0","14.0","989.0","349.0"
"2069.0","4271.0","4826.0","423.0","35.0","3674.0","2398.0","7.0","913.0","336.0"
"2159.0","4311.0","4752.0","377.0","26.0","3596.0","2291.0","7.0","928.0","303.0"
"2097.0","4142.0","4431.0","354.0","25.0","3464.0","2184.0","20.0","868.0","347.0"
"1431.0","2879.0","3012.0","273.0","33.0","3121.0","1721.0","8.0","639.0","248.0"
"1365.0","2927.0","2889.0","271.0","19.0","3153.0","1795.0","5.0","630.0","235.0"
"2263.0","4589.0","4705.0","380.0","24.0","4124.0","2507.0","13.0","1019.0","373.0"
"2089.0","4559.0","4970.0","372.0","24.0","4268.0","2485.0","25.0","1012.0","392.0"
"2023.0","4822.0","5206.0","427.0","23.0","4099.0","2658.0","14.0","987.0","393.0"
"2134.0","4884.0","5205.0","400.0","23.0","3816.0","2394.0","18.0","1035.0","370.0"
"2543.0","4289.0","4826.0","369.0","16.0","3239.0","2384.0","11.0","922.0","322.0"
"3061.0","3279.0","3832.0","267.0","19.0","3077.0","2149.0","23.0","588.0","276.0"
"1636.0","3228.0","3383.0","300.0","13.0","3206.0","2042.0","19.0","601.0","264.0"
"2067.0","4495.0","4833.0","399.0","22.0","4002.0","2751.0","7.0","954.0","390.0"
"2370.0","4834.0","5270.0","431.0","13.0","4222.0","2836.0","19.0","988.0","384.0"
"2281.0","4630.0","4971.0","380.0","20.0","3816.0","2854.0","9.0","1020.0","428.0"
"1964.0","4219.0","4757.0","400.0","22.0","3792.0","2584.0","36.0","964.0","359.0"
"1785.0","3624.0","4059.0","378.0","16.0","3095.0","2195.0","6.0","794.0","308.0"
"1569.0","2711.0","3036.0","269.0","11.0","2771.0","1762.0","14.0","621.0","238.0"
"1434.0","2778.0","2998.0","258.0","14.0","2868.0","1980.0","17.0","610.0","273.0"
"2259.0","4331.0","4801.0","422.0","22.0","3831.0","2657.0","16.0","865.0","419.0"
"2303.0","4677.0","5806.0","481.0","23.0","3621.0","2769.0","14.0","939.0","475.0"
"2190.0","4781.0","5979.0","442.0","20.0","3627.0","3042.0","10.0","951.0","454.0"
"2388.0","4710.0","5633.0","400.0","20.0","3770.0","2924.0","12.0","1016.0","428.0"
"1748.0","4057.0","4715.0","352.0","26.0","3382.0","2494.0","14.0","897.0","366.0"
"1402.0","2791.0","3341.0","307.0","18.0","2888.0","1991.0","11.0","587.0","284.0"
"1798.0","3946.0","3255.0","301.0","13.0","3581.0","2043.0","7.0","655.0","271.0"
"2703.0","5550.0","4555.0","399.0","37.0","4706.0","3016.0","12.0","961.0","397.0"
"2750.0","5993.0","5231.0","490.0","28.0","4593.0","3241.0","16.0","1108.0","395.0"
"2646.0","5614.0","5430.0","514.0","36.0","4653.0","3199.0","15.0","1038.0","449.0"
"2426.0","5449.0","5121.0","459.0","26.0","4278.0","2991.0","7.0","1062.0","440.0"
"2590.0","5525.0","5834.0","448.0","21.0","3998.0","2922.0","8.0","964.0","388.0"
"2048.0","4372.0","4765.0","402.0","28.0","3342.0","2335.0","6.0","741.0","293.0"
"2018.0","4202.0","4665.0","392.0","26.0","3620.0","2306.0","11.0","708.0","357.0"
"3099.0","5847.0","6209.0","513.0","37.0","4393.0","3236.0","15.0","1125.0","451.0"
"2908.0","6037.0","5796.0","560.0","20.0","4648.0","2936.0","16.0","1183.0","459.0"
"2471.0","5888.0","5215.0","467.0","33.0","4251.0","2790.0","14.0","969.0","499.0"
"2406.0","5985.0","5572.0","462.0","48.0","4047.0","2757.0","14.0","966.0","477.0"
"1959.0","5516.0","4648.0","396.0","33.0","3743.0","2421.0","20.0","878.0","325.0"
"1569.0","4307.0","3527.0","356.0","21.0","2762.0","1935.0","9.0","594.0","270.0"
"1423.0","4075.0","3295.0","380.0","24.0","2853.0","2000.0","8.0","630.0","300.0"
"2164.0","5645.0","5044.0","491.0","31.0","3413.0","2639.0","27.0","926.0","400.0"
"2092.0","5829.0","4911.0","500.0","27.0","3536.0","2910.0","11.0","939.0","502.0"
"1870.0","5503.0","4515.0","397.0","26.0","3367.0","2646.0","15.0","843.0","419.0"
"1598.0","4786.0","3535.0","391.0","40.0","3119.0","2472.0","9.0","791.0","335.0"
"1432.0","4341.0","3224.0","352.0","26.0","2788.0","2077.0","11.0","640.0","353.0"
"1315.0","3965.0","2848.0","318.0","25.0","2787.0","1823.0","7.0","605.0","352.0"
"1534.0","3982.0","3226.0","362.0","59.0","2764.0","2005.0","14.0","718.0","366.0"
"2450.0","6061.0","7402.0","470.0","63.0","3692.0","3051.0","18.0","989.0","457.0"
"2388.0","6762.0","7975.0","462.0","51.0","4469.0","3332.0","12.0","1042.0","478.0"
"2579.0","6383.0","5468.0","498.0","50.0","3955.0","3301.0","14.0","1119.0","498.0"
"2262.0","6535.0","5495.0","505.0","66.0","3693.0","3113.0","21.0","1100.0","627.0"
"2061.0","5571.0","4768.0","466.0","28.0","3230.0","2542.0","13.0","977.0","493.0"
"1625.0","4779.0","4760.0","413.0","22.0","2865.0","2266.0","17.0","714.0","446.0"
"1652.0","4747.0","4401.0","447.0","33.0","3071.0","2297.0","16.0","731.0","369.0"
"2630.0","6260.0","5504.0","558.0","37.0","3990.0","2989.0","8.0","1051.0","485.0"
"2653.0","6453.0","5433.0","559.0","37.0","3863.0","3044.0","17.0","1152.0","554.0"
"2350.0","6332.0","5559.0","547.0","52.0","3665.0","2900.0","15.0","1083.0","550.0"
"2082.0","5685.0","4355.0","404.0","24.0","2898.0","2417.0","7.0","837.0","439.0"
"1846.0","4583.0","3898.0","370.0","20.0","2584.0","2285.0","10.0","704.0","385.0"
"1257.0","2582.0","2792.0","265.0","14.0","2070.0","1666.0","14.0","623.0","296.0"
"1277.0","2745.0","2806.0","280.0","18.0","4126.0","2103.0","17.0","673.0","341.0"
"1984.0","4062.0","4336.0","393.0","19.0","5515.0","2528.0","15.0","862.0","404.0"
"2152.0","4078.0","4951.0","414.0","22.0","3839.0","2614.0","8.0","860.0","430.0"
"1998.0","3789.0","4512.0","356.0","25.0","3308.0","2323.0","12.0","786.0","408.0"
"1871.0","3521.0","4174.0","391.0","24.0","2827.0","2431.0","8.0","816.0","361.0"
"1509.0","2973.0","3349.0","330.0","24.0","2379.0","1910.0","9.0","660.0","271.0"
"1121.0","2229.0","2704.0","240.0","9.0","1914.0","1595.0","7.0","462.0","190.0"
"1108.0","2300.0","2553.0","252.0","6.0","2061.0","1540.0","12.0","456.0","168.0"
"1432.0","2866.0","3606.0","292.0","23.0","3433.0","1886.0","8.0","614.0","222.0"
"1152.0","2436.0","2783.0","271.0","14.0","2371.0","1701.0","3.0","473.0","195.0"
"932.0","1902.0","2148.0","204.0","21.0","1831.0","1264.0","7.0","373.0","182.0"
"1298.0","2521.0","2913.0","251.0","17.0","2084.0","1633.0","2.0","591.0","224.0"
"1541.0","2791.0","3195.0","314.0","11.0","2250.0","1779.0","7.0","538.0","225.0"
"1213.0","2183.0","2710.0","262.0","21.0","3574.0","1695.0","13.0","454.0","192.0"
"1046.0","2053.0","2476.0","260.0","11.0","2249.0","1606.0","6.0","425.0","188.0"
"1484.0","2868.0","5203.0","359.0","20.0","2534.0","2457.0","5.0","622.0","290.0"
"1324.0","2643.0","4238.0","279.0","12.0","1965.0","1795.0","16.0","511.0","246.0"
"980.0","1903.0","2538.0","259.0","24.0","1704.0","1439.0","8.0","465.0","203.0"
"1533.0","2927.0","3431.0","331.0","15.0","2457.0","2125.0","8.0","655.0","278.0"
"1795.0","3299.0","3746.0","361.0","17.0","2568.0","2138.0","16.0","670.0","318.0"
"1275.0","2585.0","2830.0","300.0","12.0","2154.0","1789.0","1.0","447.0","224.0"
"240.0","423.0","703.0","49.0","1.0","407.0","314.0","1.0","78.0","43.0"
"0.0","0.0","0.0","0.0","0.0","0.0","0.0","0.0","0.0","0.0"
"2338.0","4175.0","4998.0","468.0","30.0","3548.0","2745.0","16.0","947.0","387.0"
"2294.0","4277.0","4803.0","524.0","25.0","3240.0","2628.0","17.0","855.0","486.0"
"2295.0","4122.0","4560.0","464.0","21.0","3005.0","2517.0","21.0","822.0","413.0"
"2192.0","4083.0","4597.0","440.0","34.0","3109.0","2648.0","16.0","796.0","395.0"
