"Listeriosis","Listeria_monocytogenes","Central_nervous_system","Meningitis","Meningoencephalitis","Brain_abscess","Immunodeficiency","Gastroenteritis","Gentamicin","Listeria"
"326.0","534.0","1892.0","14746.0","162.0","240.0","449.0","4347.0","887.0","676.0"
"326.0","550.0","2043.0","6512.0","165.0","264.0","475.0","4879.0","909.0","734.0"
"428.0","740.0","2840.0","8103.0","206.0","292.0","577.0","6481.0","1287.0","999.0"
"432.0","757.0","2821.0","8277.0","188.0","310.0","639.0","6548.0","1232.0","995.0"
"438.0","760.0","2574.0","7967.0","188.0","255.0","561.0","6069.0","1248.0","1044.0"
"409.0","699.0","2446.0","7480.0","185.0","283.0","557.0","5626.0","1219.0","1185.0"
"256.0","478.0","1760.0","6317.0","147.0","250.0","408.0","4867.0","910.0","824.0"
"210.0","315.0","1179.0","5001.0","153.0","189.0","320.0","4138.0","642.0","545.0"
"172.0","251.0","1258.0","5197.0","148.0","201.0","317.0","4477.0","682.0","546.0"
"280.0","356.0","1763.0","6522.0","158.0","249.0","448.0","7825.0","993.0","776.0"
"289.0","380.0","1569.0","6730.0","147.0","290.0","440.0","6578.0","1014.0","744.0"
"315.0","377.0","1474.0","6257.0","141.0","264.0","418.0","6147.0","938.0","765.0"
"247.0","285.0","1302.0","5670.0","126.0","208.0","351.0","5949.0","799.0","608.0"
"169.0","155.0","944.0","4426.0","83.0","147.0","278.0","4068.0","621.0","497.0"
"131.0","143.0","726.0","3550.0","80.0","138.0","194.0","3128.0","513.0","403.0"
"256.0","233.0","1551.0","4330.0","113.0","173.0","242.0","4473.0","700.0","762.0"
"255.0","296.0","1525.0","5351.0","133.0","231.0","319.0","5921.0","806.0","582.0"
"217.0","325.0","1187.0","5719.0","135.0","215.0","325.0","6390.0","852.0","631.0"
"247.0","362.0","1218.0","6358.0","163.0","249.0","362.0","6610.0","883.0","661.0"
"208.0","317.0","1154.0","5835.0","155.0","234.0","368.0","6323.0","858.0","574.0"
"200.0","261.0","1014.0","5030.0","112.0","172.0","305.0","5210.0","734.0","482.0"
"191.0","182.0","984.0","4448.0","104.0","159.0","270.0","4628.0","609.0","457.0"
"241.0","252.0","1299.0","5655.0","122.0","182.0","314.0","5602.0","725.0","516.0"
"273.0","462.0","1770.0","6666.0","196.0","227.0","409.0","6978.0","1004.0","698.0"
"261.0","445.0","1911.0","7270.0","166.0","276.0","410.0","7307.0","1067.0","865.0"
"306.0","539.0","2068.0","7570.0","198.0","260.0","542.0","7309.0","1169.0","831.0"
"343.0","517.0","2071.0","8304.0","203.0","305.0","598.0","7525.0","1264.0","856.0"
"239.0","448.0","1894.0","10795.0","200.0","324.0","493.0","7110.0","1122.0","721.0"
"185.0","288.0","1396.0","12031.0","152.0","233.0","438.0","5223.0","862.0","568.0"
"257.0","402.0","1637.0","6200.0","178.0","288.0","440.0","5700.0","975.0","750.0"
"254.0","448.0","2217.0","7722.0","212.0","314.0","589.0","7342.0","1144.0","725.0"
"336.0","539.0","2461.0","8469.0","205.0","357.0","601.0","7412.0","1316.0","931.0"
"261.0","547.0","2349.0","8452.0","223.0","330.0","525.0","7015.0","1254.0","826.0"
"341.0","552.0","2415.0","7840.0","216.0","329.0","540.0","6786.0","1212.0","915.0"
"317.0","445.0","2100.0","8200.0","163.0","328.0","472.0","6417.0","1177.0","812.0"
"231.0","311.0","1539.0","6012.0","137.0","251.0","362.0","4586.0","808.0","615.0"
"252.0","338.0","1928.0","6729.0","160.0","261.0","442.0","5387.0","996.0","657.0"
"345.0","469.0","2343.0","7551.0","158.0","319.0","520.0","6775.0","1133.0","1126.0"
"431.0","615.0","2715.0","8557.0","212.0","342.0","597.0","7651.0","1298.0","1541.0"
"349.0","648.0","2680.0","8393.0","174.0","295.0","595.0","7377.0","1407.0","1165.0"
"328.0","698.0","3009.0","10244.0","221.0","336.0","684.0","6884.0","1365.0","1043.0"
"337.0","517.0","2406.0","7884.0","185.0","287.0","538.0","6100.0","1204.0","1061.0"
"223.0","359.0","1954.0","6805.0","183.0","217.0","389.0","4975.0","970.0","703.0"
"272.0","475.0","2268.0","7313.0","141.0","253.0","497.0","6631.0","963.0","739.0"
"353.0","653.0","2922.0","8971.0","213.0","305.0","586.0","7821.0","1354.0","984.0"
"322.0","606.0","2818.0","9553.0","209.0","284.0","550.0","6411.0","1156.0","848.0"
"343.0","690.0","2895.0","8592.0","230.0","307.0","621.0","6450.0","1186.0","1159.0"
"652.0","1000.0","2607.0","7642.0","186.0","325.0","484.0","5790.0","1040.0","3926.0"
"339.0","677.0","2212.0","7187.0","163.0","251.0","436.0","5052.0","864.0","1635.0"
"237.0","413.0","1402.0","5549.0","142.0","267.0","335.0","4038.0","693.0","694.0"
"250.0","467.0","1750.0","6317.0","139.0","296.0","334.0","4344.0","772.0","671.0"
"351.0","591.0","2570.0","8362.0","192.0","273.0","529.0","6461.0","1015.0","998.0"
"365.0","553.0","2537.0","8385.0","200.0","316.0","561.0","6405.0","1054.0","831.0"
"299.0","529.0","2542.0","7426.0","176.0","274.0","461.0","5862.0","1062.0","802.0"
"275.0","476.0","2536.0","7365.0","189.0","304.0","516.0","5648.0","1029.0","780.0"
"297.0","491.0","2197.0","6573.0","153.0","265.0","486.0","5110.0","974.0","833.0"
"172.0","266.0","1410.0","5075.0","104.0","202.0","360.0","3946.0","677.0","563.0"
"232.0","386.0","1829.0","5577.0","151.0","247.0","331.0","4644.0","740.0","638.0"
"316.0","590.0","2486.0","7502.0","152.0","300.0","538.0","6724.0","1136.0","905.0"
"292.0","618.0","2687.0","7493.0","197.0","299.0","549.0","6209.0","1058.0","768.0"
"265.0","633.0","2653.0","7520.0","216.0","304.0","541.0","6035.0","1070.0","828.0"
"289.0","579.0","2509.0","7601.0","203.0","283.0","530.0","5724.0","1115.0","830.0"
"280.0","482.0","2095.0","7245.0","171.0","273.0","451.0","4782.0","880.0","749.0"
"211.0","362.0","1485.0","6549.0","124.0","225.0","345.0","3999.0","684.0","573.0"
"217.0","428.0","1779.0","6529.0","125.0","204.0","375.0","4441.0","718.0","645.0"
"314.0","585.0","2711.0","7951.0","202.0","286.0","503.0","6071.0","988.0","822.0"
"315.0","563.0","2499.0","8031.0","212.0","301.0","483.0","6293.0","1046.0","789.0"
"295.0","564.0","2773.0","8653.0","223.0","332.0","515.0","6245.0","1053.0","812.0"
"299.0","557.0","2670.0","8887.0","264.0","296.0","472.0","5722.0","968.0","779.0"
"220.0","490.0","1967.0","7616.0","175.0","277.0","473.0","5158.0","854.0","632.0"
"177.0","311.0","1550.0","5668.0","129.0","218.0","336.0","4025.0","611.0","488.0"
"251.0","416.0","1802.0","5572.0","153.0","201.0","386.0","4345.0","815.0","611.0"
"297.0","542.0","2353.0","7115.0","150.0","262.0","499.0","6189.0","1002.0","781.0"
"353.0","611.0","2610.0","7134.0","179.0","299.0","522.0","6251.0","1025.0","802.0"
"307.0","540.0","2406.0","6993.0","207.0","297.0","493.0","5940.0","1061.0","705.0"
"304.0","624.0","2667.0","6988.0","176.0","324.0","524.0","5968.0","1033.0","764.0"
"229.0","433.0","2085.0","6244.0","163.0","269.0","479.0","5182.0","888.0","651.0"
"199.0","331.0","1593.0","5106.0","136.0","236.0","344.0","4080.0","609.0","488.0"
"239.0","686.0","1926.0","5584.0","135.0","250.0","387.0","5023.0","755.0","890.0"
"376.0","801.0","2722.0","6911.0","217.0","288.0","602.0","6766.0","1057.0","1123.0"
"333.0","745.0","2854.0","6692.0","204.0","276.0","607.0","6500.0","985.0","919.0"
"446.0","844.0","2896.0","8086.0","184.0","318.0","598.0","6712.0","1160.0","1502.0"
"401.0","890.0","2630.0","6211.0","179.0","319.0","566.0","6580.0","1045.0","1106.0"
"304.0","517.0","2354.0","5661.0","138.0","253.0","471.0","5363.0","922.0","737.0"
"232.0","369.0","1547.0","4336.0","150.0","229.0","386.0","4731.0","666.0","568.0"
"235.0","415.0","1954.0","4938.0","175.0","234.0","420.0","4920.0","783.0","603.0"
"359.0","650.0","2747.0","6679.0","208.0","386.0","578.0","6960.0","1098.0","908.0"
"355.0","623.0","2769.0","6561.0","217.0","330.0","588.0","6558.0","985.0","770.0"
"324.0","614.0","2824.0","6577.0","210.0","349.0","532.0","6522.0","1136.0","817.0"
"342.0","628.0","2673.0","6635.0","209.0","307.0","558.0","6252.0","1022.0","785.0"
"263.0","516.0","2025.0","5275.0","159.0","207.0","470.0","4990.0","837.0","661.0"
"172.0","349.0","1635.0","4207.0","104.0","219.0","313.0","3860.0","664.0","417.0"
"207.0","378.0","2034.0","5205.0","284.0","262.0","381.0","4592.0","747.0","620.0"
"324.0","543.0","2636.0","6134.0","288.0","285.0","511.0","6091.0","992.0","844.0"
"282.0","661.0","3063.0","6359.0","285.0","281.0","626.0","6048.0","1054.0","905.0"
"300.0","643.0","2855.0","6605.0","258.0","283.0","617.0","5768.0","1059.0","736.0"
"266.0","553.0","2478.0","6153.0","214.0","284.0","469.0","5452.0","986.0","782.0"
"240.0","450.0","1895.0","5163.0","155.0","217.0","386.0","5026.0","829.0","687.0"
"196.0","374.0","1391.0","4327.0","118.0","217.0","321.0","3819.0","618.0","484.0"
"232.0","385.0","1595.0","4230.0","117.0","168.0","326.0","4029.0","678.0","567.0"
"325.0","646.0","2428.0","6158.0","186.0","263.0","554.0","5931.0","1080.0","778.0"
"347.0","710.0","2395.0","5866.0","237.0","296.0","559.0","6040.0","1010.0","790.0"
"327.0","679.0","2580.0","6436.0","164.0","314.0","476.0","5938.0","1071.0","870.0"
"476.0","785.0","2382.0","6186.0","226.0","311.0","494.0","5702.0","1116.0","936.0"
"405.0","793.0","1897.0","5358.0","152.0","277.0","443.0","4832.0","915.0","804.0"
"249.0","526.0","1332.0","4226.0","120.0","232.0","341.0","3966.0","665.0","571.0"
"231.0","511.0","1656.0","4554.0","138.0","221.0","355.0","4277.0","722.0","567.0"
"369.0","786.0","2502.0","6457.0","225.0","322.0","570.0","6307.0","1086.0","1026.0"
"306.0","863.0","2420.0","6518.0","219.0","275.0","532.0","6227.0","1061.0","940.0"
"317.0","827.0","2299.0","6373.0","234.0","325.0","554.0","6078.0","1097.0","1181.0"
"334.0","760.0","2387.0","6202.0","266.0","342.0","571.0","5652.0","1039.0","1128.0"
"269.0","641.0","1842.0","5094.0","213.0","290.0","401.0","4542.0","921.0","741.0"
"161.0","469.0","1296.0","4870.0","148.0","219.0","332.0","3743.0","642.0","478.0"
"214.0","551.0","1644.0","4863.0","140.0","209.0","371.0","4378.0","691.0","557.0"
"296.0","791.0","2311.0","6373.0","209.0","332.0","559.0","5971.0","998.0","787.0"
"287.0","823.0","2330.0","6347.0","176.0","269.0","633.0","5953.0","1155.0","849.0"
"244.0","683.0","2384.0","6658.0","182.0","340.0","539.0","5813.0","1035.0","823.0"
"254.0","735.0","2198.0","7071.0","194.0","277.0","561.0","5261.0","1066.0","852.0"
"238.0","600.0","1912.0","6111.0","153.0","278.0","404.0","4749.0","969.0","748.0"
"196.0","346.0","1363.0","4335.0","108.0","216.0","295.0","3512.0","627.0","451.0"
"232.0","505.0","1568.0","4702.0","148.0","222.0","364.0","4143.0","773.0","558.0"
"320.0","776.0","2646.0","6577.0","190.0","318.0","533.0","6120.0","1138.0","928.0"
"331.0","754.0","2498.0","6446.0","238.0","327.0","568.0","6158.0","1168.0","779.0"
"340.0","696.0","2408.0","7137.0","236.0","287.0","545.0","5798.0","1051.0","826.0"
"337.0","676.0","2363.0","6677.0","222.0","370.0","547.0","5760.0","1147.0","851.0"
"226.0","507.0","1812.0","5608.0","166.0","268.0","421.0","4634.0","858.0","585.0"
"201.0","393.0","1358.0","5401.0","103.0","207.0","318.0","4033.0","672.0","531.0"
"258.0","426.0","1597.0","5931.0","162.0","199.0","382.0","4225.0","756.0","825.0"
"317.0","686.0","2263.0","7047.0","189.0","289.0","596.0","5921.0","1104.0","775.0"
"294.0","705.0","2111.0","6306.0","197.0","269.0","587.0","5728.0","955.0","830.0"
"279.0","672.0","2165.0","6277.0","244.0","288.0","597.0","5651.0","1074.0","907.0"
"278.0","610.0","1948.0","5840.0","181.0","280.0","516.0","5476.0","982.0","716.0"
"221.0","473.0","1438.0","5037.0","108.0","265.0","406.0","4321.0","763.0","622.0"
"182.0","347.0","1327.0","4148.0","164.0","232.0","349.0","3870.0","685.0","474.0"
"198.0","380.0","1285.0","4569.0","157.0","207.0","293.0","3828.0","691.0","976.0"
"289.0","611.0","2145.0","6062.0","194.0","248.0","491.0","5285.0","940.0","821.0"
"349.0","708.0","2412.0","6650.0","185.0","307.0","580.0","5859.0","1081.0","786.0"
"298.0","705.0","2308.0","6457.0","167.0","299.0","567.0","6294.0","1125.0","757.0"
"298.0","764.0","2354.0","6559.0","198.0","246.0","624.0","5545.0","1105.0","808.0"
"261.0","511.0","1759.0","5264.0","135.0","241.0","442.0","4033.0","890.0","717.0"
"263.0","457.0","1363.0","4242.0","128.0","207.0","334.0","3651.0","661.0","573.0"
"275.0","529.0","1669.0","4770.0","126.0","211.0","372.0","3867.0","817.0","548.0"
"317.0","779.0","2322.0","5972.0","171.0","263.0","513.0","4821.0","1004.0","800.0"
"291.0","825.0","2368.0","6161.0","209.0","289.0","508.0","5441.0","1127.0","803.0"
"601.0","975.0","2611.0","6434.0","219.0","337.0","562.0","5436.0","1117.0","1547.0"
"446.0","855.0","2511.0","6130.0","227.0","342.0","488.0","5254.0","1029.0","1655.0"
"384.0","683.0","2134.0","5375.0","171.0","280.0","501.0","4488.0","906.0","1440.0"
"295.0","472.0","1362.0","4378.0","132.0","264.0","382.0","3575.0","646.0","767.0"
"297.0","511.0","1539.0","4631.0","149.0","226.0","386.0","3876.0","718.0","980.0"
"336.0","740.0","2761.0","7586.0","197.0","286.0","566.0","5459.0","1059.0","1052.0"
"270.0","617.0","2542.0","6747.0","236.0","291.0","599.0","5414.0","1004.0","1099.0"
"399.0","828.0","2485.0","6488.0","204.0","298.0","569.0","5495.0","1077.0","2281.0"
"310.0","706.0","2369.0","6181.0","172.0","299.0","562.0","5127.0","1047.0","1024.0"
"253.0","523.0","2005.0","5570.0","126.0","225.0","455.0","4491.0","955.0","814.0"
"267.0","399.0","1326.0","4278.0","129.0","199.0","324.0","3522.0","656.0","760.0"
"254.0","503.0","1763.0","4925.0","120.0","239.0","407.0","3922.0","795.0","863.0"
"310.0","652.0","2478.0","6335.0","173.0","335.0","556.0","5666.0","1120.0","927.0"
"267.0","733.0","2492.0","6654.0","164.0","298.0","643.0","5578.0","1051.0","811.0"
"349.0","581.0","2436.0","6681.0","205.0","296.0","966.0","5697.0","1127.0","871.0"
"366.0","610.0","2460.0","6511.0","212.0","313.0","614.0","5389.0","1120.0","805.0"
"314.0","526.0","2078.0","5617.0","173.0","249.0","536.0","4622.0","933.0","763.0"
"189.0","291.0","1443.0","4047.0","155.0","194.0","358.0","3416.0","684.0","490.0"
"214.0","398.0","1910.0","4862.0","189.0","231.0","358.0","4011.0","759.0","557.0"
"337.0","535.0","2500.0","6914.0","257.0","283.0","537.0","5673.0","938.0","1117.0"
"285.0","511.0","2438.0","6323.0","190.0","325.0","570.0","5429.0","1023.0","801.0"
"279.0","526.0","5011.0","6071.0","179.0","325.0","486.0","5110.0","953.0","927.0"
"223.0","464.0","3436.0","6015.0","178.0","269.0","495.0","5021.0","1001.0","685.0"
"208.0","366.0","2079.0","5037.0","138.0","210.0","428.0","4208.0","875.0","638.0"
"177.0","362.0","1170.0","3814.0","127.0","200.0","302.0","3166.0","628.0","505.0"
"206.0","380.0","1281.0","4163.0","124.0","220.0","307.0","3508.0","696.0","496.0"
"261.0","416.0","1879.0","5353.0","130.0","202.0","388.0","4255.0","775.0","664.0"
"306.0","572.0","2127.0","5933.0","189.0","280.0","474.0","5232.0","996.0","749.0"
"325.0","540.0","2178.0","5907.0","143.0","283.0","511.0","5134.0","910.0","729.0"
"336.0","546.0","1858.0","5503.0","157.0","250.0","494.0","4869.0","922.0","726.0"
"374.0","600.0","1651.0","5156.0","159.0","216.0","443.0","4445.0","925.0","2666.0"
"195.0","327.0","1249.0","4371.0","93.0","192.0","363.0","3469.0","684.0","900.0"
"178.0","368.0","1410.0","4402.0","105.0","198.0","355.0","3661.0","765.0","602.0"
"266.0","546.0","2048.0","5833.0","153.0","229.0","489.0","4946.0","991.0","755.0"
"274.0","602.0","2081.0","6851.0","166.0","258.0","506.0","4967.0","1071.0","898.0"
"290.0","540.0","1998.0","6155.0","171.0","289.0","480.0","4988.0","951.0","844.0"
"270.0","466.0","1944.0","6189.0","197.0","315.0","459.0","4537.0","954.0","848.0"
"245.0","434.0","1501.0","5917.0","160.0","253.0","399.0","4192.0","868.0","764.0"
"202.0","276.0","1111.0","4592.0","112.0","207.0","307.0","3334.0","664.0","565.0"
"208.0","323.0","1299.0","4410.0","112.0","220.0","346.0","3517.0","718.0","494.0"
"273.0","433.0","1940.0","6014.0","155.0","252.0","631.0","5231.0","964.0","731.0"
"248.0","614.0","1709.0","5603.0","161.0","235.0","618.0","4434.0","869.0","1995.0"
"342.0","666.0","1964.0","6205.0","193.0","318.0","506.0","5162.0","1038.0","1995.0"
"276.0","575.0","1713.0","5679.0","152.0","286.0","615.0","4758.0","979.0","1077.0"
"200.0","480.0","1534.0","5074.0","119.0","303.0","490.0","4135.0","799.0","859.0"
"139.0","276.0","1090.0","4035.0","111.0","201.0","303.0","3331.0","646.0","467.0"
"202.0","341.0","1359.0","4570.0","118.0","225.0","348.0","4005.0","619.0","520.0"
"276.0","528.0","1798.0","5770.0","165.0","275.0","533.0","5328.0","984.0","718.0"
"541.0","608.0","1852.0","5914.0","172.0","334.0","524.0","5163.0","890.0","1469.0"
"484.0","683.0","1888.0","6038.0","169.0","331.0","570.0","5152.0","1051.0","1575.0"
"620.0","832.0","1672.0","5610.0","142.0","341.0","624.0","4837.0","1019.0","2550.0"
"337.0","674.0","1370.0","5186.0","147.0","293.0","411.0","4449.0","836.0","1528.0"
"194.0","344.0","1081.0","4041.0","99.0","212.0","299.0","3123.0","615.0","739.0"
"202.0","401.0","1278.0","4414.0","117.0","218.0","286.0","3645.0","632.0","581.0"
"255.0","550.0","1636.0","5373.0","176.0","260.0","464.0","4854.0","850.0","827.0"
"258.0","544.0","1802.0","5785.0","163.0","273.0","439.0","5121.0","1028.0","865.0"
"253.0","547.0","1918.0","5773.0","184.0","243.0","458.0","4716.0","928.0","728.0"
"227.0","463.0","1550.0","5073.0","152.0","246.0","388.0","4384.0","836.0","698.0"
"206.0","344.0","1228.0","5133.0","139.0","221.0","370.0","3913.0","765.0","587.0"
"185.0","261.0","1174.0","3826.0","85.0","194.0","266.0","3199.0","543.0","486.0"
"170.0","280.0","1240.0","3938.0","67.0","186.0","312.0","3236.0","542.0","440.0"
"242.0","418.0","1643.0","4898.0","141.0","233.0","365.0","4494.0","741.0","610.0"
"257.0","436.0","1765.0","5417.0","198.0","237.0","424.0","4957.0","827.0","731.0"
"283.0","550.0","1763.0","5761.0","190.0","275.0","476.0","5088.0","937.0","953.0"
"269.0","533.0","1703.0","5852.0","169.0","248.0","438.0","4935.0","965.0","1113.0"
"240.0","467.0","1456.0","5438.0","137.0","244.0","331.0","4369.0","851.0","837.0"
"179.0","256.0","1167.0","4300.0","115.0","191.0","252.0","3319.0","588.0","448.0"
"162.0","272.0","1351.0","4295.0","137.0","187.0","279.0","3462.0","596.0","429.0"
"227.0","426.0","1899.0","5685.0","221.0","252.0","431.0","5102.0","871.0","657.0"
"233.0","420.0","1959.0","6224.0","214.0","287.0","466.0","5291.0","1023.0","669.0"
"219.0","416.0","1581.0","5473.0","150.0","250.0","362.0","4320.0","898.0","647.0"
"198.0","403.0","1662.0","5892.0","181.0","248.0","382.0","4522.0","841.0","629.0"
"185.0","333.0","1259.0","5551.0","152.0","232.0","388.0","3815.0","759.0","544.0"
"152.0","275.0","1150.0","4180.0","107.0","196.0","266.0","3240.0","525.0","418.0"
"173.0","340.0","1388.0","4662.0","112.0","222.0","281.0","3604.0","625.0","500.0"
"248.0","466.0","1741.0","5906.0","154.0","255.0","437.0","5407.0","932.0","675.0"
"210.0","393.0","1709.0","5885.0","161.0","269.0","403.0","4750.0","922.0","662.0"
"250.0","473.0","1788.0","5842.0","227.0","321.0","514.0","5105.0","862.0","896.0"
"213.0","462.0","1645.0","5389.0","144.0","253.0","410.0","4422.0","881.0","770.0"
"278.0","387.0","1394.0","5436.0","157.0","233.0","408.0","4186.0","754.0","688.0"
"186.0","257.0","1158.0","4584.0","99.0","185.0","253.0","3134.0","617.0","490.0"
"218.0","270.0","1627.0","4527.0","106.0","212.0","295.0","3353.0","661.0","487.0"
"275.0","409.0","1785.0","6059.0","155.0","297.0","382.0","4873.0","865.0","688.0"
"250.0","477.0","1798.0","6495.0","170.0","326.0","409.0","5249.0","1017.0","682.0"
"354.0","602.0","1739.0","6344.0","177.0","279.0","451.0","4912.0","928.0","1055.0"
"291.0","484.0","1753.0","6121.0","181.0","310.0","442.0","4841.0","920.0","866.0"
"264.0","364.0","1379.0","5505.0","149.0","245.0","321.0","4179.0","753.0","747.0"
"221.0","357.0","1145.0","4320.0","119.0","227.0","253.0","3343.0","571.0","466.0"
"238.0","306.0","1330.0","4753.0","132.0","241.0","294.0","3592.0","562.0","484.0"
"246.0","440.0","1547.0","5761.0","128.0","242.0","407.0","4685.0","799.0","625.0"
"237.0","435.0","1572.0","6899.0","182.0","328.0","389.0","5173.0","993.0","700.0"
"212.0","437.0","1721.0","7396.0","165.0","275.0","410.0","4861.0","959.0","699.0"
"286.0","544.0","1759.0","7196.0","198.0","281.0","397.0","4762.0","971.0","713.0"
"237.0","449.0","1441.0","5656.0","181.0","257.0","434.0","4101.0","868.0","658.0"
"184.0","246.0","1185.0","4642.0","151.0","199.0","284.0","3282.0","589.0","529.0"
"215.0","315.0","1321.0","4834.0","124.0","207.0","268.0","3570.0","642.0","632.0"
"239.0","426.0","1578.0","6205.0","148.0","284.0","397.0","4805.0","895.0","687.0"
"227.0","424.0","1648.0","6397.0","147.0","276.0","416.0","4343.0","912.0","690.0"
"235.0","433.0","1621.0","5977.0","147.0","282.0","402.0","4512.0","913.0","702.0"
"230.0","411.0","1517.0","5851.0","164.0","266.0","403.0","4317.0","917.0","680.0"
"181.0","327.0","1225.0","5242.0","157.0","218.0","304.0","3782.0","790.0","544.0"
"260.0","499.0","1150.0","4426.0","154.0","173.0","269.0","3259.0","608.0","1574.0"
"281.0","410.0","1238.0","4641.0","184.0","194.0","287.0","3230.0","634.0","898.0"
"271.0","499.0","1422.0","6088.0","769.0","243.0","339.0","4233.0","765.0","1112.0"
"237.0","461.0","1384.0","6275.0","460.0","280.0","378.0","4764.0","866.0","953.0"
"240.0","467.0","1469.0","8864.0","575.0","236.0","345.0","4130.0","854.0","729.0"
"230.0","394.0","1319.0","7593.0","724.0","246.0","358.0","3697.0","797.0","615.0"
"261.0","511.0","1424.0","5808.0","373.0","243.0","357.0","4037.0","754.0","597.0"
"156.0","348.0","1035.0","4765.0","136.0","183.0","264.0","3260.0","580.0","453.0"
"180.0","312.0","1060.0","4749.0","167.0","193.0","278.0","3463.0","626.0","502.0"
"260.0","586.0","1341.0","5938.0","165.0","219.0","373.0","4350.0","851.0","644.0"
"265.0","829.0","1401.0","5965.0","160.0","253.0","425.0","4535.0","843.0","669.0"
"233.0","632.0","1485.0","5430.0","162.0","199.0","407.0","4085.0","806.0","706.0"
"225.0","470.0","1472.0","5442.0","178.0","234.0","431.0","3931.0","868.0","623.0"
"206.0","425.0","1350.0","5277.0","160.0","222.0","351.0","3956.0","824.0","643.0"
"216.0","742.0","1088.0","4227.0","102.0","182.0","265.0","3023.0","567.0","1118.0"
"241.0","560.0","1196.0","4366.0","115.0","166.0","288.0","3043.0","570.0","717.0"
"244.0","487.0","1327.0","5256.0","163.0","216.0","349.0","3891.0","772.0","885.0"
"251.0","544.0","1510.0","5771.0","127.0","248.0","410.0","4126.0","924.0","899.0"
"233.0","473.0","1510.0","5860.0","204.0","280.0","407.0","4180.0","887.0","652.0"
"228.0","458.0","1556.0","5657.0","159.0","228.0","404.0","3858.0","803.0","662.0"
"0.0","0.0","0.0","0.0","0.0","0.0","0.0","0.0","0.0","0.0"
"279.0","294.0","1029.0","4117.0","103.0","197.0","326.0","2969.0","527.0","2267.0"
"320.0","275.0","1262.0","3931.0","94.0","205.0","295.0","3159.0","536.0","1129.0"
"197.0","358.0","1343.0","4358.0","118.0","210.0","351.0","3583.0","688.0","704.0"
"230.0","419.0","1803.0","5228.0","137.0","240.0","409.0","4321.0","840.0","778.0"
"232.0","498.0","1683.0","4845.0","153.0","239.0","437.0","3879.0","823.0","1147.0"
"246.0","505.0","1837.0","5269.0","165.0","250.0","451.0","4052.0","850.0","1254.0"
"283.0","482.0","1553.0","5276.0","130.0","248.0","366.0","3854.0","777.0","1599.0"
"419.0","439.0","1279.0","4453.0","104.0","192.0","311.0","3068.0","629.0","4797.0"
"324.0","423.0","1598.0","5248.0","125.0","243.0","306.0","3046.0","643.0","2359.0"
"359.0","519.0","1823.0","5656.0","143.0","233.0","409.0","3886.0","808.0","2764.0"
"985.0","1049.0","1748.0","5950.0","155.0","252.0","444.0","3890.0","794.0","9243.0"
"1536.0","1938.0","1998.0","5403.0","155.0","229.0","429.0","4067.0","901.0","18511.0"
"3091.0","2725.0","2180.0","6031.0","144.0","281.0","420.0","3994.0","962.0","25418.0"
"2473.0","2989.0","1663.0","5433.0","130.0","252.0","460.0","3523.0","800.0","34517.0"
"1098.0","1035.0","1285.0","4373.0","137.0","232.0","365.0","3141.0","701.0","12522.0"
"693.0","717.0","1594.0","4175.0","104.0","243.0","352.0","2986.0","654.0","5227.0"
"571.0","803.0","2048.0","5733.0","213.0","244.0","494.0","4392.0","907.0","3425.0"
"1163.0","1123.0","2256.0","5881.0","168.0","282.0","502.0","4502.0","1027.0","8703.0"
"1259.0","1100.0","1938.0","5274.0","161.0","280.0","423.0","3882.0","871.0","7858.0"
"1616.0","1181.0","2129.0","5689.0","150.0","267.0","463.0","4050.0","972.0","10590.0"
"1325.0","890.0","1687.0","5723.0","154.0","220.0","390.0","3596.0","763.0","8092.0"
"821.0","697.0","1356.0","4737.0","114.0","224.0","334.0","3023.0","651.0","5324.0"
"503.0","560.0","1591.0","4835.0","106.0","216.0","341.0","3197.0","604.0","2684.0"
"643.0","722.0","2068.0","7727.0","163.0","289.0","483.0","4293.0","888.0","2774.0"
"889.0","863.0","2124.0","5566.0","131.0","253.0","432.0","4224.0","931.0","5214.0"
"12884.0","8161.0","2066.0","6006.0","166.0","305.0","499.0","4009.0","935.0","87827.0"
"14217.0","6498.0","2179.0","6394.0","167.0","324.0","479.0","4416.0","1005.0","99165.0"
"6581.0","3903.0","1886.0","6389.0","128.0","301.0","475.0","4325.0","840.0","65148.0"
"5363.0","3097.0","1464.0","5434.0","147.0","311.0","387.0","3710.0","659.0","53303.0"
"3594.0","2203.0","1744.0","5526.0","116.0","256.0","399.0","3626.0","754.0","36870.0"
"2402.0","1724.0","2346.0","6545.0","197.0","357.0","507.0","4981.0","1002.0","20702.0"
"2200.0","1537.0","2360.0","6870.0","124.0","309.0","594.0","4866.0","1064.0","15856.0"
"2592.0","2025.0","2409.0","7048.0","163.0","354.0","534.0","4910.0","1036.0","20497.0"
"1633.0","1372.0","2222.0","5926.0","146.0","278.0","530.0","4349.0","1004.0","9761.0"
"1535.0","1247.0","2006.0","5841.0","156.0","288.0","450.0","4235.0","894.0","8136.0"
"2650.0","1256.0","1438.0","4759.0","80.0","234.0","322.0","3245.0","625.0","15619.0"
"1765.0","1188.0","1750.0","4793.0","131.0","263.0","393.0","3459.0","712.0","9576.0"
"1781.0","1281.0","2329.0","5881.0","135.0","283.0","512.0","4512.0","997.0","8425.0"
"1113.0","1076.0","2376.0","6563.0","145.0","334.0","565.0","4773.0","1099.0","5204.0"
"1692.0","1201.0","2449.0","6554.0","176.0","566.0","525.0","4975.0","1102.0","4455.0"
"2724.0","1820.0","2589.0","6269.0","205.0","346.0","586.0","4852.0","1106.0","13408.0"
"1655.0","1182.0","2162.0","6200.0","140.0","313.0","485.0","4541.0","1015.0","8728.0"
"846.0","629.0","1326.0","4584.0","132.0","233.0","303.0","3180.0","640.0","5328.0"
"639.0","566.0","1597.0","4540.0","146.0","265.0","400.0","3205.0","755.0","3384.0"
"902.0","930.0","2397.0","6810.0","211.0","314.0","548.0","5156.0","1052.0","3541.0"
"806.0","928.0","2403.0","6893.0","167.0","301.0","605.0","5174.0","1177.0","3084.0"
"1730.0","1279.0","2394.0","6444.0","187.0","310.0","593.0","4865.0","1126.0","10593.0"
"0.0","0.0","2312.0","0.0","0.0","355.0","0.0","0.0","0.0","0.0"
"911.0","864.0","1807.0","5721.0","143.0","290.0","456.0","4258.0","1014.0","3669.0"
"544.0","474.0","1110.0","3920.0","109.0","193.0","301.0","2860.0","600.0","2050.0"
"505.0","532.0","1473.0","4439.0","122.0","260.0","363.0","3525.0","681.0","2174.0"
"665.0","834.0","2193.0","6052.0","153.0","285.0","467.0","4921.0","958.0","2519.0"
"604.0","748.0","2188.0","6168.0","181.0","303.0","568.0","5014.0","1058.0","2299.0"
"1317.0","1160.0","2525.0","7040.0","184.0","334.0","634.0","5655.0","1199.0","5612.0"
"765.0","984.0","2406.0","6924.0","188.0","332.0","596.0","5255.0","1173.0","2642.0"
"543.0","655.0","1833.0","5522.0","132.0","287.0","467.0","4511.0","975.0","1877.0"
"399.0","423.0","1342.0","4267.0","116.0","291.0","353.0","3536.0","704.0","1304.0"
"452.0","488.0","1652.0","4652.0","123.0","253.0","408.0","3917.0","809.0","1274.0"
"593.0","849.0","2308.0","6529.0","145.0","355.0","582.0","5669.0","1190.0","1783.0"
"645.0","819.0","2526.0","6624.0","193.0","332.0","591.0","5788.0","1144.0","2224.0"
"643.0","861.0","2734.0","6991.0","193.0","339.0","657.0","6116.0","1413.0","1909.0"
"1391.0","1001.0","2320.0","6665.0","184.0","336.0","557.0","5407.0","1368.0","6957.0"
"864.0","730.0","1977.0","5633.0","166.0","339.0","573.0","4946.0","1058.0","3363.0"
"396.0","460.0","1392.0","4467.0","96.0","219.0","361.0","3573.0","718.0","1510.0"
"440.0","499.0","1662.0","5258.0","113.0","262.0","429.0","4266.0","863.0","1437.0"
"593.0","881.0","2585.0","6869.0","174.0","355.0","624.0","5798.0","1204.0","1803.0"
"620.0","941.0","2512.0","7140.0","163.0","347.0","685.0","6075.0","1241.0","1738.0"
"554.0","890.0","2612.0","8123.0","205.0","373.0","629.0","6338.0","1252.0","1797.0"
"496.0","786.0","2553.0","7265.0","175.0","300.0","656.0","5730.0","1176.0","1584.0"
"378.0","662.0","1977.0","5836.0","224.0","310.0","542.0","4596.0","1008.0","1167.0"
"329.0","446.0","1474.0","4957.0","176.0","268.0","380.0","3890.0","752.0","931.0"
"422.0","574.0","1896.0","6040.0","224.0","296.0","487.0","4798.0","981.0","1069.0"
"594.0","898.0","2735.0","7486.0","260.0","404.0","638.0","6747.0","1256.0","1563.0"
"494.0","881.0","2739.0","7439.0","256.0","335.0","650.0","6593.0","1195.0","1434.0"
"549.0","911.0","2678.0","7005.0","239.0","327.0","645.0","5795.0","1234.0","1679.0"
"504.0","766.0","2708.0","7594.0","279.0","344.0","683.0","5894.0","1275.0","1501.0"
"375.0","608.0","2030.0","5917.0","252.0","315.0","534.0","4902.0","1003.0","1091.0"
"272.0","485.0","1465.0","5176.0","197.0","278.0","403.0","3995.0","777.0","812.0"
"280.0","527.0","1690.0","5657.0","227.0","265.0","452.0","4259.0","925.0","773.0"
"403.0","825.0","2391.0","7971.0","268.0","340.0","785.0","6302.0","1176.0","1242.0"
"466.0","810.0","2584.0","8300.0","271.0","336.0","745.0","6996.0","1223.0","1258.0"
"346.0","696.0","1959.0","6344.0","214.0","357.0","580.0","5585.0","1102.0","972.0"
"361.0","586.0","1748.0","5618.0","209.0","296.0","487.0","4967.0","987.0","1123.0"
"301.0","441.0","1347.0","4857.0","216.0","251.0","448.0","4435.0","825.0","831.0"
"307.0","441.0","1399.0","4790.0","195.0","260.0","422.0","4226.0","733.0","828.0"
"318.0","519.0","1641.0","5218.0","240.0","281.0","527.0","4720.0","795.0","942.0"
"501.0","885.0","2358.0","7222.0","290.0","388.0","683.0","7068.0","1246.0","1343.0"
"421.0","1019.0","2480.0","7473.0","503.0","358.0","756.0","6596.0","1238.0","1288.0"
"439.0","916.0","2475.0","9127.0","674.0","353.0","690.0","6092.0","1128.0","1164.0"
"386.0","790.0","2681.0","7580.0","360.0","300.0","760.0","6452.0","1182.0","1132.0"
"368.0","646.0","2143.0","6140.0","231.0","316.0","574.0","5363.0","929.0","1083.0"
"268.0","452.0","1864.0","5794.0","169.0","269.0","433.0","4095.0","845.0","759.0"
"348.0","618.0","1891.0","5771.0","213.0","279.0","511.0","5377.0","928.0","891.0"
"467.0","942.0","2825.0","7454.0","289.0","457.0","649.0","6639.0","1313.0","1399.0"
"456.0","915.0","2673.0","6853.0","246.0","402.0","692.0","6324.0","1186.0","1322.0"
"461.0","935.0","2635.0","7159.0","254.0","343.0","700.0","6271.0","1198.0","1254.0"
"418.0","911.0","2606.0","6611.0","250.0","406.0","664.0","6291.0","1291.0","1448.0"
"363.0","740.0","2089.0","5831.0","284.0","337.0","533.0","5288.0","994.0","1792.0"
"332.0","542.0","1726.0","4974.0","156.0","263.0","446.0","4195.0","865.0","1283.0"
"347.0","574.0","1818.0","5162.0","222.0","289.0","498.0","4817.0","734.0","1060.0"
"781.0","919.0","2686.0","6328.0","462.0","326.0","648.0","6415.0","1059.0","2067.0"
"579.0","861.0","2822.0","6831.0","420.0","476.0","716.0","6748.0","1139.0","1647.0"
"428.0","752.0","2445.0","6483.0","454.0","373.0","672.0","6403.0","1035.0","1278.0"
"373.0","636.0","2335.0","6195.0","327.0","397.0","591.0","5934.0","1119.0","1137.0"
"309.0","523.0","1695.0","5445.0","411.0","368.0","491.0","5093.0","886.0","899.0"
"224.0","314.0","1170.0","4767.0","483.0","231.0","342.0","4090.0","614.0","572.0"
"249.0","344.0","1299.0","4805.0","393.0","233.0","374.0","4640.0","623.0","628.0"
"379.0","483.0","1581.0","5811.0","363.0","312.0","555.0","6287.0","805.0","928.0"
"294.0","456.0","1557.0","5465.0","342.0","290.0","502.0","6287.0","821.0","883.0"
"358.0","482.0","1265.0","5059.0","312.0","276.0","489.0","6060.0","782.0","1382.0"
"289.0","364.0","1143.0","4999.0","303.0","250.0","488.0","5594.0","734.0","943.0"
"17.0","14.0","55.0","264.0","16.0","18.0","15.0","306.0","43.0","43.0"
"0.0","0.0","0.0","0.0","0.0","0.0","0.0","0.0","0.0","0.0"
"0.0","0.0","0.0","0.0","0.0","0.0","0.0","0.0","0.0","0.0"
"96.0","116.0","362.0","1507.0","87.0","84.0","134.0","5209.0","240.0","245.0"
"266.0","353.0","1097.0","5045.0","302.0","289.0","409.0","6933.0","750.0","780.0"
"316.0","290.0","1127.0","5085.0","300.0","270.0","491.0","7068.0","721.0","1064.0"
"280.0","301.0","1157.0","5310.0","301.0","267.0","473.0","6745.0","753.0","859.0"
"256.0","249.0","1106.0","5019.0","259.0","293.0","421.0","5884.0","654.0","871.0"
"248.0","248.0","896.0","4080.0","241.0","213.0","304.0","5012.0","523.0","726.0"
"219.0","242.0","885.0","3708.0","209.0","190.0","273.0","4417.0","488.0","689.0"
"309.0","413.0","1429.0","5975.0","323.0","266.0","431.0","6306.0","663.0","989.0"
"324.0","517.0","1758.0","6434.0","404.0","319.0","583.0","7430.0","888.0","1158.0"
"354.0","486.0","2162.0","6716.0","379.0","338.0","829.0","7642.0","1014.0","1046.0"
"384.0","542.0","2152.0","6599.0","368.0","330.0","623.0","6957.0","916.0","1132.0"
"365.0","427.0","1847.0","6514.0","310.0","267.0","558.0","6106.0","814.0","973.0"
"246.0","297.0","1379.0","6046.0","335.0","244.0","406.0","4790.0","628.0","660.0"
"271.0","359.0","1736.0","7155.0","364.0","293.0","433.0","5228.0","782.0","750.0"
"361.0","590.0","2186.0","7759.0","378.0","323.0","629.0","7489.0","1020.0","962.0"
"349.0","615.0","2343.0","6673.0","313.0","344.0","610.0","8303.0","1034.0","996.0"
"413.0","639.0","2585.0","7800.0","321.0","362.0","663.0","8191.0","1192.0","1240.0"
"396.0","693.0","2376.0","7010.0","311.0","378.0","638.0","8077.0","1045.0","1324.0"
"371.0","527.0","2110.0","6194.0","265.0","359.0","590.0","6632.0","989.0","1101.0"
"291.0","366.0","1366.0","4939.0","282.0","259.0","362.0","4765.0","719.0","696.0"
"349.0","370.0","1700.0","5324.0","301.0","247.0","447.0","5341.0","846.0","821.0"
"361.0","530.0","2037.0","6359.0","305.0","364.0","535.0","7339.0","1043.0","969.0"
"391.0","567.0","2270.0","6702.0","239.0","342.0","625.0","7190.0","1074.0","972.0"
"338.0","498.0","2103.0","6200.0","197.0","343.0","534.0","7129.0","954.0","984.0"
"366.0","547.0","2267.0","6876.0","265.0","304.0","600.0","6439.0","1051.0","954.0"
"343.0","478.0","1979.0","6578.0","210.0","340.0","522.0","6118.0","954.0","868.0"
"325.0","341.0","1443.0","5187.0","219.0","351.0","461.0","5080.0","779.0","708.0"
"286.0","428.0","1617.0","5631.0","273.0","309.0","424.0","5284.0","815.0","712.0"
"396.0","596.0","2352.0","6696.0","240.0","380.0","581.0","7152.0","1064.0","945.0"
"409.0","578.0","2467.0","6961.0","234.0","383.0","638.0","7294.0","1009.0","1013.0"
"434.0","654.0","2666.0","7165.0","246.0","386.0","668.0","7270.0","1155.0","1005.0"
"399.0","602.0","2466.0","7157.0","280.0","359.0","641.0","6985.0","1061.0","1007.0"
"360.0","622.0","2100.0","6483.0","234.0","310.0","579.0","6180.0","1002.0","1064.0"
"290.0","392.0","1467.0","5126.0","229.0","252.0","401.0","4631.0","704.0","654.0"
"340.0","487.0","1853.0","5438.0","230.0","281.0","512.0","5395.0","855.0","775.0"
"425.0","745.0","2885.0","7735.0","266.0","389.0","641.0","7680.0","1163.0","1115.0"
"428.0","704.0","2805.0","7282.0","266.0","342.0","650.0","8875.0","1168.0","979.0"
"348.0","674.0","2653.0","7025.0","258.0","381.0","628.0","7216.0","1131.0","1096.0"
"414.0","821.0","2546.0","6563.0","353.0","328.0","643.0","7312.0","1211.0","1275.0"
"426.0","733.0","2248.0","6512.0","251.0","301.0","560.0","6827.0","1027.0","2153.0"
"415.0","520.0","1538.0","5258.0","241.0","239.0","417.0","4916.0","772.0","2370.0"
"344.0","487.0","1906.0","5582.0","318.0","291.0","446.0","5818.0","869.0","1451.0"
"469.0","810.0","2769.0","7293.0","298.0","353.0","660.0","7785.0","1139.0","1711.0"
"463.0","778.0","2651.0","7235.0","257.0","364.0","700.0","7345.0","1192.0","1325.0"
"390.0","742.0","2678.0","7417.0","262.0","369.0","667.0","7074.0","1133.0","1382.0"
"351.0","761.0","2509.0","7769.0","261.0","482.0","673.0","6891.0","1152.0","1038.0"
"339.0","582.0","2124.0","7233.0","217.0","405.0","606.0","6440.0","1019.0","982.0"
"262.0","405.0","1448.0","6263.0","243.0","229.0","452.0","5516.0","780.0","725.0"
"331.0","418.0","1864.0","6101.0","237.0","364.0","531.0","5708.0","896.0","766.0"
"379.0","678.0","2561.0","7396.0","267.0","315.0","652.0","7299.0","1290.0","1038.0"
"370.0","709.0","2517.0","7347.0","241.0","342.0","588.0","7316.0","1142.0","1065.0"
"363.0","687.0","2632.0","8128.0","222.0","403.0","667.0","7964.0","1217.0","1086.0"
"367.0","712.0","2559.0","7681.0","233.0","347.0","671.0","7749.0","1044.0","1031.0"
"346.0","603.0","2234.0","7568.0","200.0","392.0","633.0","7246.0","1088.0","966.0"
"272.0","395.0","3063.0","5745.0","174.0","238.0","436.0","5403.0","751.0","687.0"
"322.0","462.0","1933.0","6677.0","228.0","291.0","498.0","5932.0","807.0","720.0"
"341.0","656.0","2371.0","7501.0","243.0","429.0","665.0","7780.0","1061.0","948.0"
"369.0","726.0","2498.0","7688.0","251.0","342.0","683.0","7880.0","1149.0","1134.0"
"474.0","758.0","2474.0","8100.0","262.0","388.0","677.0","8148.0","1150.0","1408.0"
"529.0","803.0","2548.0","8571.0","263.0","383.0","716.0","7721.0","1228.0","1720.0"
"398.0","661.0","2098.0","8042.0","304.0","352.0","589.0","6829.0","1108.0","1058.0"
"323.0","440.0","1490.0","6133.0","215.0","275.0","461.0","5466.0","775.0","811.0"
"315.0","546.0","1884.0","6153.0","195.0","272.0","467.0","5809.0","819.0","869.0"
"512.0","751.0","2749.0","8585.0","276.0","386.0","685.0","8175.0","1192.0","1148.0"
"472.0","808.0","2871.0","8337.0","215.0","359.0","738.0","8094.0","1297.0","1233.0"
"437.0","767.0","2728.0","8066.0","221.0","389.0","700.0","7300.0","1288.0","1141.0"
"396.0","735.0","2501.0","9020.0","247.0","327.0","657.0","6852.0","1145.0","1076.0"
"306.0","625.0","2079.0","7110.0","201.0","365.0","582.0","6211.0","1046.0","911.0"
"279.0","443.0","1540.0","5645.0","186.0","315.0","452.0","4992.0","775.0","704.0"
"339.0","550.0","2002.0","6824.0","215.0","304.0","469.0","5641.0","905.0","769.0"
"393.0","749.0","2508.0","7981.0","281.0","397.0","619.0","7473.0","1229.0","1047.0"
"452.0","716.0","2521.0","8040.0","225.0","357.0","648.0","7547.0","1219.0","1061.0"
"381.0","748.0","2725.0","8530.0","233.0","359.0","718.0","7484.0","1338.0","1005.0"
"419.0","748.0","2548.0","7696.0","251.0","361.0","651.0","5296.0","1185.0","1018.0"
"311.0","579.0","2268.0","6947.0","224.0","361.0","585.0","2172.0","1072.0","871.0"
"260.0","368.0","1486.0","5483.0","194.0","234.0","426.0","2052.0","789.0","602.0"
"301.0","534.0","1800.0","5920.0","222.0","251.0","527.0","5376.0","899.0","722.0"
"393.0","644.0","2384.0","7488.0","252.0","336.0","628.0","7334.0","1166.0","1027.0"
"400.0","744.0","2430.0","7901.0","295.0","337.0","731.0","7437.0","1279.0","1062.0"
"423.0","716.0","2397.0","7272.0","299.0","393.0","640.0","7286.0","1220.0","969.0"
"390.0","674.0","2174.0","7594.0","260.0","297.0","654.0","7555.0","1135.0","894.0"
"348.0","566.0","1756.0","6477.0","266.0","256.0","520.0","5788.0","1048.0","847.0"
"247.0","391.0","1371.0","5889.0","199.0","265.0","383.0","4702.0","781.0","506.0"
"319.0","473.0","1570.0","4750.0","200.0","272.0","369.0","4561.0","827.0","576.0"
"393.0","696.0","2341.0","6988.0","266.0","330.0","713.0","5600.0","1181.0","933.0"
"396.0","693.0","2404.0","6932.0","209.0","266.0","628.0","5379.0","1303.0","908.0"
"420.0","723.0","2299.0","6759.0","247.0","290.0","614.0","5050.0","1100.0","838.0"
"352.0","677.0","1895.0","6021.0","239.0","258.0","569.0","7193.0","1089.0","851.0"
"325.0","473.0","1833.0","5384.0","217.0","230.0","496.0","3913.0","916.0","790.0"
"220.0","364.0","1142.0","4009.0","139.0","184.0","331.0","3040.0","653.0","527.0"
"300.0","474.0","1513.0","4977.0","188.0","206.0","407.0","3713.0","853.0","639.0"
"407.0","690.0","2163.0","7272.0","218.0","289.0","578.0","5314.0","1300.0","936.0"
"354.0","679.0","2162.0","7275.0","231.0","288.0","618.0","4866.0","1167.0","909.0"
"359.0","613.0","2079.0","7082.0","227.0","218.0","550.0","4607.0","1218.0","868.0"
"329.0","618.0","2036.0","6473.0","222.0","275.0","564.0","4409.0","1128.0","837.0"
"297.0","546.0","1824.0","5919.0","177.0","286.0","534.0","4026.0","1028.0","756.0"
"252.0","388.0","1320.0","4943.0","175.0","229.0","383.0","3155.0","728.0","429.0"
"226.0","421.0","1488.0","5097.0","153.0","227.0","384.0","3217.0","804.0","549.0"
"369.0","646.0","1937.0","6623.0","224.0","285.0","598.0","4774.0","1309.0","904.0"
"378.0","661.0","1981.0","6883.0","258.0","328.0","607.0","4780.0","1481.0","866.0"
"302.0","598.0","1914.0","6176.0","206.0","283.0","542.0","4810.0","1162.0","858.0"
"281.0","526.0","1864.0","5819.0","184.0","253.0","482.0","4284.0","1068.0","738.0"
"211.0","418.0","1477.0","4993.0","194.0","218.0","465.0","3511.0","819.0","544.0"
"203.0","337.0","1247.0","4272.0","120.0","194.0","345.0","3000.0","707.0","460.0"
"237.0","365.0","1411.0","4520.0","163.0","190.0","399.0","3235.0","794.0","478.0"
"315.0","553.0","1850.0","6002.0","234.0","239.0","546.0","4385.0","1129.0","700.0"
"394.0","676.0","2221.0","6936.0","229.0","300.0","668.0","5203.0","1239.0","927.0"
"357.0","655.0","2122.0","6268.0","166.0","291.0","552.0","4883.0","1210.0","817.0"
"347.0","606.0","2125.0","6327.0","197.0","283.0","616.0","4767.0","1157.0","868.0"
"362.0","613.0","1858.0","5537.0","195.0","263.0","483.0","4306.0","1003.0","1276.0"
"292.0","418.0","1410.0","4826.0","153.0","234.0","385.0","3188.0","788.0","779.0"
"310.0","520.0","1836.0","5248.0","171.0","227.0","463.0","3574.0","815.0","698.0"
"397.0","763.0","2363.0","7064.0","197.0","276.0","599.0","5380.0","1255.0","955.0"
"395.0","846.0","2353.0","7272.0","225.0","290.0","653.0","4963.0","1261.0","958.0"
"335.0","765.0","2473.0","7114.0","231.0","345.0","742.0","4738.0","1274.0","854.0"
"330.0","805.0","2241.0","6989.0","187.0","291.0","637.0","5010.0","1145.0","867.0"
"294.0","633.0","2165.0","7190.0","191.0","281.0","524.0","4241.0","1054.0","755.0"
"267.0","491.0","1328.0","5866.0","122.0","223.0","437.0","3000.0","831.0","582.0"
"296.0","584.0","1623.0","6576.0","165.0","257.0","522.0","3663.0","862.0","921.0"
"438.0","1032.0","2485.0","9220.0","234.0","357.0","766.0","5348.0","1363.0","1294.0"
"416.0","937.0","2374.0","8945.0","220.0","390.0","731.0","4806.0","1183.0","1006.0"
"424.0","842.0","2296.0","8256.0","252.0","381.0","1078.0","5330.0","1220.0","1053.0"
"365.0","784.0","2474.0","8000.0","239.0","328.0","735.0","5219.0","1207.0","1028.0"
"381.0","637.0","2347.0","7309.0","266.0","294.0","626.0","5356.0","1131.0","910.0"
"244.0","484.0","1334.0","5525.0","160.0","250.0","485.0","4206.0","728.0","628.0"
"328.0","546.0","1801.0","6148.0","179.0","233.0","534.0","4827.0","854.0","747.0"
"0.0","0.0","0.0","0.0","0.0","0.0","0.0","0.0","0.0","0.0"
"399.0","732.0","2922.0","8030.0","216.0","362.0","704.0","6325.0","1323.0","1020.0"
"393.0","721.0","2481.0","8182.0","221.0","363.0","701.0","6119.0","1243.0","1068.0"
"742.0","961.0","2458.0","8308.0","269.0","350.0","652.0","6284.0","1214.0","3048.0"
"400.0","669.0","2015.0","7223.0","210.0","282.0","591.0","5155.0","1017.0","1562.0"
"277.0","513.0","1353.0","5483.0","135.0","248.0","428.0","4208.0","717.0","749.0"
"290.0","507.0","1517.0","6080.0","173.0","240.0","487.0","4340.0","771.0","768.0"
"549.0","930.0","2648.0","8817.0","288.0","345.0","722.0","6403.0","1173.0","1845.0"
"434.0","825.0","2746.0","8643.0","263.0","311.0","730.0","6572.0","1186.0","1092.0"
"451.0","783.0","2622.0","8911.0","264.0","323.0","689.0","6692.0","1204.0","1094.0"
"351.0","748.0","2348.0","9866.0","248.0","306.0","631.0","23077.0","1355.0","1042.0"
"303.0","600.0","2120.0","8929.0","191.0","247.0","592.0","16569.0","1050.0","821.0"
"207.0","342.0","1322.0","7198.0","148.0","241.0","407.0","4423.0","756.0","581.0"
"355.0","446.0","1502.0","6923.0","147.0","305.0","427.0","4374.0","787.0","1158.0"
"385.0","636.0","2475.0","9868.0","215.0","321.0","583.0","6848.0","1145.0","922.0"
"347.0","616.0","2614.0","9213.0","264.0","332.0","676.0","6709.0","1193.0","995.0"
"328.0","608.0","2299.0","7987.0","253.0","327.0","591.0","6032.0","1216.0","951.0"
"345.0","593.0","2153.0","7437.0","204.0","329.0","696.0","5851.0","1088.0","874.0"
"284.0","576.0","1896.0","7442.0","241.0","283.0","558.0","5093.0","998.0","813.0"
"537.0","1386.0","1274.0","5381.0","154.0","221.0","413.0","3963.0","738.0","2081.0"
"683.0","1166.0","1514.0","5661.0","169.0","224.0","476.0","4137.0","820.0","2710.0"
"950.0","1622.0","2143.0","8014.0","227.0","291.0","590.0","6022.0","1183.0","3596.0"
"1025.0","1330.0","2381.0","7711.0","219.0","288.0","636.0","5767.0","1213.0","3935.0"
"759.0","1062.0","2299.0","8114.0","167.0","324.0","687.0","6027.0","1187.0","3023.0"
"482.0","805.0","2248.0","7613.0","204.0","281.0","625.0","6001.0","1360.0","1659.0"
"361.0","640.0","1998.0","6742.0","183.0","264.0","584.0","5268.0","1125.0","1204.0"
"263.0","501.0","1353.0","5234.0","189.0","218.0","400.0","4214.0","907.0","957.0"
"310.0","489.0","1446.0","5804.0","145.0","198.0","439.0","4662.0","1027.0","1022.0"
"405.0","635.0","1871.0","6920.0","200.0","270.0","525.0","5644.0","1106.0","1295.0"
"392.0","642.0","2322.0","8203.0","238.0","278.0","668.0","6909.0","1300.0","1118.0"
"368.0","650.0","2455.0","7486.0","265.0","323.0","631.0","6373.0","1430.0","1042.0"
"366.0","635.0","2135.0","7616.0","292.0","253.0","617.0","5993.0","1337.0","1059.0"
"315.0","449.0","1783.0","6469.0","210.0","269.0","593.0","5757.0","1186.0","773.0"
"279.0","426.0","1271.0","5744.0","159.0","215.0","431.0","4882.0","937.0","649.0"
"295.0","488.0","1651.0","6091.0","168.0","225.0","477.0","4967.0","980.0","932.0"
"333.0","648.0","2115.0","7210.0","241.0","271.0","566.0","6181.0","1228.0","969.0"
"376.0","737.0","2504.0","8373.0","290.0","375.0","735.0","7234.0","1392.0","1294.0"
"303.0","636.0","2067.0","7431.0","241.0","311.0","616.0","6472.0","1313.0","894.0"
"324.0","548.0","1997.0","7164.0","208.0","300.0","600.0","6328.0","1218.0","849.0"
"306.0","564.0","1737.0","6519.0","248.0","355.0","561.0","5962.0","1175.0","865.0"
"245.0","394.0","1246.0","5390.0","158.0","201.0","420.0","4621.0","888.0","735.0"
"258.0","399.0","1457.0","5858.0","185.0","203.0","379.0","5104.0","995.0","654.0"
"318.0","590.0","2116.0","7620.0","256.0","288.0","598.0","6601.0","1381.0","878.0"
"313.0","588.0","2115.0","7552.0","232.0","296.0","613.0","6781.0","1310.0","898.0"
"272.0","625.0","1943.0","7197.0","237.0","317.0","555.0","6349.0","1285.0","924.0"
"247.0","622.0","11223.0","7375.0","237.0","306.0","623.0","6402.0","1378.0","921.0"
"262.0","456.0","1557.0","6803.0","207.0","274.0","490.0","5344.0","1074.0","727.0"
"203.0","347.0","1350.0","5642.0","169.0","226.0","429.0","4567.0","853.0","586.0"
"228.0","371.0","1421.0","6157.0","163.0","214.0","411.0","4881.0","927.0","630.0"
"343.0","575.0","1903.0","8240.0","198.0","299.0","687.0","6690.0","1254.0","900.0"
"308.0","587.0","2307.0","7504.0","246.0","271.0","690.0","7089.0","1233.0","948.0"
"298.0","565.0","1927.0","7300.0","199.0","257.0","652.0","6363.0","1327.0","921.0"
"323.0","532.0","1819.0","6924.0","211.0","267.0","641.0","6083.0","1268.0","825.0"
"241.0","423.0","1533.0","6428.0","194.0","264.0","613.0","5519.0","1121.0","785.0"
"238.0","308.0","1146.0","5163.0","155.0","232.0","396.0","4506.0","970.0","575.0"
"330.0","413.0","1481.0","5377.0","185.0","242.0","398.0","4653.0","890.0","1225.0"
"408.0","668.0","2003.0","7227.0","198.0","284.0","596.0","6602.0","1184.0","1733.0"
"515.0","864.0","2042.0","7260.0","178.0","283.0","607.0","6526.0","1368.0","3200.0"
"377.0","650.0","1883.0","6932.0","230.0","280.0","615.0","6234.0","1226.0","1993.0"
"361.0","541.0","1972.0","7016.0","296.0","292.0","595.0","5881.0","1269.0","1167.0"
"303.0","443.0","1561.0","6189.0","192.0","217.0","472.0","5186.0","1065.0","795.0"
"249.0","455.0","1246.0","5047.0","150.0","209.0","368.0","4161.0","889.0","715.0"
"279.0","549.0","1547.0","5469.0","146.0","192.0","397.0","4556.0","868.0","947.0"
"423.0","831.0","2085.0","6479.0","193.0","232.0","491.0","6407.0","1100.0","2398.0"
"362.0","564.0","2120.0","16826.0","231.0","253.0","562.0","6087.0","1223.0","1442.0"
"310.0","504.0","1855.0","23985.0","194.0","269.0","509.0","5758.0","1201.0","967.0"
"298.0","478.0","1796.0","7870.0","227.0","254.0","531.0","5702.0","1179.0","906.0"
"247.0","431.0","1450.0","6632.0","208.0","227.0","475.0","5377.0","1114.0","954.0"
"209.0","306.0","1262.0","5584.0","162.0","193.0","405.0","4575.0","867.0","703.0"
"374.0","484.0","1499.0","5915.0","169.0","222.0","340.0","4646.0","928.0","1720.0"
"422.0","652.0","1960.0","7748.0","253.0","264.0","569.0","7603.0","1365.0","2029.0"
"390.0","626.0","1843.0","7962.0","265.0","365.0","524.0","6558.0","1211.0","1601.0"
"266.0","608.0","2050.0","7704.0","245.0","411.0","496.0","5968.0","1266.0","1054.0"
"286.0","479.0","1916.0","7168.0","211.0","320.0","552.0","5825.0","1214.0","955.0"
"274.0","410.0","1449.0","6696.0","229.0","254.0","547.0","5575.0","1098.0","1216.0"
"220.0","395.0","1289.0","5916.0","179.0","224.0","403.0","4365.0","901.0","998.0"
"254.0","429.0","1515.0","5965.0","165.0","222.0","382.0","4543.0","938.0","842.0"
"291.0","528.0","2022.0","7487.0","271.0","251.0","625.0","6633.0","1184.0","998.0"
"263.0","530.0","2072.0","7673.0","214.0","259.0","585.0","6434.0","1261.0","953.0"
"527.0","698.0","1856.0","7429.0","216.0","267.0","544.0","6361.0","1319.0","3160.0"
"530.0","755.0","1595.0","7118.0","267.0","232.0","526.0","5745.0","1222.0","3920.0"
"352.0","546.0","1496.0","6471.0","244.0","245.0","477.0","5503.0","1163.0","1503.0"
"205.0","353.0","1208.0","5462.0","198.0","172.0","362.0","4201.0","862.0","819.0"
"238.0","401.0","1286.0","5589.0","376.0","183.0","402.0","4533.0","876.0","698.0"
"312.0","536.0","1902.0","7772.0","346.0","261.0","551.0","6552.0","1212.0","974.0"
"360.0","648.0","1842.0","7565.0","315.0","294.0","545.0","6480.0","1260.0","1069.0"
"297.0","543.0","2004.0","7707.0","361.0","271.0","587.0","6582.0","1253.0","1009.0"
"264.0","607.0","1802.0","6995.0","283.0","277.0","582.0","5894.0","1232.0","1023.0"
"274.0","648.0","1485.0","6316.0","264.0","235.0","498.0","5625.0","1113.0","1257.0"
"230.0","530.0","1176.0","4756.0","254.0","197.0","346.0","4191.0","805.0","1440.0"
"338.0","873.0","1468.0","5634.0","200.0","179.0","376.0","4731.0","881.0","2790.0"
"400.0","1020.0","1647.0","6750.0","308.0","258.0","521.0","6414.0","1192.0","2531.0"
"414.0","864.0","1821.0","6805.0","224.0","276.0","546.0","6329.0","1172.0","2171.0"
"388.0","748.0","1613.0","7255.0","308.0","259.0","581.0","6064.0","1189.0","1988.0"
"347.0","691.0","1685.0","7037.0","330.0","249.0","524.0","5787.0","1154.0","1772.0"
"338.0","687.0","1480.0","6383.0","219.0","200.0","499.0","5279.0","1103.0","2360.0"
"244.0","412.0","1124.0","4866.0","181.0","172.0","327.0","4262.0","780.0","1376.0"
"279.0","417.0","1395.0","5491.0","233.0","224.0","358.0","4712.0","950.0","1609.0"
"326.0","707.0","1610.0","6285.0","289.0","238.0","450.0","5579.0","1154.0","1572.0"
"302.0","726.0","1626.0","6704.0","246.0","273.0","507.0","6030.0","1236.0","1369.0"
"321.0","630.0","1608.0","10170.0","293.0","281.0","572.0","5883.0","1299.0","1413.0"
"257.0","702.0","1614.0","7234.0","340.0","286.0","492.0","6004.0","1214.0","1148.0"
"299.0","596.0","1326.0","6043.0","322.0","243.0","404.0","5128.0","1080.0","1910.0"
"575.0","624.0","1155.0","5297.0","376.0","203.0","355.0","4075.0","851.0","4857.0"
"390.0","491.0","1282.0","5334.0","218.0","211.0","368.0","4392.0","898.0","2462.0"
"662.0","994.0","1602.0","7164.0","290.0","452.0","558.0","6476.0","1228.0","5936.0"
"576.0","1059.0","1758.0","7470.0","304.0","249.0","548.0","6967.0","1296.0","4347.0"
"565.0","894.0","1758.0","7026.0","240.0","253.0","552.0","6701.0","1112.0","4118.0"
"399.0","706.0","1586.0","6673.0","265.0","235.0","488.0","6201.0","1164.0","2341.0"
"283.0","587.0","1421.0","6725.0","268.0","187.0","463.0","5618.0","1067.0","1552.0"
"304.0","443.0","1058.0","5119.0","186.0","192.0","296.0","4371.0","824.0","1699.0"
"308.0","390.0","1189.0","5423.0","210.0","186.0","333.0","4611.0","882.0","1734.0"
"383.0","626.0","1595.0","6869.0","241.0","246.0","541.0","6604.0","1180.0","1806.0"
"423.0","603.0","1839.0","6749.0","259.0","272.0","553.0","6858.0","1310.0","1682.0"
"359.0","621.0","1690.0","7482.0","268.0","253.0","612.0","6708.0","1307.0","1564.0"
"377.0","779.0","1762.0","7254.0","321.0","259.0","640.0","6797.0","1186.0","1836.0"
"363.0","782.0","1482.0","6368.0","319.0","256.0","599.0","5988.0","1138.0","2039.0"
"263.0","452.0","1193.0","4850.0","183.0","176.0","409.0","4726.0","812.0","1026.0"
"275.0","408.0","1359.0","5307.0","179.0","228.0","495.0","5057.0","937.0","1032.0"
"365.0","635.0","1819.0","6818.0","261.0","274.0","621.0","6778.0","1223.0","1243.0"
"318.0","678.0","1786.0","7012.0","278.0","244.0","636.0","7079.0","1292.0","1296.0"
"315.0","642.0","1861.0","7128.0","259.0","243.0","646.0","7022.0","1319.0","1194.0"
"326.0","622.0","1977.0","7884.0","272.0","256.0","623.0","6340.0","1347.0","1186.0"
"250.0","489.0","1692.0","6233.0","221.0","232.0","497.0","5755.0","1119.0","1175.0"
"216.0","337.0","1240.0","4965.0","162.0","172.0","390.0","4471.0","858.0","871.0"
"268.0","425.0","1464.0","5606.0","216.0","190.0","446.0","4906.0","916.0","819.0"
"258.0","483.0","1812.0","6440.0","227.0","243.0","586.0","6457.0","1077.0","896.0"
"279.0","620.0","2111.0","7082.0","284.0","240.0","641.0","6958.0","1287.0","1113.0"
"351.0","662.0","2099.0","7582.0","275.0","251.0","637.0","7037.0","1242.0","1131.0"
"357.0","818.0","2297.0","7488.0","257.0","237.0","675.0","6807.0","1515.0","1195.0"
"338.0","642.0","2040.0","7929.0","251.0","250.0","607.0","6525.0","1289.0","1157.0"
"255.0","480.0","1515.0","6083.0","239.0","222.0","415.0","5425.0","1023.0","981.0"
"261.0","476.0","1867.0","5819.0","198.0","242.0","438.0","5525.0","952.0","925.0"
"392.0","647.0","2413.0","8200.0","265.0","247.0","674.0","7543.0","1619.0","1174.0"
"393.0","750.0","2590.0","8906.0","342.0","287.0","729.0","7838.0","1561.0","1312.0"
"559.0","897.0","2525.0","7439.0","277.0","284.0","686.0","7288.0","1565.0","2459.0"
"506.0","1028.0","2489.0","7567.0","268.0","284.0","665.0","7229.0","1419.0","2771.0"
"351.0","640.0","1918.0","6449.0","232.0","223.0","552.0","6455.0","1203.0","1462.0"
"238.0","462.0","1466.0","5216.0","245.0","226.0","517.0","5240.0","913.0","980.0"
"248.0","502.0","1885.0","5326.0","190.0","179.0","527.0","5864.0","981.0","971.0"
"401.0","758.0","2443.0","7450.0","263.0","257.0","638.0","8130.0","1409.0","1223.0"
"463.0","901.0","2625.0","7226.0","281.0","292.0","736.0","8153.0","1405.0","1515.0"
"527.0","1035.0","2653.0","7030.0","282.0","287.0","770.0","7651.0","1384.0","3311.0"
"578.0","1274.0","2586.0","6411.0","272.0","266.0","651.0","7471.0","1426.0","4045.0"
"428.0","782.0","2386.0","6237.0","211.0","250.0","639.0","6979.0","1193.0","1782.0"
"216.0","559.0","1560.0","5020.0","164.0","251.0","465.0","5420.0","979.0","981.0"
"269.0","588.0","2023.0","5511.0","235.0","248.0","486.0","5952.0","1036.0","957.0"
"380.0","942.0","2983.0","7700.0","611.0","289.0","757.0","8405.0","1519.0","1438.0"
"381.0","772.0","2759.0","7041.0","471.0","259.0","780.0","7622.0","1556.0","1336.0"
"502.0","861.0","2657.0","7326.0","378.0","299.0","761.0","7530.0","1399.0","1498.0"
"395.0","818.0","2626.0","7240.0","329.0","254.0","730.0","7299.0","1438.0","1570.0"
"400.0","772.0","2148.0","6110.0","237.0","269.0","649.0","6141.0","1196.0","2090.0"
"254.0","584.0","1532.0","5355.0","152.0","218.0","502.0","4897.0","897.0","944.0"
"318.0","659.0","2010.0","5543.0","208.0","210.0","577.0","5954.0","1031.0","976.0"
"451.0","933.0","2659.0","7794.0","295.0","305.0","744.0","7670.0","1399.0","1906.0"
"624.0","1400.0","2735.0","8134.0","285.0","264.0","828.0","7803.0","1435.0","2684.0"
"600.0","1181.0","2762.0","9141.0","301.0","288.0","784.0","7939.0","1529.0","3425.0"
"470.0","1036.0","2664.0","18418.0","288.0","279.0","699.0","7305.0","1389.0","1707.0"
"458.0","766.0","2301.0","22528.0","229.0","256.0","717.0","6488.0","1207.0","2082.0"
"295.0","573.0","1656.0","16035.0","186.0","259.0","486.0","5361.0","946.0","1296.0"
"296.0","566.0","2054.0","16551.0","218.0","212.0","556.0","5529.0","1038.0","1123.0"
"403.0","872.0","2969.0","24821.0","297.0","315.0","730.0","7871.0","1483.0","1364.0"
"444.0","1013.0","3172.0","27001.0","450.0","293.0","872.0","8254.0","1551.0","1403.0"
"396.0","895.0","2955.0","21851.0","438.0","292.0","742.0","7893.0","1522.0","1253.0"
"454.0","1072.0","2834.0","18233.0","326.0","299.0","756.0","7561.0","1546.0","2091.0"
"365.0","755.0","2141.0","16318.0","231.0","225.0","619.0","6588.0","1349.0","1494.0"
"294.0","568.0","1676.0","12328.0","200.0","217.0","498.0","4985.0","1018.0","909.0"
"305.0","624.0","2005.0","16410.0","248.0","248.0","486.0","5818.0","1117.0","893.0"
"389.0","815.0","2772.0","19155.0","280.0","335.0","758.0","8477.0","1527.0","1212.0"
"440.0","925.0","2890.0","17908.0","280.0","302.0","856.0","8294.0","1430.0","1426.0"
"399.0","842.0","2588.0","16459.0","273.0","347.0","750.0","7907.0","1452.0","1242.0"
"386.0","802.0","2547.0","14552.0","270.0","329.0","763.0","7781.0","1587.0","1618.0"
"439.0","733.0","2109.0","12414.0","261.0","317.0","670.0","7080.0","1409.0","1888.0"
"299.0","494.0","1493.0","9066.0","190.0","191.0","496.0","5318.0","988.0","1225.0"
"322.0","565.0","1940.0","10096.0","228.0","250.0","521.0","5997.0","1162.0","945.0"
"397.0","801.0","2593.0","11464.0","269.0","280.0","698.0","8450.0","1506.0","1297.0"
"479.0","868.0","2615.0","11502.0","239.0","299.0","881.0","8866.0","1615.0","1552.0"
"393.0","795.0","2576.0","13032.0","295.0","297.0","740.0","8470.0","1566.0","1273.0"
"428.0","722.0","2394.0","11966.0","272.0","298.0","726.0","8063.0","1481.0","1094.0"
"271.0","590.0","1981.0","9383.0","206.0","222.0","634.0","7416.0","1177.0","930.0"
"184.0","418.0","1449.0","7894.0","179.0","209.0","483.0","5416.0","934.0","700.0"
"216.0","474.0","1637.0","6831.0","182.0","197.0","524.0","5996.0","1090.0","705.0"
"308.0","766.0","2312.0","9413.0","293.0","266.0","800.0","8352.0","1430.0","1056.0"
"364.0","814.0","2530.0","9636.0","303.0","254.0","729.0","8722.0","1426.0","1126.0"
"336.0","794.0","2351.0","9215.0","279.0","271.0","702.0","8090.0","1562.0","1089.0"
"306.0","817.0","2136.0","8308.0","270.0","263.0","742.0","7636.0","1385.0","1071.0"
"290.0","680.0","1985.0","7569.0","228.0","259.0","660.0","7183.0","1190.0","917.0"
"216.0","466.0","1481.0","6157.0","199.0","245.0","530.0","5652.0","1084.0","720.0"
"265.0","576.0","1869.0","6890.0","230.0","239.0","624.0","6554.0","1181.0","814.0"
"365.0","800.0","2707.0","8404.0","294.0","290.0","789.0","9489.0","1496.0","1158.0"
"335.0","812.0","2805.0","8925.0","266.0","322.0","764.0","9166.0","1481.0","1189.0"
"256.0","683.0","2587.0","8393.0","246.0","276.0","711.0","8152.0","1466.0","940.0"
"350.0","802.0","2744.0","9425.0","288.0","314.0","803.0","8643.0","1579.0","1109.0"
"276.0","642.0","2226.0","8098.0","296.0","256.0","736.0","8053.0","1336.0","1092.0"
"212.0","498.0","1565.0","6559.0","203.0","235.0","514.0","6362.0","1064.0","726.0"
"244.0","554.0","1884.0","6428.0","234.0","226.0","591.0","6571.0","1061.0","1067.0"
"344.0","788.0","2499.0","8618.0","320.0","306.0","841.0","9416.0","1437.0","1104.0"
"354.0","816.0","2690.0","9098.0","285.0","266.0","799.0","9118.0","1618.0","1175.0"
"388.0","959.0","2582.0","10376.0","310.0","247.0","845.0","9229.0","1615.0","1330.0"
"349.0","867.0","2691.0","10457.0","338.0","304.0","784.0","8907.0","1377.0","1243.0"
"314.0","839.0","1981.0","7879.0","249.0","256.0","677.0","7518.0","1258.0","1236.0"
"335.0","841.0","1417.0","9146.0","190.0","204.0","514.0","5936.0","1050.0","1658.0"
"328.0","756.0","2029.0","7232.0","265.0","218.0","566.0","6658.0","1115.0","1132.0"
"386.0","939.0","2429.0","9787.0","286.0","342.0","843.0","9512.0","1473.0","1491.0"
"362.0","973.0","2562.0","9241.0","301.0","317.0","789.0","9628.0","1524.0","1293.0"
"312.0","724.0","2279.0","8326.0","290.0","310.0","653.0","8590.0","1378.0","1102.0"
"246.0","649.0","1938.0","6787.0","207.0","279.0","580.0","7162.0","1155.0","1030.0"
"252.0","516.0","1601.0","5835.0","199.0","210.0","518.0","6736.0","1070.0","951.0"
"297.0","484.0","1538.0","5482.0","215.0","598.0","498.0","6322.0","1080.0","968.0"
"246.0","521.0","1827.0","6460.0","252.0","238.0","512.0","7175.0","1097.0","813.0"
"387.0","959.0","2693.0","8136.0","430.0","323.0","783.0","10276.0","1477.0","1223.0"
"402.0","883.0","2910.0","9583.0","367.0","348.0","885.0","10616.0","1604.0","1309.0"
"384.0","862.0","2714.0","8411.0","287.0","308.0","826.0","9510.0","1453.0","1282.0"
"349.0","861.0","2592.0","8546.0","337.0","316.0","871.0","9372.0","1407.0","1229.0"
"336.0","754.0","2085.0","7488.0","282.0","286.0","749.0","8130.0","1287.0","1299.0"
"279.0","547.0","1944.0","6132.0","289.0","287.0","603.0","6797.0","1002.0","1081.0"
"335.0","678.0","1896.0","6434.0","267.0","271.0","636.0","7132.0","1054.0","1789.0"
"440.0","983.0","2598.0","8710.0","325.0","276.0","854.0","9891.0","1487.0","2596.0"
"495.0","931.0","2741.0","8521.0","295.0","318.0","833.0","10037.0","1432.0","3430.0"
"368.0","1147.0","2934.0","8868.0","297.0","350.0","951.0","10275.0","1784.0","2112.0"
"391.0","1067.0","2727.0","8239.0","394.0","324.0","854.0","9414.0","1436.0","1474.0"
"285.0","737.0","2164.0","7730.0","312.0","314.0","706.0","7619.0","1287.0","1087.0"
"223.0","533.0","1589.0","6049.0","224.0","202.0","500.0","6251.0","949.0","711.0"
"260.0","628.0","1859.0","6162.0","248.0","261.0","591.0","6817.0","1008.0","883.0"
"407.0","914.0","2861.0","7955.0","290.0","344.0","860.0","9170.0","1452.0","1662.0"
"521.0","950.0","2893.0","8414.0","292.0","319.0","870.0","9506.0","1458.0","2477.0"
"422.0","815.0","2636.0","7990.0","263.0","283.0","802.0","8754.0","1444.0","1321.0"
"343.0","848.0","2560.0","8465.0","280.0","327.0","798.0","8943.0","1358.0","1254.0"
"279.0","564.0","1888.0","6925.0","230.0","278.0","674.0","7561.0","1185.0","969.0"
"380.0","413.0","1432.0","5717.0","182.0","267.0","581.0","6284.0","911.0","809.0"
"359.0","462.0","1516.0","5626.0","202.0","184.0","532.0","7259.0","957.0","980.0"
"348.0","662.0","2106.0","7391.0","242.0","307.0","736.0","9879.0","1248.0","1041.0"
"465.0","633.0","2175.0","7413.0","224.0","304.0","665.0","9240.0","1238.0","2870.0"
"438.0","542.0","1980.0","6771.0","226.0","269.0","646.0","8603.0","1151.0","2397.0"
"298.0","469.0","1576.0","6366.0","214.0","246.0","562.0","8129.0","1233.0","1204.0"
"241.0","371.0","1210.0","5584.0","160.0","212.0","455.0","6750.0","975.0","703.0"
"192.0","266.0","994.0","4963.0","151.0","200.0","345.0","5983.0","792.0","612.0"
"172.0","252.0","903.0","4863.0","159.0","209.0","379.0","6058.0","804.0","633.0"
"173.0","248.0","857.0","4670.0","147.0","166.0","357.0","6434.0","783.0","554.0"
"182.0","219.0","821.0","4490.0","135.0","145.0","299.0","5745.0","750.0","501.0"
"353.0","382.0","1039.0","5666.0","167.0","212.0","490.0","7920.0","902.0","1611.0"
"491.0","486.0","1198.0","6234.0","162.0","250.0","495.0","9138.0","994.0","1824.0"
"283.0","425.0","1154.0","6599.0","157.0","257.0","585.0","8971.0","1008.0","985.0"
"225.0","359.0","1001.0","5362.0","155.0","202.0","401.0","7661.0","813.0","809.0"
"246.0","323.0","1012.0","5621.0","160.0","181.0","422.0","7433.0","787.0","698.0"
"229.0","282.0","978.0","5648.0","153.0","204.0","462.0","7889.0","939.0","738.0"
"217.0","217.0","990.0","5189.0","128.0","185.0","352.0","6957.0","772.0","600.0"
"300.0","396.0","1586.0","7345.0","205.0","296.0","562.0","10217.0","1313.0","885.0"
"295.0","437.0","1626.0","7037.0","222.0","291.0","626.0","9542.0","1158.0","700.0"
"298.0","483.0","1569.0","7254.0","206.0","257.0","625.0","8622.0","1127.0","917.0"
"270.0","355.0","1241.0","6277.0","186.0","261.0","494.0","7035.0","1026.0","1141.0"
"271.0","388.0","1424.0","6379.0","222.0","227.0","485.0","7735.0","1038.0","895.0"
"374.0","657.0","2237.0","7887.0","1944.0","302.0","624.0","10327.0","1346.0","1299.0"
"350.0","667.0","2310.0","8270.0","841.0","292.0","726.0","10514.0","1447.0","1244.0"
"485.0","662.0","2234.0","8057.0","482.0","322.0","716.0","9987.0","1362.0","1498.0"
"410.0","658.0","2324.0","8033.0","370.0","255.0","758.0","10134.0","1443.0","1458.0"
"288.0","504.0","1913.0","7201.0","330.0","281.0","714.0","9340.0","1310.0","1063.0"
"228.0","430.0","1542.0","5710.0","245.0","246.0","536.0","7136.0","1066.0","841.0"
"257.0","424.0","1633.0","6194.0","264.0","262.0","545.0","7187.0","1115.0","843.0"
"331.0","613.0","2307.0","7917.0","274.0","303.0","680.0","9749.0","1436.0","1098.0"
"316.0","629.0","2502.0","8248.0","213.0","304.0","852.0","11074.0","1530.0","1238.0"
"312.0","620.0","2579.0","7916.0","302.0","294.0","952.0","10874.0","1534.0","1192.0"
"323.0","712.0","2521.0","8165.0","369.0","330.0","903.0","10489.0","1605.0","1238.0"
"1445.0","847.0","2077.0","7434.0","296.0","294.0","817.0","8823.0","1453.0","7883.0"
"1048.0","554.0","1440.0","6446.0","206.0","233.0","556.0","7140.0","1110.0","3683.0"
"489.0","654.0","1759.0","6680.0","212.0","247.0","611.0","8021.0","1105.0","2160.0"
"553.0","786.0","2327.0","7390.0","263.0","294.0","855.0","10052.0","1431.0","2091.0"
"584.0","753.0","2635.0","8992.0","312.0","295.0","879.0","10515.0","1737.0","1763.0"
"450.0","709.0","2643.0","8381.0","317.0","301.0","809.0","9964.0","1654.0","1697.0"
"508.0","714.0","2595.0","8054.0","269.0","275.0","913.0","9543.0","1588.0","1546.0"
"618.0","614.0","2367.0","7439.0","266.0","307.0","825.0","9054.0","1591.0","1641.0"
"1073.0","497.0","1464.0","5761.0","243.0","236.0","591.0","7030.0","1018.0","1585.0"
"410.0","563.0","1853.0","6208.0","217.0","227.0","640.0","7268.0","1206.0","1171.0"
"475.0","776.0","2539.0","7929.0","297.0","261.0","877.0","10127.0","1651.0","1631.0"
"532.0","820.0","2822.0","8658.0","352.0","331.0","974.0","10488.0","1710.0","2549.0"
"417.0","802.0","2709.0","8185.0","283.0","316.0","921.0","10230.0","1677.0","1953.0"
"407.0","797.0","2679.0","7997.0","277.0","263.0","821.0","9505.0","1691.0","1596.0"
"339.0","672.0","2149.0","6856.0","276.0","256.0","801.0","8423.0","1425.0","1695.0"
"316.0","513.0","1682.0","5906.0","222.0","208.0","609.0","6506.0","1202.0","1615.0"
"320.0","570.0","1957.0","6612.0","208.0","245.0","664.0","7152.0","1218.0","1408.0"
"372.0","790.0","3001.0","9123.0","1338.0","322.0","926.0","9938.0","1686.0","1397.0"
"395.0","815.0","3025.0","8835.0","2371.0","388.0","902.0","9897.0","1787.0","1461.0"
"453.0","865.0","2919.0","9334.0","1034.0","342.0","943.0","9759.0","1750.0","1119.0"
"503.0","876.0","2769.0","9997.0","497.0","310.0","899.0","9604.0","1712.0","1128.0"
"331.0","820.0","2383.0","8947.0","339.0","294.0","889.0","7968.0","1500.0","1024.0"
"518.0","475.0","1623.0","6018.0","271.0","227.0","592.0","6324.0","1102.0","2229.0"
"1342.0","702.0","1918.0","6221.0","237.0","305.0","668.0","6741.0","1242.0","6214.0"
"798.0","965.0","2815.0","8184.0","326.0","296.0","888.0","9232.0","1789.0","3952.0"
"904.0","1093.0","2807.0","8490.0","344.0","295.0","976.0","9937.0","1640.0","5180.0"
"608.0","1025.0","2725.0","8276.0","332.0","308.0","868.0","9189.0","1719.0","2885.0"
"477.0","811.0","2434.0","9424.0","270.0","338.0","860.0","8338.0","1468.0","1453.0"
"402.0","686.0","1959.0","8432.0","259.0","335.0","766.0","7826.0","1379.0","1206.0"
"318.0","488.0","1456.0","5854.0","190.0","264.0","635.0","6628.0","1127.0","1154.0"
"388.0","580.0","1818.0","6395.0","214.0","239.0","647.0","7326.0","1171.0","1068.0"
"460.0","846.0","2451.0","7872.0","302.0","372.0","888.0","9758.0","1605.0","1560.0"
"439.0","922.0","2608.0","8727.0","326.0","340.0","1072.0","10151.0","1736.0","1627.0"
"445.0","906.0","2698.0","8716.0","370.0","318.0","1020.0","10036.0","1794.0","1506.0"
"420.0","884.0","2632.0","8271.0","340.0","341.0","1033.0","9543.0","1764.0","1528.0"
"354.0","783.0","2131.0","7845.0","240.0","345.0","907.0","8533.0","1474.0","1588.0"
"282.0","509.0","1667.0","6376.0","208.0","265.0","622.0","6857.0","1171.0","1206.0"
"300.0","677.0","1902.0","7064.0","239.0","252.0","667.0","7295.0","1299.0","1068.0"
"422.0","911.0","2924.0","8485.0","311.0","311.0","981.0","10894.0","1815.0","1547.0"
"461.0","1029.0","2927.0","8471.0","302.0","340.0","1062.0","10708.0","1832.0","1592.0"
"384.0","916.0","2724.0","8279.0","299.0","374.0","1021.0","10204.0","1923.0","1529.0"
"422.0","942.0","2804.0","8518.0","320.0","348.0","990.0","10034.0","1876.0","1486.0"
"330.0","824.0","2295.0","7433.0","848.0","281.0","821.0","18334.0","1565.0","1279.0"
"246.0","519.0","1614.0","6139.0","359.0","233.0","616.0","18907.0","1313.0","954.0"
"289.0","688.0","1981.0","6677.0","283.0","251.0","681.0","50612.0","1353.0","1017.0"
"416.0","938.0","2789.0","8353.0","340.0","326.0","993.0","37570.0","1934.0","1435.0"
"369.0","1007.0","2831.0","8016.0","338.0","402.0","1059.0","15770.0","1866.0","1424.0"
"348.0","924.0","2756.0","8086.0","282.0","330.0","1059.0","12635.0","1812.0","1314.0"
"430.0","918.0","2618.0","8890.0","297.0","349.0","979.0","11623.0","1821.0","1277.0"
"349.0","722.0","2251.0","7396.0","237.0","327.0","852.0","10878.0","1570.0","1220.0"
"245.0","498.0","1543.0","5795.0","222.0","262.0","605.0","8409.0","1220.0","896.0"
"304.0","567.0","1920.0","6006.0","187.0","255.0","676.0","8821.0","1346.0","956.0"
"379.0","832.0","2588.0","8174.0","274.0","329.0","1058.0","14437.0","1874.0","1293.0"
"389.0","822.0","3955.0","8329.0","295.0","335.0","1061.0","13667.0","1786.0","1263.0"
"509.0","908.0","2505.0","7998.0","310.0","295.0","967.0","11971.0","1763.0","1737.0"
"364.0","839.0","2568.0","7944.0","326.0","337.0","1015.0","10829.0","1878.0","1440.0"
"287.0","704.0","2094.0","6951.0","263.0","296.0","856.0","9148.0","1541.0","1089.0"
"250.0","481.0","1483.0","5984.0","205.0","248.0","657.0","7370.0","1209.0","711.0"
"277.0","543.0","1811.0","6383.0","209.0","256.0","738.0","8097.0","1305.0","744.0"
"384.0","851.0","2582.0","8201.0","324.0","250.0","1013.0","11574.0","1773.0","1197.0"
"481.0","1007.0","2644.0","8531.0","302.0","344.0","964.0","11457.0","2036.0","1291.0"
"371.0","900.0","2577.0","10969.0","304.0","309.0","1092.0","11380.0","1967.0","1309.0"
"338.0","844.0","2542.0","11848.0","297.0","271.0","1010.0","10702.0","1745.0","1364.0"
"335.0","671.0","2028.0","11649.0","232.0","301.0","961.0","9391.0","1598.0","1212.0"
"307.0","522.0","1425.0","13853.0","214.0","312.0","662.0","7858.0","1192.0","932.0"
"402.0","864.0","1736.0","15855.0","234.0","328.0","712.0","8486.0","1413.0","1035.0"
"439.0","833.0","2445.0","25925.0","337.0","356.0","1034.0","11973.0","1874.0","1245.0"
"411.0","822.0","2416.0","16209.0","290.0","360.0","984.0","11454.0","1888.0","1247.0"
"426.0","797.0","2308.0","16046.0","273.0","363.0","945.0","10586.0","1925.0","1245.0"
"464.0","747.0","2000.0","16337.0","327.0","321.0","834.0","10078.0","1731.0","1115.0"
"332.0","575.0","1575.0","13408.0","243.0","291.0","725.0","8511.0","1483.0","943.0"
"281.0","416.0","1206.0","12213.0","217.0","271.0","555.0","7268.0","1136.0","737.0"
"289.0","462.0","1264.0","11697.0","192.0","290.0","594.0","7944.0","1338.0","875.0"
"353.0","783.0","1669.0","14497.0","244.0","359.0","771.0","11468.0","1597.0","1214.0"
"399.0","818.0","1554.0","14029.0","307.0","366.0","911.0","10105.0","1645.0","1203.0"
"390.0","859.0","1123.0","13224.0","389.0","386.0","891.0","9897.0","1801.0","1217.0"
"424.0","851.0","1068.0","13426.0","338.0","362.0","928.0","9268.0","1660.0","1134.0"
"459.0","838.0","969.0","12077.0","273.0","327.0","701.0","7736.0","1429.0","1100.0"
"380.0","537.0","775.0","10786.0","198.0","265.0","534.0","5999.0","1191.0","732.0"
"324.0","644.0","738.0","10229.0","224.0","269.0","682.0","6573.0","1278.0","769.0"
"464.0","961.0","1015.0","12919.0","311.0","525.0","815.0","9903.0","1852.0","1118.0"
"470.0","962.0","1018.0","13307.0","335.0","340.0","448.0","9328.0","1882.0","1316.0"
"349.0","878.0","1016.0","12445.0","330.0","337.0","216.0","8446.0","1591.0","1046.0"
"477.0","970.0","1086.0","13780.0","290.0","435.0","226.0","8606.0","1769.0","1156.0"
"440.0","838.0","845.0","12651.0","235.0","274.0","162.0","7233.0","1496.0","1031.0"
"336.0","637.0","697.0","18325.0","204.0","244.0","116.0","5559.0","1230.0","806.0"
"1692.0","1946.0","811.0","15337.0","251.0","282.0","166.0","6430.0","1249.0","2304.0"
"812.0","1424.0","1100.0","20534.0","496.0","430.0","200.0","9132.0","1864.0","1870.0"
"601.0","1141.0","1179.0","17306.0","409.0","477.0","221.0","9104.0","1861.0","1486.0"
"547.0","1047.0","1097.0","18788.0","362.0","444.0","244.0","8858.0","1768.0","1324.0"
"433.0","858.0","1069.0","16672.0","325.0","522.0","214.0","7886.0","1708.0","1065.0"
"495.0","743.0","852.0","13593.0","277.0","375.0","203.0","7063.0","1602.0","1038.0"
"651.0","581.0","690.0","9932.0","194.0","274.0","151.0","5445.0","1286.0","1453.0"
"658.0","753.0","825.0","11778.0","209.0","367.0","168.0","5949.0","1409.0","1132.0"
"559.0","1010.0","1030.0","14299.0","323.0","462.0","239.0","8776.0","1841.0","1247.0"
"865.0","1088.0","972.0","14168.0","322.0","334.0","233.0","8467.0","1844.0","1332.0"
"816.0","1089.0","1133.0","14824.0","316.0","404.0","257.0","8201.0","1859.0","1558.0"
"577.0","1030.0","1120.0","14823.0","336.0","402.0","257.0","8001.0","1731.0","1369.0"
"431.0","790.0","962.0","12545.0","253.0","332.0","211.0","6657.0","1511.0","1156.0"
"254.0","518.0","736.0","9800.0","194.0","236.0","134.0","5224.0","1150.0","776.0"
"325.0","589.0","844.0","10516.0","209.0","305.0","196.0","5915.0","1387.0","796.0"
"653.0","1008.0","1070.0","13826.0","320.0","364.0","219.0","8873.0","1782.0","1322.0"
"591.0","903.0","1159.0","14478.0","306.0","362.0","272.0","8179.0","1711.0","1236.0"
"583.0","899.0","2036.0","12315.0","270.0","324.0","182.0","7153.0","1722.0","1152.0"
"500.0","960.0","1081.0","13169.0","369.0","347.0","268.0","7290.0","1754.0","1193.0"
"436.0","862.0","907.0","14051.0","246.0","319.0","215.0","6722.0","1550.0","1014.0"
"349.0","658.0","744.0","12338.0","213.0","250.0","155.0","5000.0","1179.0","694.0"
"325.0","621.0","765.0","10971.0","203.0","254.0","163.0","5413.0","1218.0","713.0"
"399.0","896.0","1040.0","13682.0","298.0","419.0","188.0","7499.0","1659.0","996.0"
"391.0","898.0","1001.0","15342.0","284.0","369.0","194.0","7974.0","1716.0","1037.0"
"483.0","856.0","1020.0","18910.0","314.0","320.0","181.0","7941.0","1725.0","1066.0"
"492.0","766.0","924.0","15883.0","272.0","306.0","170.0","7006.0","1565.0","990.0"
"353.0","641.0","833.0","13705.0","290.0","287.0","165.0","6645.0","1400.0","845.0"
"295.0","456.0","661.0","9803.0","175.0","241.0","134.0","4737.0","1148.0","644.0"
"309.0","495.0","731.0","9668.0","204.0","264.0","175.0","5143.0","1195.0","718.0"
"425.0","881.0","947.0","12423.0","270.0","290.0","194.0","8001.0","1680.0","1072.0"
"465.0","797.0","1342.0","11016.0","286.0","341.0","323.0","7774.0","1682.0","1030.0"
"412.0","861.0","2320.0","9663.0","295.0","340.0","756.0","7249.0","1563.0","988.0"
"367.0","824.0","2369.0","9645.0","313.0","314.0","784.0","7737.0","1624.0","971.0"
"302.0","594.0","1851.0","7990.0","391.0","304.0","612.0","6438.0","1253.0","766.0"
"225.0","460.0","1367.0","6438.0","238.0","245.0","447.0","4505.0","1001.0","591.0"
"300.0","540.0","1519.0","6937.0","217.0","257.0","471.0","4833.0","1082.0","628.0"
"365.0","639.0","2186.0","9697.0","290.0","292.0","662.0","6907.0","1381.0","857.0"
"399.0","678.0","2344.0","10174.0","255.0","290.0","754.0","7341.0","1625.0","950.0"
"471.0","703.0","2346.0","9357.0","245.0","310.0","740.0","7283.0","1655.0","1139.0"
"375.0","657.0","2106.0","9103.0","296.0","321.0","723.0","6957.0","1467.0","986.0"
"336.0","582.0","1804.0","8739.0","213.0","267.0","560.0","6022.0","1306.0","824.0"
"238.0","446.0","1222.0","6340.0","182.0","218.0","383.0","4507.0","945.0","530.0"
"214.0","437.0","1326.0","7852.0","198.0","238.0","517.0","4550.0","1052.0","577.0"
"319.0","659.0","1756.0","9147.0","235.0","324.0","587.0","5966.0","1226.0","707.0"
"409.0","723.0","2146.0","9133.0","324.0","326.0","730.0","7331.0","1459.0","1001.0"
"387.0","716.0","2159.0","9468.0","300.0","291.0","723.0","7153.0","1479.0","881.0"
"387.0","662.0","2007.0","9099.0","270.0","346.0","727.0","7013.0","1472.0","887.0"
"393.0","579.0","1750.0","8193.0","234.0","251.0","547.0","6051.0","1302.0","762.0"
"246.0","359.0","1212.0","6101.0","194.0","204.0","444.0","4302.0","935.0","531.0"
"226.0","451.0","1616.0","6584.0","216.0","235.0","439.0","4854.0","1073.0","632.0"
"394.0","647.0","2232.0","10092.0","268.0","312.0","729.0","7237.0","1406.0","958.0"
"398.0","669.0","2296.0","10059.0","257.0","299.0","692.0","6801.0","1444.0","1052.0"
"394.0","722.0","2168.0","9957.0","216.0","288.0","678.0","6929.0","1570.0","1183.0"
"444.0","682.0","1929.0","8917.0","299.0","305.0","687.0","7234.0","1526.0","1064.0"
"315.0","542.0","1743.0","7671.0","245.0","242.0","632.0","6849.0","1359.0","916.0"
"222.0","420.0","1320.0","6099.0","188.0","245.0","434.0","4830.0","1007.0","610.0"
"265.0","502.0","1491.0","6354.0","192.0","259.0","467.0","4800.0","1093.0","670.0"
"539.0","702.0","2002.0","8716.0","313.0","337.0","610.0","7136.0","1460.0","1436.0"
"359.0","659.0","1876.0","8799.0","230.0","316.0","661.0","7265.0","1381.0","1027.0"
"425.0","675.0","2058.0","9634.0","291.0","379.0","713.0","7479.0","1553.0","991.0"
"345.0","687.0","1913.0","8441.0","214.0","297.0","633.0","6620.0","1415.0","1056.0"
"316.0","510.0","1628.0","7764.0","254.0","269.0","538.0","5869.0","1264.0","841.0"
"233.0","377.0","1310.0","6110.0","202.0","214.0","438.0","4487.0","1075.0","650.0"
"261.0","469.0","1534.0","5923.0","171.0","262.0","561.0","4656.0","1033.0","653.0"
"345.0","659.0","2036.0","8423.0","238.0","267.0","758.0","7130.0","1403.0","852.0"
"360.0","701.0","2425.0","9094.0","266.0","319.0","815.0","6737.0","1417.0","997.0"
"339.0","652.0","2327.0","8844.0","304.0","328.0","779.0","6433.0","1441.0","859.0"
"354.0","606.0","1890.0","8596.0","298.0","295.0","691.0","6137.0","1337.0","897.0"
"301.0","519.0","1527.0","7601.0","246.0","273.0","624.0","5448.0","1192.0","732.0"
"221.0","304.0","1256.0","5845.0","218.0","235.0","479.0","4110.0","851.0","508.0"
"261.0","371.0","1548.0","6491.0","229.0","241.0","571.0","4599.0","960.0","573.0"
"291.0","645.0","2062.0","8325.0","272.0","314.0","903.0","6553.0","1314.0","909.0"
"388.0","736.0","2254.0","8803.0","288.0","328.0","1006.0","6631.0","1424.0","909.0"
"336.0","594.0","2368.0","8567.0","261.0","301.0","893.0","6371.0","1341.0","882.0"
"351.0","609.0","2152.0","8614.0","235.0","298.0","848.0","6099.0","1405.0","894.0"
"282.0","444.0","1579.0","7071.0","233.0","275.0","731.0","5094.0","1152.0","691.0"
"229.0","330.0","1177.0","5447.0","182.0","236.0","424.0","3965.0","846.0","431.0"
"260.0","466.0","1467.0","5495.0","172.0","207.0","461.0","4229.0","886.0","545.0"
"342.0","602.0","2054.0","7414.0","185.0","297.0","614.0","6190.0","1259.0","755.0"
"375.0","602.0","2094.0","8082.0","229.0","306.0","681.0","6310.0","1329.0","861.0"
"303.0","538.0","2107.0","7515.0","234.0","275.0","622.0","5998.0","1193.0","791.0"
"545.0","587.0","1615.0","6185.0","216.0","275.0","539.0","5327.0","1011.0","2112.0"
"358.0","510.0","1425.0","5907.0","210.0","232.0","510.0","4779.0","982.0","1297.0"
"582.0","1360.0","1261.0","5278.0","170.0","227.0","367.0","4039.0","820.0","3336.0"
"514.0","932.0","1509.0","5664.0","148.0","217.0","425.0","4498.0","895.0","2893.0"
"634.0","868.0","2054.0","7688.0","230.0","245.0","638.0","6668.0","1277.0","1831.0"
"454.0","831.0","2187.0","8475.0","279.0","344.0","714.0","6741.0","1312.0","1827.0"
"345.0","747.0","1946.0","7678.0","258.0","297.0","674.0","6290.0","1321.0","1258.0"
"318.0","663.0","1919.0","8135.0","217.0","300.0","611.0","5933.0","1297.0","884.0"
"292.0","484.0","1570.0","7310.0","210.0","248.0","531.0","5216.0","1095.0","677.0"
"199.0","318.0","1212.0","5615.0","159.0","178.0","447.0","4044.0","838.0","420.0"
"266.0","335.0","1429.0","5810.0","124.0","183.0","412.0","4173.0","799.0","510.0"
"325.0","530.0","1907.0","8423.0","234.0","278.0","598.0","6454.0","1249.0","790.0"
"333.0","604.0","1865.0","12298.0","236.0","322.0","648.0","6191.0","1313.0","804.0"
"340.0","623.0","1913.0","9232.0","247.0","298.0","561.0","6140.0","1227.0","990.0"
"316.0","572.0","1847.0","8384.0","225.0","283.0","619.0","5726.0","1252.0","826.0"
"280.0","526.0","1408.0","7115.0","253.0","242.0","551.0","5025.0","1118.0","747.0"
"205.0","313.0","1239.0","5759.0","178.0","216.0","400.0","4130.0","790.0","469.0"
"220.0","326.0","1357.0","6927.0","181.0","227.0","458.0","4395.0","865.0","426.0"
"288.0","605.0","1792.0","8040.0","297.0","464.0","650.0","5972.0","1216.0","619.0"
"0.0","0.0","0.0","0.0","0.0","0.0","0.0","0.0","0.0","0.0"
"151.0","218.0","566.0","3638.0","96.0","104.0","268.0","2447.0","449.0","295.0"
"283.0","428.0","1448.0","7215.0","236.0","310.0","535.0","5695.0","1070.0","708.0"
"230.0","371.0","1119.0","6611.0","198.0","267.0","488.0","5005.0","866.0","555.0"
"209.0","292.0","1075.0","6228.0","196.0","214.0","322.0","3880.0","732.0","365.0"
"213.0","341.0","1226.0","6080.0","203.0","196.0","354.0","3871.0","670.0","451.0"
"270.0","509.0","1575.0","7610.0","302.0","257.0","596.0","5813.0","1054.0","555.0"
"270.0","613.0","1514.0","8195.0","442.0","271.0","546.0","5518.0","1004.0","702.0"
"343.0","544.0","1603.0","7967.0","363.0","328.0","634.0","5414.0","1002.0","902.0"
"241.0","515.0","1478.0","6930.0","241.0","220.0","557.0","5643.0","976.0","657.0"
"219.0","450.0","1346.0","6318.0","227.0","225.0","517.0","5412.0","1025.0","583.0"
"240.0","487.0","1075.0","5154.0","185.0","158.0","380.0","3719.0","666.0","607.0"
"197.0","355.0","1120.0","5010.0","174.0","165.0","288.0","3764.0","720.0","483.0"
"213.0","509.0","1508.0","6990.0","192.0","203.0","511.0","5332.0","1031.0","766.0"
"271.0","524.0","1408.0","7047.0","225.0","261.0","566.0","5348.0","1085.0","817.0"
"276.0","586.0","1455.0","7319.0","268.0","245.0","548.0","5301.0","1050.0","740.0"
"265.0","500.0","1336.0","7101.0","212.0","236.0","483.0","4878.0","1055.0","598.0"
"197.0","443.0","1155.0","6445.0","163.0","222.0","435.0","4454.0","970.0","524.0"
"170.0","243.0","1042.0","5112.0","148.0","175.0","359.0","3455.0","699.0","349.0"
"204.0","362.0","1197.0","5298.0","155.0","207.0","409.0","3772.0","692.0","447.0"
"259.0","423.0","1412.0","7263.0","250.0","232.0","532.0","5354.0","1021.0","597.0"
"269.0","544.0","1562.0","7620.0","322.0","277.0","616.0","5297.0","1145.0","693.0"
"307.0","522.0","1421.0","7346.0","419.0","208.0","634.0","5276.0","1193.0","782.0"
"258.0","500.0","1364.0","6711.0","302.0","257.0","523.0","4949.0","1113.0","729.0"
"279.0","466.0","1258.0","6577.0","272.0","249.0","528.0","4428.0","874.0","588.0"
"179.0","385.0","1074.0","5215.0","152.0","192.0","412.0","3718.0","751.0","493.0"
"205.0","400.0","1043.0","4871.0","169.0","161.0","382.0","3705.0","763.0","481.0"
"273.0","526.0","1431.0","6973.0","187.0","234.0","522.0","5387.0","945.0","718.0"
"294.0","569.0","1340.0","5771.0","216.0","233.0","495.0","4441.0","1015.0","838.0"
"268.0","502.0","1399.0","5993.0","230.0","231.0","518.0","4462.0","924.0","618.0"
"305.0","431.0","1293.0","5876.0","285.0","225.0","442.0","4341.0","932.0","632.0"
"258.0","433.0","1172.0","5131.0","225.0","207.0","402.0","3889.0","772.0","761.0"
"160.0","257.0","1451.0","3827.0","169.0","181.0","307.0","2954.0","577.0","367.0"
"248.0","324.0","963.0","4107.0","326.0","150.0","302.0","3081.0","580.0","426.0"
"331.0","526.0","1290.0","5528.0","407.0","205.0","456.0","4248.0","907.0","611.0"
"271.0","487.0","1381.0","5741.0","345.0","289.0","484.0","4488.0","998.0","694.0"
"358.0","631.0","1379.0","5555.0","267.0","265.0","472.0","4387.0","839.0","768.0"
"257.0","644.0","1380.0","5400.0","197.0","199.0","512.0","4141.0","899.0","651.0"
"292.0","522.0","1332.0","5147.0","186.0","202.0","412.0","3748.0","831.0","626.0"
"200.0","266.0","986.0","3951.0","140.0","167.0","315.0","2793.0","522.0","315.0"
"181.0","321.0","1073.0","3750.0","139.0","172.0","335.0","3335.0","589.0","353.0"
"231.0","538.0","1348.0","4480.0","170.0","216.0","424.0","4221.0","799.0","439.0"
"314.0","554.0","1584.0","5580.0","227.0","235.0","509.0","4475.0","914.0","638.0"
"497.0","625.0","1698.0","5977.0","212.0","263.0","560.0","4665.0","882.0","680.0"
"496.0","610.0","1673.0","5608.0","218.0","240.0","554.0","4118.0","884.0","742.0"
"354.0","544.0","1421.0","5247.0","221.0","226.0","448.0","3858.0","807.0","593.0"
"181.0","339.0","1089.0","4186.0","195.0","162.0","357.0","3034.0","594.0","378.0"
"242.0","475.0","1306.0","4234.0","213.0","154.0","410.0","3245.0","660.0","453.0"
"332.0","749.0","1871.0","6172.0","230.0","229.0","525.0","4676.0","908.0","729.0"
"422.0","714.0","1781.0","6093.0","249.0","245.0","554.0","4699.0","982.0","756.0"
"341.0","565.0","1845.0","6057.0","250.0","206.0","588.0","4539.0","1056.0","692.0"
"390.0","679.0","1907.0","6227.0","321.0","237.0","586.0","4250.0","952.0","775.0"
"326.0","659.0","1653.0","5737.0","270.0","203.0","503.0","3914.0","852.0","636.0"
"229.0","405.0","1331.0","4251.0","177.0","178.0","347.0","3016.0","586.0","430.0"
"284.0","437.0","1436.0","4379.0","166.0","209.0","414.0","3195.0","642.0","402.0"
"363.0","634.0","1972.0","6054.0","269.0","265.0","554.0","4675.0","968.0","621.0"
"359.0","658.0","2034.0","6971.0","275.0","247.0","685.0","4635.0","1000.0","666.0"
"322.0","704.0","2293.0","6628.0","270.0","252.0","597.0","4361.0","1062.0","676.0"
"309.0","607.0","1817.0","5943.0","278.0","241.0","610.0","4167.0","946.0","721.0"
"332.0","676.0","1651.0","5564.0","392.0","236.0","521.0","3748.0","951.0","1420.0"
"248.0","391.0","1182.0","4141.0","203.0","169.0","432.0","2834.0","665.0","1089.0"
"284.0","369.0","1514.0","4357.0","169.0","190.0","438.0","2825.0","657.0","644.0"
"367.0","754.0","1911.0","5941.0","236.0","216.0","532.0","4186.0","932.0","1041.0"
"363.0","893.0","2062.0","6114.0","291.0","249.0","643.0","4317.0","987.0","853.0"
"329.0","704.0","2005.0","6234.0","224.0","208.0","588.0","4196.0","977.0","848.0"
"478.0","874.0","1920.0","5752.0","218.0","224.0","592.0","4011.0","965.0","2889.0"
"809.0","902.0","1732.0","5517.0","189.0","249.0","539.0","3554.0","878.0","6803.0"
"317.0","546.0","1279.0","4152.0","127.0","153.0","382.0","2770.0","610.0","2005.0"
"270.0","553.0","1417.0","4352.0","167.0","208.0","383.0","3051.0","683.0","881.0"
"463.0","751.0","2130.0","6138.0","197.0","226.0","643.0","4288.0","1043.0","1609.0"
"485.0","860.0","2397.0","7220.0","240.0","253.0","725.0","4724.0","1115.0","1197.0"
"413.0","754.0","2160.0","6947.0","256.0","248.0","717.0","4600.0","1170.0","948.0"
"323.0","753.0","2120.0","6592.0","234.0","233.0","715.0","4328.0","1079.0","883.0"
"267.0","619.0","1769.0","6344.0","200.0","186.0","557.0","3760.0","975.0","702.0"
"225.0","428.0","1254.0","5019.0","156.0","171.0","431.0","2905.0","821.0","495.0"
"226.0","511.0","1706.0","5046.0","192.0","164.0","504.0","3187.0","772.0","618.0"
"361.0","761.0","2267.0","6616.0","260.0","225.0","647.0","4486.0","1127.0","985.0"
"419.0","877.0","2318.0","6890.0","235.0","237.0","722.0","4469.0","1163.0","985.0"
"342.0","759.0","2397.0","6671.0","269.0","237.0","661.0","4493.0","1257.0","893.0"
"313.0","790.0","2202.0","6817.0","250.0","216.0","581.0","4237.0","1224.0","798.0"
"246.0","627.0","1982.0","6039.0","214.0","203.0","601.0","3784.0","1041.0","675.0"
"171.0","499.0","1353.0","4401.0","185.0","195.0","437.0","2741.0","782.0","432.0"
"201.0","509.0","1493.0","4751.0","178.0","199.0","439.0","3104.0","890.0","543.0"
"269.0","763.0","1955.0","6096.0","207.0","240.0","599.0","4265.0","1186.0","699.0"
"424.0","760.0","1995.0","6664.0","212.0","200.0","635.0","4479.0","1159.0","675.0"
"503.0","756.0","2130.0","6713.0","236.0","235.0","691.0","4324.0","1178.0","786.0"
"591.0","758.0","2020.0","6676.0","212.0","216.0","640.0","4781.0","1224.0","1326.0"
"479.0","579.0","1714.0","6107.0","188.0","214.0","625.0","3988.0","1024.0","945.0"
"392.0","451.0","1320.0","4778.0","194.0","177.0","415.0","3048.0","882.0","519.0"
"338.0","470.0","1557.0","4630.0","184.0","157.0","483.0","3181.0","841.0","556.0"
"422.0","806.0","2152.0","6585.0","219.0","249.0","622.0","4885.0","1239.0","811.0"
"511.0","838.0","2060.0","7333.0","194.0","259.0","665.0","4848.0","1247.0","1585.0"
"712.0","1409.0","2101.0","6663.0","285.0","232.0","702.0","4960.0","1356.0","3984.0"
"697.0","1316.0","2045.0","6517.0","231.0","260.0","760.0","4326.0","1249.0","3447.0"
"610.0","872.0","1728.0","5918.0","250.0","210.0","633.0","4180.0","1033.0","2083.0"
"387.0","610.0","1262.0","4552.0","167.0","153.0","437.0","2988.0","833.0","1420.0"
"760.0","720.0","1506.0","4574.0","190.0","182.0","533.0","3315.0","867.0","1915.0"
"848.0","1086.0","2093.0","6156.0","256.0","229.0","682.0","4618.0","1173.0","2834.0"
"705.0","1155.0","2188.0","6691.0","212.0","245.0","714.0","4605.0","1248.0","1979.0"
"506.0","1029.0","1937.0","6192.0","262.0","228.0","698.0","4527.0","1262.0","1451.0"
"508.0","870.0","1796.0","5671.0","212.0","195.0","649.0","4028.0","1155.0","999.0"
"368.0","694.0","1480.0","5247.0","208.0","190.0","525.0","3643.0","1002.0","795.0"
"380.0","456.0","1209.0","4353.0","166.0","145.0","404.0","2764.0","728.0","653.0"
"524.0","496.0","1386.0","4580.0","207.0","184.0","435.0","2928.0","801.0","587.0"
"437.0","851.0","1933.0","6438.0","210.0","220.0","658.0","4452.0","1272.0","946.0"
"528.0","907.0","2097.0","6405.0","224.0","222.0","675.0","4286.0","1274.0","998.0"
"468.0","936.0","2013.0","6883.0","234.0","243.0","759.0","4313.0","1287.0","1031.0"
"480.0","876.0","1937.0","6742.0","213.0","259.0","710.0","4441.0","1282.0","1024.0"
"609.0","752.0","1788.0","6256.0","219.0","258.0","589.0","3856.0","1128.0","830.0"
"500.0","608.0","1330.0","4449.0","164.0","205.0","456.0","2800.0","952.0","659.0"
"583.0","667.0","1438.0","4792.0","193.0","216.0","473.0","2927.0","995.0","582.0"
"497.0","846.0","2129.0","6991.0","209.0","279.0","809.0","4892.0","1406.0","892.0"
"509.0","942.0","2305.0","7755.0","230.0","267.0","916.0","5987.0","1461.0","995.0"
"505.0","895.0","2217.0","7479.0","218.0","283.0","935.0","5957.0","1418.0","883.0"
"406.0","848.0","2339.0","7209.0","288.0","288.0","787.0","5635.0","1326.0","941.0"
"384.0","890.0","2058.0","7893.0","230.0","285.0","763.0","5083.0","1188.0","823.0"
"391.0","658.0","1543.0","19057.0","185.0","202.0","539.0","4073.0","1055.0","742.0"
"359.0","707.0","1747.0","18170.0","156.0","212.0","572.0","4362.0","1024.0","662.0"
"436.0","1062.0","2408.0","17933.0","312.0","282.0","790.0","6117.0","1431.0","920.0"
"524.0","1007.0","2221.0","20374.0","241.0","340.0","810.0","6051.0","1342.0","872.0"
"467.0","901.0","2073.0","10398.0","225.0","297.0","790.0","5722.0","1306.0","788.0"
"463.0","780.0","2083.0","10304.0","218.0","271.0","675.0","5623.0","1244.0","717.0"
"428.0","701.0","1751.0","11237.0","215.0","255.0","536.0","5209.0","1166.0","602.0"
"325.0","525.0","1318.0","8144.0","164.0","230.0","406.0","4207.0","855.0","575.0"
"341.0","526.0","1353.0","5851.0","156.0","200.0","453.0","4270.0","893.0","504.0"
"512.0","847.0","2096.0","8243.0","236.0","291.0","620.0","5604.0","1210.0","706.0"
"591.0","752.0","2061.0","7579.0","237.0","253.0","604.0","4703.0","1192.0","691.0"
"440.0","627.0","1748.0","7016.0","232.0","249.0","579.0","4205.0","1113.0","584.0"
"567.0","546.0","1410.0","5607.0","207.0","217.0","479.0","3566.0","954.0","473.0"
"375.0","449.0","1200.0","4826.0","178.0","213.0","414.0","3277.0","893.0","476.0"
"333.0","506.0","1230.0","4825.0","158.0","160.0","385.0","2982.0","767.0","426.0"
"445.0","557.0","1404.0","5475.0","177.0","231.0","467.0","3246.0","847.0","414.0"
"568.0","873.0","1910.0","7372.0","242.0","205.0","632.0","4890.0","1224.0","697.0"
"455.0","846.0","1896.0","11232.0","251.0","239.0","669.0","4886.0","1244.0","650.0"
"489.0","944.0","2216.0","17006.0","234.0","246.0","768.0","4994.0","1322.0","745.0"
"489.0","899.0","2233.0","12158.0","231.0","247.0","709.0","5028.0","1276.0","732.0"
"531.0","672.0","1909.0","8455.0","170.0","222.0","689.0","4528.0","1178.0","610.0"
"364.0","571.0","1457.0","5762.0","156.0","224.0","479.0","3366.0","882.0","447.0"
"334.0","803.0","1651.0","5819.0","208.0","201.0","522.0","3434.0","940.0","568.0"
"584.0","930.0","2385.0","9319.0","249.0","250.0","706.0","5217.0","1159.0","756.0"
"514.0","915.0","2442.0","10490.0","170.0","234.0","753.0","4897.0","1182.0","620.0"
"561.0","982.0","2235.0","10464.0","220.0","247.0","665.0","4464.0","1096.0","644.0"
"581.0","716.0","1714.0","7073.0","201.0","275.0","542.0","3850.0","967.0","646.0"
"438.0","558.0","1418.0","5951.0","169.0","201.0","601.0","3435.0","738.0","558.0"
"334.0","356.0","944.0","4454.0","113.0","171.0","425.0","2927.0","530.0","382.0"
"428.0","375.0","1075.0","4153.0","165.0","167.0","356.0","2953.0","567.0","403.0"
"429.0","583.0","1564.0","5583.0","177.0","221.0","467.0","4222.0","919.0","610.0"
"340.0","765.0","1627.0","5343.0","209.0","211.0","487.0","4151.0","872.0","593.0"
"319.0","493.0","1331.0","5025.0","172.0","255.0","441.0","3514.0","769.0","642.0"
"245.0","481.0","1341.0","4633.0","150.0","202.0","517.0","3005.0","763.0","432.0"
"186.0","352.0","1023.0","4333.0","130.0","173.0","347.0","2531.0","653.0","416.0"
"146.0","214.0","651.0","3164.0","139.0","150.0","235.0","2115.0","448.0","272.0"
"166.0","207.0","1152.0","3025.0","137.0","165.0","219.0","2346.0","396.0","475.0"
"195.0","330.0","772.0","3681.0","158.0","180.0","251.0","2884.0","482.0","396.0"
"155.0","233.0","752.0","3459.0","102.0","141.0","253.0","2561.0","462.0","352.0"
"123.0","165.0","584.0","2649.0","86.0","129.0","197.0","2033.0","363.0","231.0"
"142.0","244.0","698.0","3280.0","106.0","121.0","287.0","2887.0","453.0","332.0"
"177.0","253.0","867.0","3869.0","108.0","166.0","331.0","3259.0","480.0","356.0"
"129.0","234.0","766.0","3434.0","85.0","155.0","268.0","2785.0","508.0","300.0"
"172.0","237.0","803.0","3737.0","89.0","163.0","277.0","2903.0","491.0","281.0"
"142.0","348.0","962.0","4199.0","134.0","232.0","375.0","3399.0","589.0","367.0"
"145.0","346.0","801.0","4043.0","132.0","170.0","290.0","2976.0","486.0","336.0"
"137.0","195.0","727.0","3193.0","108.0","174.0","247.0","2686.0","434.0","268.0"
"177.0","370.0","954.0","4150.0","137.0","166.0","332.0","3566.0","625.0","418.0"
"220.0","431.0","1055.0","4237.0","137.0","202.0","396.0","3801.0","686.0","428.0"
"184.0","308.0","831.0","3475.0","118.0","179.0","278.0","2868.0","560.0","314.0"
"29.0","37.0","186.0","764.0","26.0","38.0","58.0","550.0","102.0","73.0"
"0.0","0.0","0.0","0.0","0.0","0.0","0.0","0.0","0.0","0.0"
"251.0","520.0","1606.0","5752.0","212.0","256.0","477.0","4216.0","928.0","581.0"
"267.0","571.0","1672.0","5720.0","215.0","242.0","497.0","4967.0","944.0","569.0"
"237.0","560.0","1642.0","5247.0","200.0","270.0","514.0","4039.0","915.0","578.0"
"240.0","448.0","1484.0","5061.0","202.0","256.0","446.0","3755.0","883.0","597.0"
