"Measles","Sneeze","Measles_virus","Measles_vaccine","MMR_vaccine","MMRV_vaccine","Fever","Rhinitis","Conjunctivitis","Airborne_disease"
"2857.0","1007.0","24.0","43.0","983.0","38.0","4638.0","1027.0","4852.0","51.0"
"3539.0","1146.0","35.0","27.0","1013.0","31.0","5071.0","1033.0","5060.0","69.0"
"3908.0","1261.0","48.0","49.0","1774.0","74.0","6132.0","1349.0","6407.0","75.0"
"3718.0","1332.0","56.0","44.0","1663.0","35.0","6201.0","1333.0","6434.0","87.0"
"3516.0","1222.0","30.0","51.0","1699.0","65.0","5997.0","1299.0","5955.0","74.0"
"3668.0","1232.0","39.0","50.0","1591.0","65.0","5621.0","1360.0","5760.0","85.0"
"2827.0","1104.0","25.0","33.0","1109.0","45.0","4987.0","1105.0","5079.0","63.0"
"2476.0","1080.0","28.0","19.0","763.0","27.0","4453.0","849.0","4392.0","52.0"
"2739.0","1031.0","29.0","28.0","756.0","29.0","4992.0","898.0","4760.0","62.0"
"3701.0","1240.0","39.0","35.0","1156.0","62.0","6163.0","1240.0","6359.0","76.0"
"3135.0","1312.0","29.0","36.0","1201.0","61.0","6208.0","1225.0","5980.0","59.0"
"2766.0","1269.0","26.0","28.0","1079.0","51.0","5811.0","1136.0","5738.0","73.0"
"2572.0","1145.0","28.0","21.0","899.0","52.0","5036.0","1128.0","4977.0","64.0"
"2318.0","894.0","22.0","24.0","642.0","29.0","3876.0","809.0","3804.0","59.0"
"1906.0","760.0","11.0","9.0","415.0","22.0","3364.0","588.0","2975.0","53.0"
"2392.0","903.0","23.0","25.0","557.0","33.0","4594.0","854.0","3771.0","42.0"
"2552.0","1108.0","23.0","15.0","836.0","42.0","5491.0","1033.0","4550.0","45.0"
"2869.0","1219.0","20.0","24.0","936.0","42.0","5695.0","1222.0","5008.0","65.0"
"3261.0","1229.0","17.0","24.0","1076.0","51.0","6094.0","1255.0","5377.0","66.0"
"2920.0","1154.0","23.0","22.0","1038.0","40.0","5507.0","1135.0","4941.0","67.0"
"2422.0","1018.0","7.0","22.0","688.0","39.0","4852.0","904.0","4307.0","49.0"
"2210.0","884.0","19.0","15.0","596.0","21.0","4315.0","755.0","4200.0","64.0"
"2932.0","1240.0","10.0","24.0","809.0","20.0","5497.0","1058.0","5135.0","67.0"
"3416.0","1220.0","22.0","34.0","1177.0","55.0","6307.0","1306.0","5917.0","75.0"
"3480.0","1254.0","35.0","34.0","1598.0","66.0","6652.0","1391.0","6317.0","89.0"
"3698.0","1324.0","38.0","42.0","1742.0","75.0","6935.0","1475.0","6172.0","91.0"
"6168.0","1411.0","47.0","61.0","5479.0","114.0","6826.0","1513.0","6528.0","90.0"
"4849.0","1524.0","37.0","70.0","5169.0","118.0","6138.0","1423.0","6040.0","101.0"
"3275.0","1128.0","25.0","43.0","3002.0","70.0","5020.0","1112.0","5098.0","67.0"
"3602.0","1208.0","33.0","43.0","2696.0","68.0","5419.0","1179.0","5442.0","74.0"
"4257.0","1256.0","36.0","51.0","2961.0","107.0","6334.0","1501.0","6607.0","136.0"
"4252.0","1273.0","55.0","63.0","2621.0","96.0","6682.0","1488.0","6266.0","153.0"
"4051.0","1387.0","43.0","47.0","2650.0","101.0","6478.0","1442.0","5992.0","124.0"
"4033.0","1314.0","68.0","44.0","2817.0","100.0","6391.0","1415.0","5855.0","86.0"
"3552.0","1285.0","48.0","37.0","2305.0","78.0","6067.0","1302.0","6076.0","96.0"
"2836.0","1057.0","32.0","30.0","1299.0","49.0","4873.0","1025.0","4593.0","81.0"
"3592.0","1070.0","41.0","30.0","1461.0","47.0","5787.0","1176.0","5259.0","82.0"
"4257.0","1287.0","41.0","48.0","2346.0","61.0","6371.0","1480.0","6391.0","82.0"
"4338.0","1306.0","59.0","47.0","2523.0","79.0","7202.0","1542.0","6743.0","124.0"
"4597.0","1395.0","58.0","56.0","2511.0","94.0","6926.0","1611.0","6550.0","83.0"
"4200.0","1357.0","51.0","58.0","2277.0","97.0","6781.0","1529.0","6128.0","124.0"
"3824.0","1181.0","23.0","45.0","2060.0","73.0","5705.0","1374.0","5401.0","68.0"
"3422.0","1123.0","27.0","44.0","1346.0","39.0","5341.0","1125.0","4760.0","81.0"
"3507.0","1189.0","43.0","41.0","1560.0","46.0","6125.0","1116.0","5083.0","84.0"
"4418.0","1279.0","43.0","64.0","2405.0","83.0","7004.0","1485.0","6509.0","89.0"
"4076.0","1144.0","50.0","47.0","2108.0","94.0","6655.0","1399.0","5568.0","101.0"
"4727.0","1157.0","33.0","52.0","2317.0","73.0","6673.0","1491.0","5633.0","125.0"
"3923.0","1042.0","53.0","50.0","1944.0","83.0","5709.0","1260.0","5173.0","94.0"
"3467.0","1017.0","41.0","45.0","1653.0","56.0","5105.0","1092.0","4771.0","95.0"
"2732.0","832.0","38.0","29.0","874.0","40.0","4413.0","915.0","4039.0","92.0"
"2973.0","857.0","42.0","35.0","1123.0","53.0","4967.0","1013.0","4510.0","97.0"
"3990.0","1043.0","35.0","62.0","1992.0","89.0","6045.0","1387.0","5684.0","95.0"
"4034.0","970.0","35.0","48.0","1980.0","44.0","6050.0","1343.0","5297.0","103.0"
"3580.0","1002.0","47.0","40.0","1870.0","70.0","5672.0","1299.0","4598.0","105.0"
"4279.0","940.0","41.0","52.0","1784.0","81.0","5469.0","1221.0","4624.0","109.0"
"3188.0","1021.0","41.0","44.0","1568.0","64.0","4959.0","1068.0","4571.0","88.0"
"2545.0","825.0","33.0","34.0","1009.0","35.0","4191.0","918.0","3718.0","80.0"
"3157.0","894.0","32.0","24.0","1208.0","45.0","4935.0","1043.0","4166.0","91.0"
"3618.0","1050.0","55.0","46.0","1928.0","57.0","6030.0","1280.0","5313.0","118.0"
"3773.0","1050.0","48.0","71.0","1836.0","95.0","5834.0","1178.0","5342.0","137.0"
"3547.0","1019.0","38.0","45.0","1594.0","63.0","5838.0","1302.0","4765.0","128.0"
"3595.0","1080.0","37.0","40.0","1699.0","76.0","5526.0","1151.0","5225.0","113.0"
"3231.0","961.0","51.0","33.0","1467.0","65.0","4915.0","1105.0","4999.0","88.0"
"2580.0","829.0","30.0","29.0","877.0","48.0","4708.0","897.0","4707.0","69.0"
"2878.0","812.0","38.0","52.0","957.0","62.0","4779.0","940.0","5177.0","89.0"
"3793.0","1086.0","59.0","54.0","1703.0","63.0","5919.0","1587.0","6182.0","114.0"
"3648.0","1093.0","40.0","35.0","1631.0","61.0","5792.0","1651.0","5984.0","112.0"
"4463.0","1128.0","40.0","45.0","1888.0","69.0","6013.0","1382.0","5491.0","128.0"
"4351.0","968.0","35.0","49.0","1999.0","60.0","5600.0","1394.0","4879.0","106.0"
"3321.0","942.0","31.0","39.0","1506.0","62.0","4806.0","1005.0","4546.0","88.0"
"2607.0","721.0","30.0","31.0","963.0","68.0","3954.0","942.0","3970.0","65.0"
"3663.0","873.0","33.0","41.0","1062.0","56.0","4852.0","938.0","4681.0","86.0"
"3759.0","1008.0","40.0","52.0","1373.0","77.0","5857.0","1313.0","5655.0","101.0"
"3840.0","944.0","53.0","67.0","1459.0","88.0","5607.0","1353.0","5494.0","101.0"
"4002.0","1004.0","39.0","47.0","1502.0","78.0","5388.0","1254.0","5388.0","106.0"
"5798.0","1011.0","56.0","66.0","1766.0","56.0","5197.0","1253.0","5256.0","100.0"
"5277.0","952.0","40.0","70.0","1528.0","61.0","4593.0","1084.0","4697.0","81.0"
"4700.0","820.0","30.0","48.0","1131.0","60.0","3837.0","882.0","3861.0","80.0"
"9659.0","874.0","48.0","80.0","1670.0","53.0","4456.0","935.0","4465.0","73.0"
"9113.0","1026.0","52.0","94.0","2259.0","95.0","5489.0","1345.0","5748.0","98.0"
"6730.0","963.0","48.0","62.0","1925.0","84.0","5171.0","1335.0","5459.0","111.0"
"6574.0","952.0","53.0","88.0","2056.0","87.0","5344.0","1402.0","5211.0","93.0"
"5212.0","1007.0","39.0","56.0","1796.0","80.0","4747.0","1316.0","4977.0","112.0"
"5289.0","893.0","59.0","49.0","1633.0","69.0","4399.0","1134.0","5075.0","82.0"
"3269.0","736.0","39.0","53.0","983.0","47.0","3671.0","835.0","3998.0","72.0"
"3725.0","828.0","36.0","29.0","1053.0","46.0","4090.0","1031.0","4394.0","68.0"
"4852.0","1028.0","46.0","48.0","1822.0","71.0","5420.0","1352.0","5486.0","103.0"
"4119.0","996.0","37.0","65.0","1562.0","77.0","5076.0","1372.0","5147.0","119.0"
"4162.0","1014.0","46.0","57.0","1692.0","71.0","4927.0","1391.0","5099.0","123.0"
"4115.0","1114.0","89.0","55.0","1809.0","70.0","4973.0","1324.0","5176.0","151.0"
"4154.0","951.0","33.0","49.0","1345.0","61.0","4195.0","1039.0","4325.0","81.0"
"3068.0","731.0","25.0","31.0","870.0","33.0","3658.0","803.0","3577.0","95.0"
"3681.0","949.0","30.0","60.0","1044.0","43.0","4112.0","1019.0","4204.0","114.0"
"4320.0","889.0","62.0","29.0","1510.0","65.0","4807.0","1237.0","5293.0","115.0"
"3889.0","1002.0","33.0","60.0","1598.0","79.0","4913.0","1259.0","5172.0","130.0"
"4030.0","900.0","29.0","37.0","1509.0","52.0","4768.0","1308.0","4657.0","94.0"
"3780.0","902.0","45.0","43.0","1517.0","75.0","4403.0","1273.0","4442.0","77.0"
"3595.0","864.0","38.0","47.0","1261.0","51.0","3909.0","1130.0","4254.0","63.0"
"2772.0","714.0","40.0","40.0","894.0","38.0","3295.0","847.0","3745.0","108.0"
"3064.0","788.0","37.0","46.0","888.0","28.0","3672.0","954.0","4053.0","93.0"
"4153.0","843.0","45.0","44.0","1661.0","60.0","4881.0","1358.0","5364.0","81.0"
"4529.0","944.0","44.0","47.0","1727.0","64.0","4537.0","1323.0","5177.0","104.0"
"4418.0","1051.0","37.0","57.0","1668.0","54.0","4718.0","1303.0","5016.0","82.0"
"4604.0","960.0","34.0","49.0","1559.0","83.0","4575.0","1305.0","4837.0","97.0"
"3412.0","877.0","37.0","48.0","1289.0","63.0","3736.0","1243.0","4386.0","104.0"
"2813.0","705.0","17.0","28.0","801.0","35.0","3189.0","917.0","3621.0","70.0"
"3203.0","754.0","30.0","35.0","969.0","43.0","3375.0","1033.0","3995.0","82.0"
"4466.0","975.0","52.0","55.0","1604.0","70.0","4601.0","1366.0","6138.0","130.0"
"4691.0","935.0","37.0","48.0","1747.0","69.0","4508.0","1345.0","5487.0","117.0"
"4314.0","925.0","51.0","56.0","1685.0","58.0","4592.0","1495.0","5442.0","93.0"
"4128.0","990.0","62.0","54.0","1477.0","85.0","4244.0","1309.0","4970.0","107.0"
"3691.0","852.0","43.0","46.0","1275.0","69.0","3509.0","1337.0","4903.0","68.0"
"2696.0","682.0","37.0","30.0","844.0","48.0","2952.0","925.0","4136.0","56.0"
"3470.0","821.0","52.0","34.0","1033.0","40.0","3688.0","918.0","4898.0","78.0"
"4082.0","930.0","35.0","43.0","1687.0","72.0","4482.0","1429.0","6184.0","112.0"
"4268.0","945.0","42.0","54.0","1773.0","59.0","4343.0","1534.0","6178.0","125.0"
"4874.0","1027.0","47.0","77.0","1843.0","72.0","4245.0","1395.0","5166.0","96.0"
"4351.0","1014.0","39.0","64.0","1658.0","63.0","4027.0","1385.0","5219.0","82.0"
"4849.0","932.0","62.0","57.0","1620.0","65.0","3608.0","1272.0","4839.0","99.0"
"3556.0","693.0","38.0","27.0","894.0","50.0","2961.0","928.0","3771.0","71.0"
"3799.0","746.0","35.0","33.0","1005.0","46.0","3400.0","1007.0","4706.0","102.0"
"5253.0","973.0","48.0","66.0","1715.0","85.0","4469.0","1444.0","5793.0","111.0"
"5076.0","980.0","49.0","76.0","1697.0","63.0","4566.0","1489.0","6379.0","109.0"
"4781.0","1052.0","45.0","50.0","1696.0","80.0","4572.0","1393.0","5740.0","140.0"
"4617.0","1080.0","43.0","61.0","1589.0","64.0","4310.0","1420.0","5564.0","114.0"
"3633.0","883.0","42.0","59.0","1415.0","65.0","3491.0","1199.0","4733.0","99.0"
"3557.0","782.0","38.0","20.0","942.0","39.0","2925.0","890.0","4262.0","74.0"
"4025.0","883.0","34.0","43.0","910.0","36.0","3211.0","966.0","4621.0","78.0"
"4418.0","969.0","36.0","63.0","1493.0","43.0","4185.0","1407.0","6178.0","102.0"
"3828.0","908.0","79.0","60.0","1514.0","72.0","4144.0","1390.0","5616.0","91.0"
"4094.0","958.0","55.0","55.0","1451.0","76.0","4013.0","1385.0","5675.0","95.0"
"5239.0","976.0","41.0","50.0","1537.0","55.0","3823.0","1171.0","5472.0","73.0"
"4512.0","834.0","32.0","48.0","1228.0","64.0","3127.0","1072.0","4938.0","83.0"
"3382.0","707.0","22.0","37.0","866.0","47.0","2927.0","902.0","4309.0","66.0"
"3191.0","785.0","39.0","23.0","895.0","35.0","2967.0","848.0","4325.0","49.0"
"4229.0","862.0","39.0","56.0","1483.0","57.0","3842.0","1144.0","5422.0","76.0"
"4682.0","935.0","47.0","67.0","1753.0","75.0","4232.0","1398.0","5931.0","140.0"
"4339.0","942.0","55.0","77.0","1775.0","85.0","3988.0","1279.0","5470.0","142.0"
"5263.0","988.0","39.0","61.0","1825.0","72.0","3920.0","1412.0","5535.0","107.0"
"3911.0","881.0","45.0","58.0","1321.0","55.0","2975.0","999.0","4756.0","76.0"
"2986.0","677.0","31.0","76.0","898.0","41.0","2685.0","926.0","4201.0","66.0"
"3441.0","842.0","39.0","45.0","993.0","41.0","3182.0","1011.0","4830.0","66.0"
"4207.0","878.0","44.0","54.0","1456.0","62.0","3629.0","1195.0","5400.0","133.0"
"4391.0","969.0","45.0","66.0","1591.0","77.0","3790.0","1446.0","5677.0","105.0"
"4365.0","1032.0","40.0","79.0","1664.0","85.0","3901.0","1368.0","5635.0","103.0"
"5122.0","986.0","38.0","62.0","1814.0","79.0","3633.0","1223.0","5275.0","106.0"
"4614.0","960.0","48.0","59.0","1518.0","62.0","3341.0","1261.0","4890.0","111.0"
"3105.0","714.0","27.0","38.0","895.0","30.0","2775.0","1006.0","4449.0","64.0"
"3704.0","815.0","30.0","46.0","1015.0","38.0","3039.0","970.0","4368.0","75.0"
"4446.0","995.0","38.0","58.0","1586.0","83.0","3700.0","1352.0","5869.0","142.0"
"4721.0","1095.0","41.0","63.0","1959.0","90.0","3733.0","1381.0","5856.0","114.0"
"4918.0","1025.0","43.0","49.0","1792.0","90.0","3761.0","1431.0","6566.0","163.0"
"4408.0","936.0","34.0","65.0","1703.0","67.0","3698.0","1256.0","5532.0","126.0"
"3676.0","984.0","40.0","41.0","1388.0","64.0","3062.0","1149.0","5027.0","84.0"
"3021.0","783.0","32.0","40.0","852.0","26.0","2712.0","891.0","4034.0","74.0"
"3321.0","758.0","42.0","34.0","940.0","56.0","3350.0","1000.0","4638.0","84.0"
"4647.0","923.0","47.0","51.0","1849.0","76.0","3783.0","1323.0","5700.0","108.0"
"4671.0","889.0","37.0","60.0","1763.0","85.0","3669.0","1303.0","5477.0","117.0"
"4630.0","987.0","40.0","56.0","1797.0","67.0","3670.0","1339.0","5425.0","117.0"
"4719.0","967.0","53.0","58.0","1636.0","92.0","3682.0","1190.0","5201.0","103.0"
"4588.0","898.0","33.0","61.0","1486.0","69.0","3168.0","1084.0","5084.0","88.0"
"3256.0","779.0","30.0","42.0","800.0","40.0","2509.0","798.0","3960.0","75.0"
"3289.0","733.0","64.0","39.0","928.0","46.0","3063.0","973.0","4496.0","51.0"
"4512.0","912.0","35.0","34.0","1653.0","74.0","3764.0","1319.0","5600.0","113.0"
"4802.0","877.0","44.0","76.0","1685.0","73.0","3602.0","1312.0","5848.0","113.0"
"6298.0","928.0","43.0","94.0","1925.0","72.0","3556.0","1262.0","5179.0","108.0"
"5236.0","1040.0","43.0","102.0","1799.0","71.0","3363.0","1160.0","5193.0","110.0"
"10638.0","856.0","45.0","148.0","2578.0","77.0","2839.0","1199.0","4487.0","91.0"
"7476.0","685.0","31.0","91.0","1374.0","39.0","2573.0","787.0","3866.0","68.0"
"6791.0","694.0","36.0","56.0","1241.0","45.0","3492.0","1090.0","4151.0","59.0"
"5398.0","799.0","27.0","52.0","1223.0","56.0","4049.0","1363.0","4850.0","90.0"
"6089.0","898.0","42.0","76.0","1732.0","88.0","4533.0","1598.0","5595.0","78.0"
"5688.0","902.0","24.0","58.0","1654.0","68.0","4354.0","1592.0","5150.0","81.0"
"5113.0","949.0","33.0","63.0","1548.0","68.0","4042.0","1446.0","4917.0","103.0"
"3913.0","812.0","33.0","61.0","1364.0","63.0","3299.0","1089.0","4771.0","70.0"
"3733.0","774.0","25.0","46.0","852.0","27.0","2731.0","824.0","4129.0","77.0"
"3546.0","818.0","30.0","36.0","934.0","36.0","2898.0","1644.0","4332.0","64.0"
"4328.0","831.0","37.0","35.0","1567.0","62.0","3679.0","1450.0","5228.0","85.0"
"4469.0","841.0","38.0","65.0","1673.0","67.0","3523.0","1262.0","5355.0","90.0"
"4367.0","907.0","46.0","84.0","1635.0","61.0","3839.0","1173.0","5059.0","95.0"
"4654.0","849.0","39.0","79.0","1776.0","67.0","3197.0","1060.0","5056.0","107.0"
"4379.0","751.0","29.0","54.0","1490.0","57.0","3000.0","958.0","4712.0","67.0"
"3193.0","702.0","34.0","43.0","876.0","39.0","2649.0","727.0","4249.0","56.0"
"3327.0","729.0","22.0","49.0","885.0","40.0","2992.0","832.0","4405.0","62.0"
"4822.0","845.0","32.0","52.0","1851.0","55.0","3730.0","1175.0","5537.0","69.0"
"3523.0","812.0","31.0","95.0","1440.0","60.0","3312.0","991.0","4778.0","102.0"
"3900.0","950.0","36.0","88.0","1755.0","67.0","3868.0","1193.0","5337.0","126.0"
"3740.0","869.0","39.0","102.0","1558.0","74.0","3457.0","1088.0","4806.0","116.0"
"3201.0","887.0","35.0","73.0","1462.0","53.0","3170.0","990.0","4489.0","90.0"
"2523.0","705.0","19.0","34.0","826.0","36.0","2560.0","716.0","3737.0","59.0"
"2915.0","818.0","19.0","40.0","858.0","32.0","3409.0","819.0","4355.0","80.0"
"3815.0","951.0","21.0","59.0","1517.0","64.0","3797.0","1118.0","5538.0","86.0"
"4054.0","1015.0","16.0","54.0","1665.0","78.0","3903.0","1189.0","5328.0","80.0"
"4272.0","1003.0","20.0","64.0","1901.0","77.0","4099.0","1275.0","5355.0","103.0"
"4341.0","996.0","30.0","93.0","1743.0","59.0","3892.0","1139.0","5298.0","108.0"
"3865.0","801.0","23.0","119.0","1587.0","57.0","3385.0","1059.0","4675.0","83.0"
"2865.0","661.0","20.0","44.0","893.0","30.0","2779.0","694.0","3760.0","90.0"
"3144.0","711.0","21.0","46.0","840.0","41.0","3102.0","806.0","4183.0","84.0"
"3759.0","960.0","24.0","62.0","1638.0","63.0","3852.0","1068.0","5373.0","104.0"
"4092.0","957.0","29.0","68.0","1726.0","62.0","3864.0","1143.0","5366.0","92.0"
"3801.0","943.0","28.0","65.0","1625.0","74.0","3712.0","1078.0","5172.0","88.0"
"3142.0","938.0","26.0","48.0","1418.0","47.0","3343.0","1039.0","4516.0","70.0"
"2868.0","839.0","20.0","50.0","1299.0","51.0","3152.0","887.0","4545.0","56.0"
"2541.0","695.0","22.0","36.0","744.0","43.0","2899.0","730.0","3715.0","66.0"
"2613.0","731.0","23.0","39.0","813.0","32.0","2928.0","737.0","3827.0","72.0"
"3276.0","865.0","21.0","38.0","1185.0","28.0","3571.0","1002.0","5055.0","90.0"
"3564.0","800.0","13.0","46.0","1427.0","53.0","3755.0","1119.0","5133.0","105.0"
"3501.0","925.0","17.0","95.0","1731.0","69.0","3835.0","1186.0","4870.0","91.0"
"3288.0","858.0","22.0","77.0","1591.0","56.0","3696.0","1039.0","4771.0","120.0"
"3036.0","790.0","20.0","46.0","1351.0","58.0","3314.0","910.0","4465.0","59.0"
"2431.0","666.0","14.0","40.0","806.0","32.0","2791.0","659.0","3671.0","61.0"
"2573.0","705.0","16.0","49.0","880.0","45.0","2994.0","691.0","4143.0","70.0"
"3472.0","890.0","20.0","66.0","1656.0","77.0","3820.0","1104.0","5245.0","75.0"
"3591.0","919.0","32.0","78.0","1735.0","66.0","3982.0","1075.0","5162.0","86.0"
"3045.0","742.0","22.0","53.0","1454.0","60.0","3477.0","984.0","4568.0","83.0"
"3054.0","900.0","14.0","60.0","1460.0","45.0","3453.0","1063.0","4653.0","83.0"
"2814.0","835.0","17.0","33.0","1159.0","46.0","3048.0","867.0","4207.0","83.0"
"2506.0","720.0","15.0","39.0","748.0","44.0","2626.0","638.0","3563.0","71.0"
"2699.0","732.0","15.0","28.0","780.0","36.0","3003.0","811.0","3776.0","69.0"
"3574.0","955.0","18.0","57.0","1580.0","43.0","4012.0","1066.0","4982.0","100.0"
"3508.0","906.0","20.0","59.0","1565.0","66.0","3734.0","1175.0","4565.0","96.0"
"3430.0","826.0","15.0","61.0","1694.0","63.0","3828.0","1219.0","4738.0","90.0"
"3219.0","855.0","26.0","44.0","1358.0","64.0","3545.0","980.0","4248.0","96.0"
"3337.0","830.0","21.0","48.0","1276.0","43.0","3163.0","989.0","4053.0","88.0"
"2598.0","693.0","20.0","38.0","749.0","33.0","2653.0","761.0","3667.0","68.0"
"2585.0","710.0","25.0","42.0","783.0","36.0","2788.0","780.0","3650.0","88.0"
"3301.0","824.0","25.0","60.0","1469.0","70.0","3632.0","1051.0","4888.0","87.0"
"3480.0","844.0","32.0","55.0","1484.0","69.0","3952.0","1083.0","5005.0","75.0"
"3490.0","1003.0","31.0","82.0","1447.0","55.0","3899.0","1085.0","4734.0","93.0"
"3257.0","874.0","29.0","75.0","1428.0","72.0","3884.0","1053.0","4502.0","76.0"
"2973.0","799.0","20.0","67.0","1233.0","56.0","3410.0","918.0","4395.0","57.0"
"2628.0","643.0","14.0","48.0","740.0","32.0","2825.0","759.0","3616.0","63.0"
"2629.0","686.0","19.0","50.0","754.0","36.0","3119.0","740.0","3857.0","66.0"
"3301.0","778.0","15.0","54.0","1292.0","57.0","3499.0","1003.0","4486.0","67.0"
"3420.0","831.0","24.0","64.0","1436.0","58.0","3856.0","1192.0","4790.0","101.0"
"3423.0","935.0","18.0","48.0","1461.0","71.0","3893.0","1121.0","4760.0","104.0"
"3631.0","901.0","19.0","61.0","1485.0","78.0","3880.0","1043.0","4698.0","88.0"
"3573.0","821.0","29.0","56.0","1244.0","63.0","3754.0","914.0","4192.0","75.0"
"2410.0","702.0","12.0","34.0","771.0","45.0","2841.0","2160.0","3509.0","59.0"
"2601.0","759.0","13.0","33.0","774.0","30.0","3022.0","830.0","3767.0","99.0"
"3325.0","904.0","23.0","48.0","1297.0","69.0","3579.0","1156.0","4588.0","60.0"
"3258.0","906.0","24.0","46.0","1372.0","63.0","3680.0","1063.0","4607.0","64.0"
"3161.0","846.0","14.0","70.0","1409.0","59.0","3425.0","1050.0","4797.0","79.0"
"3023.0","864.0","22.0","74.0","1341.0","69.0","3183.0","1013.0","4556.0","98.0"
"2641.0","805.0","20.0","50.0","1054.0","65.0","2988.0","867.0","4021.0","61.0"
"2254.0","625.0","14.0","27.0","697.0","45.0","2736.0","732.0","3651.0","49.0"
"2585.0","691.0","24.0","49.0","729.0","29.0","2995.0","838.0","3708.0","70.0"
"2991.0","811.0","12.0","70.0","1142.0","43.0","3274.0","905.0","4519.0","94.0"
"3270.0","864.0","26.0","50.0","1365.0","65.0","3606.0","1043.0","4621.0","106.0"
"2903.0","786.0","17.0","49.0","1224.0","63.0","3374.0","957.0","4210.0","88.0"
"2488.0","772.0","21.0","49.0","1034.0","56.0","2948.0","886.0","3838.0","101.0"
"2623.0","905.0","22.0","34.0","1104.0","72.0","3077.0","956.0","4085.0","62.0"
"2261.0","709.0","14.0","24.0","808.0","31.0","2793.0","787.0","3488.0","64.0"
"2390.0","715.0","12.0","34.0","745.0","38.0","3048.0","785.0","3745.0","71.0"
"3091.0","821.0","15.0","76.0","1319.0","92.0","3419.0","942.0","4531.0","88.0"
"3202.0","921.0","17.0","48.0","1282.0","70.0","3388.0","971.0","4261.0","86.0"
"3538.0","776.0","12.0","52.0","1289.0","61.0","3279.0","941.0","3899.0","86.0"
"3017.0","828.0","19.0","56.0","1297.0","59.0","3302.0","935.0","3915.0","63.0"
"2587.0","870.0","23.0","38.0","1278.0","53.0","3087.0","876.0","3866.0","72.0"
"2232.0","726.0","13.0","36.0","789.0","26.0","3259.0","637.0","3420.0","41.0"
"2289.0","784.0","18.0","36.0","765.0","39.0","2934.0","747.0","3519.0","57.0"
"2822.0","1333.0","15.0","44.0","1028.0","41.0","3080.0","924.0","3908.0","54.0"
"2864.0","1117.0","21.0","48.0","1140.0","57.0","3091.0","1038.0","4129.0","78.0"
"3599.0","831.0","23.0","41.0","1253.0","70.0","3149.0","1062.0","4154.0","83.0"
"2828.0","853.0","27.0","45.0","1058.0","65.0","3136.0","883.0","3849.0","83.0"
"0.0","0.0","0.0","0.0","0.0","0.0","0.0","0.0","0.0","0.0"
"2073.0","693.0","18.0","41.0","601.0","29.0","2540.0","785.0","3329.0","55.0"
"2323.0","804.0","15.0","59.0","635.0","29.0","2819.0","754.0","3480.0","76.0"
"2518.0","754.0","26.0","53.0","863.0","38.0","3003.0","883.0","3513.0","88.0"
"2880.0","861.0","22.0","64.0","1161.0","52.0","3401.0","1029.0","4136.0","97.0"
"2823.0","838.0","22.0","46.0","1173.0","65.0","3201.0","997.0","3812.0","93.0"
"2975.0","912.0","24.0","46.0","1228.0","63.0","3626.0","1015.0","3895.0","90.0"
"2676.0","883.0","23.0","59.0","1164.0","47.0","3415.0","971.0","3666.0","101.0"
"2461.0","799.0","20.0","46.0","776.0","28.0","3019.0","775.0","3416.0","83.0"
"2429.0","687.0","21.0","38.0","688.0","30.0","2965.0","799.0","3496.0","97.0"
"2957.0","883.0","34.0","36.0","1224.0","45.0","3591.0","992.0","4011.0","88.0"
"3236.0","928.0","29.0","70.0","1315.0","64.0","3337.0","1027.0","3778.0","101.0"
"3303.0","968.0","19.0","67.0","1297.0","51.0","3517.0","1041.0","3903.0","85.0"
"3360.0","993.0","23.0","73.0","1441.0","72.0","3504.0","1038.0","3973.0","124.0"
"2864.0","963.0","15.0","69.0","1262.0","56.0","3274.0","1018.0","3709.0","157.0"
"2570.0","775.0","21.0","54.0","906.0","41.0","3072.0","891.0","3335.0","89.0"
"2469.0","776.0","15.0","57.0","831.0","38.0","3032.0","841.0","3407.0","78.0"
"3552.0","989.0","34.0","87.0","1401.0","51.0","3734.0","1167.0","4155.0","109.0"
"3464.0","933.0","29.0","96.0","1443.0","60.0","4165.0","1150.0","4163.0","133.0"
"3230.0","905.0","19.0","95.0","1405.0","41.0","4537.0","1089.0","3700.0","130.0"
"3482.0","888.0","20.0","84.0","1388.0","52.0","3928.0","1035.0","3745.0","93.0"
"3112.0","891.0","29.0","76.0","1256.0","43.0","3442.0","935.0","3509.0","94.0"
"2396.0","829.0","27.0","60.0","823.0","33.0","3269.0","859.0","3536.0","85.0"
"2610.0","829.0","30.0","64.0","1016.0","36.0","3335.0","780.0","3403.0","99.0"
"3093.0","989.0","25.0","82.0","1393.0","48.0","3892.0","1127.0","4222.0","118.0"
"3018.0","918.0","23.0","77.0","1333.0","54.0","3868.0","1069.0","3892.0","102.0"
"3082.0","941.0","25.0","78.0","1200.0","51.0","3820.0","977.0","3703.0","111.0"
"3222.0","1285.0","30.0","89.0","1541.0","53.0","4332.0","1103.0","4160.0","117.0"
"3256.0","1188.0","17.0","69.0","1408.0","55.0","4047.0","1070.0","4022.0","89.0"
"2430.0","1100.0","25.0","47.0","921.0","42.0","3559.0","880.0","3584.0","76.0"
"2828.0","1025.0","36.0","72.0","1091.0","48.0","3769.0","989.0","3968.0","84.0"
"3659.0","1160.0","41.0","96.0","1554.0","39.0","4439.0","1292.0","4599.0","130.0"
"3494.0","1146.0","29.0","107.0","1680.0","47.0","4379.0","1339.0","4311.0","108.0"
"3570.0","1122.0","24.0","84.0","2116.0","68.0","4318.0","1406.0","4498.0","110.0"
"3139.0","1007.0","14.0","68.0","1733.0","69.0","3847.0","1124.0","4184.0","124.0"
"3070.0","1063.0","45.0","84.0","1558.0","68.0","3698.0","1134.0","4082.0","101.0"
"2412.0","790.0","26.0","61.0","1028.0","47.0","3161.0","920.0","3466.0","71.0"
"2932.0","875.0","22.0","64.0","1144.0","34.0","3697.0","939.0","3880.0","96.0"
"3502.0","956.0","27.0","69.0","1629.0","48.0","4149.0","1262.0","4326.0","90.0"
"3408.0","1038.0","26.0","92.0","1704.0","99.0","4246.0","1215.0","4614.0","109.0"
"3430.0","1073.0","29.0","79.0","1659.0","54.0","4453.0","1235.0","4616.0","100.0"
"3572.0","1129.0","43.0","94.0","1667.0","62.0","4270.0","1225.0","4551.0","102.0"
"3583.0","1052.0","35.0","72.0","1494.0","56.0","4066.0","1154.0","4415.0","110.0"
"2265.0","802.0","21.0","56.0","861.0","34.0","3014.0","915.0","3863.0","54.0"
"2599.0","964.0","22.0","76.0","918.0","35.0","3261.0","930.0","3836.0","81.0"
"3503.0","1148.0","34.0","93.0","1575.0","56.0","4489.0","1309.0","4921.0","134.0"
"3633.0","1107.0","35.0","93.0","1575.0","54.0","4503.0","1400.0","4948.0","118.0"
"3284.0","1050.0","22.0","113.0","1546.0","79.0","4267.0","1590.0","4610.0","123.0"
"0.0","0.0","0.0","0.0","0.0","0.0","4216.0","0.0","4758.0","137.0"
"3131.0","993.0","30.0","85.0","1358.0","56.0","3585.0","1574.0","4359.0","110.0"
"2314.0","701.0","18.0","65.0","689.0","39.0","2765.0","924.0","3088.0","69.0"
"2664.0","801.0","31.0","56.0","795.0","36.0","3388.0","992.0","3711.0","69.0"
"3399.0","1079.0","28.0","100.0","1253.0","53.0","4064.0","1285.0","5148.0","96.0"
"3339.0","942.0","32.0","95.0","1331.0","45.0","4169.0","1304.0","5035.0","126.0"
"3900.0","1243.0","24.0","113.0","1537.0","68.0","4662.0","1361.0","5535.0","134.0"
"4004.0","1179.0","35.0","112.0","1513.0","57.0","4624.0","1608.0","5099.0","112.0"
"3973.0","1005.0","32.0","98.0","1288.0","51.0","3814.0","1316.0","4581.0","102.0"
"2470.0","824.0","17.0","71.0","876.0","39.0","3248.0","1073.0","4053.0","70.0"
"2897.0","897.0","39.0","76.0","931.0","61.0","3374.0","968.0","4106.0","92.0"
"3759.0","1023.0","40.0","97.0","1491.0","70.0","4579.0","1439.0","5688.0","122.0"
"3856.0","1079.0","27.0","116.0","1558.0","85.0","4904.0","1359.0","5902.0","118.0"
"4046.0","1220.0","33.0","124.0","1747.0","88.0","5137.0","1569.0","5913.0","123.0"
"3651.0","1220.0","25.0","109.0","1611.0","76.0","4657.0","1459.0","5158.0","135.0"
"3283.0","1032.0","42.0","93.0","1351.0","49.0","4216.0","1362.0","4543.0","132.0"
"2577.0","885.0","17.0","56.0","872.0","54.0","3344.0","1091.0","3739.0","82.0"
"3224.0","1017.0","29.0","78.0","1019.0","54.0","3856.0","1219.0","4481.0","90.0"
"4215.0","1098.0","48.0","145.0","1633.0","74.0","4534.0","1574.0","5460.0","116.0"
"4222.0","1095.0","41.0","124.0","1812.0","70.0","4844.0","1686.0","5536.0","171.0"
"3918.0","1255.0","27.0","120.0","1824.0","92.0","5148.0","1584.0","5722.0","165.0"
"4052.0","1296.0","37.0","107.0","1994.0","76.0","4780.0","1656.0","5362.0","142.0"
"3078.0","1002.0","37.0","97.0","1441.0","56.0","3921.0","1298.0","4490.0","146.0"
"2724.0","879.0","20.0","68.0","927.0","31.0","3274.0","990.0","3720.0","114.0"
"3356.0","1003.0","41.0","79.0","1164.0","49.0","3983.0","1229.0","4528.0","128.0"
"4359.0","1327.0","46.0","121.0","1776.0","66.0","5102.0","1852.0","5704.0","166.0"
"3923.0","1152.0","24.0","107.0","1779.0","67.0","5243.0","1624.0","5531.0","177.0"
"4476.0","1206.0","29.0","113.0","1826.0","76.0","5282.0","1704.0","5257.0","181.0"
"4286.0","1173.0","38.0","142.0","1755.0","76.0","4862.0","1947.0","5027.0","180.0"
"3256.0","990.0","24.0","132.0","1252.0","55.0","3882.0","1824.0","4480.0","162.0"
"2729.0","961.0","35.0","94.0","1062.0","51.0","3427.0","1218.0","3799.0","124.0"
"3039.0","973.0","40.0","84.0","915.0","49.0","3675.0","1274.0","3992.0","117.0"
"4133.0","1138.0","38.0","120.0","1625.0","73.0","4464.0","1706.0","5340.0","151.0"
"3988.0","1309.0","43.0","190.0","1755.0","100.0","4867.0","1759.0","5460.0","184.0"
"3610.0","1089.0","39.0","117.0","1394.0","66.0","4166.0","1722.0","4762.0","172.0"
"3288.0","948.0","40.0","90.0","1110.0","46.0","3991.0","1394.0","4402.0","124.0"
"2715.0","910.0","20.0","100.0","954.0","77.0","3392.0","1222.0","4088.0","109.0"
"2497.0","918.0","28.0","68.0","793.0","44.0","3193.0","1042.0","3703.0","82.0"
"2903.0","965.0","28.0","90.0","924.0","54.0","3603.0","1130.0","4141.0","110.0"
"3899.0","1173.0","23.0","123.0","1679.0","59.0","4904.0","1518.0","5823.0","133.0"
"4062.0","1203.0","34.0","103.0","1736.0","77.0","4726.0","1618.0","5423.0","176.0"
"3890.0","1207.0","30.0","115.0","1562.0","71.0","4420.0","1504.0","5130.0","198.0"
"3788.0","1261.0","73.0","100.0","1631.0","78.0","4490.0","1547.0","5060.0","173.0"
"4280.0","1047.0","33.0","88.0","1605.0","72.0","3938.0","1370.0","4587.0","147.0"
"4176.0","944.0","20.0","89.0","998.0","53.0","3478.0","1041.0","3953.0","113.0"
"4064.0","1298.0","33.0","104.0","1171.0","37.0","3923.0","1163.0","4328.0","192.0"
"4880.0","1461.0","27.0","100.0","1675.0","64.0","4610.0","1551.0","5398.0","236.0"
"4119.0","1288.0","33.0","98.0","1542.0","56.0","4869.0","1576.0","5259.0","188.0"
"3811.0","1271.0","47.0","134.0","1732.0","57.0","4667.0","1577.0","5134.0","189.0"
"3921.0","1241.0","38.0","100.0","1657.0","54.0","4405.0","1558.0","5183.0","144.0"
"3440.0","1423.0","33.0","106.0","1425.0","58.0","4688.0","1359.0","4520.0","144.0"
"2571.0","910.0","20.0","82.0","763.0","51.0","3539.0","1201.0","3799.0","81.0"
"3151.0","994.0","22.0","88.0","1011.0","52.0","4154.0","1267.0","4381.0","120.0"
"3954.0","1196.0","51.0","103.0","1628.0","74.0","4777.0","1467.0","5342.0","121.0"
"4140.0","1271.0","40.0","124.0","1681.0","70.0","4986.0","1597.0","5567.0","144.0"
"3900.0","1139.0","49.0","129.0","1633.0","71.0","4408.0","1485.0","5062.0","153.0"
"3495.0","1255.0","38.0","90.0","1359.0","61.0","4252.0","1456.0","4796.0","142.0"
"2959.0","1112.0","26.0","98.0","1098.0","46.0","3510.0","1151.0","4060.0","122.0"
"2312.0","795.0","20.0","65.0","681.0","22.0","3020.0","968.0","3601.0","106.0"
"2728.0","932.0","23.0","71.0","715.0","37.0","3409.0","1012.0","4188.0","99.0"
"3165.0","1140.0","40.0","74.0","1111.0","72.0","4304.0","1293.0","4986.0","119.0"
"2930.0","1339.0","30.0","90.0","1142.0","99.0","3977.0","1299.0","4882.0","113.0"
"2815.0","1181.0","27.0","63.0","1050.0","57.0","3791.0","1234.0","4472.0","95.0"
"2511.0","1013.0","17.0","76.0","973.0","50.0","3450.0","1133.0","4134.0","86.0"
"126.0","67.0","4.0","7.0","46.0","2.0","194.0","62.0","231.0","3.0"
"0.0","0.0","0.0","0.0","0.0","0.0","0.0","0.0","0.0","0.0"
"0.0","0.0","0.0","0.0","0.0","0.0","0.0","0.0","0.0","0.0"
"903.0","383.0","8.0","37.0","245.0","14.0","1248.0","400.0","1443.0","15.0"
"2722.0","1053.0","38.0","99.0","836.0","40.0","3976.0","1181.0","4640.0","122.0"
"2532.0","1117.0","21.0","75.0","927.0","42.0","4113.0","1230.0","4690.0","101.0"
"2491.0","1131.0","21.0","77.0","945.0","41.0","3950.0","1267.0","4616.0","107.0"
"2381.0","1058.0","45.0","82.0","808.0","41.0","3684.0","1196.0","4429.0","118.0"
"2017.0","943.0","24.0","63.0","528.0","30.0","3244.0","866.0","3622.0","100.0"
"2133.0","880.0","19.0","54.0","487.0","26.0","3030.0","769.0","3701.0","87.0"
"2879.0","1071.0","34.0","90.0","858.0","35.0","4176.0","1225.0","4968.0","149.0"
"3060.0","1188.0","26.0","77.0","1229.0","57.0","4674.0","1507.0","5453.0","151.0"
"3271.0","1301.0","31.0","112.0","1398.0","58.0","4805.0","1497.0","5541.0","225.0"
"3380.0","1242.0","36.0","104.0","1934.0","54.0","4723.0","1533.0","5322.0","185.0"
"2995.0","1244.0","33.0","102.0","1210.0","49.0","4330.0","1440.0","4936.0","145.0"
"2476.0","969.0","31.0","73.0","791.0","32.0","3675.0","1061.0","4029.0","143.0"
"2999.0","1238.0","37.0","76.0","1211.0","32.0","3933.0","1198.0","4887.0","152.0"
"3554.0","1327.0","38.0","105.0","1564.0","72.0","5070.0","1631.0","6183.0","180.0"
"3407.0","1264.0","36.0","120.0","1456.0","80.0","4824.0","1579.0","5853.0","143.0"
"3882.0","1328.0","47.0","123.0","1766.0","69.0","4879.0","1650.0","6073.0","198.0"
"3903.0","1467.0","31.0","104.0","1659.0","61.0","5034.0","1677.0","5440.0","199.0"
"3476.0","1339.0","47.0","107.0","1568.0","69.0","4158.0","1464.0","5160.0","121.0"
"2392.0","1074.0","27.0","83.0","866.0","47.0","3510.0","1104.0","4021.0","132.0"
"3053.0","1247.0","31.0","89.0","987.0","51.0","3932.0","1239.0","4612.0","105.0"
"3709.0","1232.0","41.0","114.0","1450.0","66.0","4505.0","1547.0","6126.0","160.0"
"3897.0","1282.0","39.0","154.0","1673.0","73.0","4896.0","1634.0","5664.0","199.0"
"3308.0","1349.0","16.0","133.0","1740.0","43.0","4920.0","1538.0","5607.0","209.0"
"3642.0","1295.0","41.0","130.0","1607.0","51.0","4582.0","1530.0","5196.0","158.0"
"3204.0","1177.0","46.0","110.0","1338.0","54.0","4131.0","1395.0","4873.0","178.0"
"2814.0","1035.0","28.0","91.0","927.0","56.0","3650.0","1095.0","4341.0","120.0"
"2934.0","1146.0","35.0","82.0","953.0","37.0","3954.0","1143.0","4410.0","150.0"
"3566.0","1212.0","27.0","125.0","1552.0","48.0","4875.0","1473.0","5553.0","180.0"
"3841.0","1394.0","33.0","139.0","1575.0","61.0","4970.0","1576.0","5735.0","208.0"
"3660.0","1323.0","53.0","129.0","1606.0","65.0","4996.0","1639.0","5568.0","215.0"
"3636.0","1463.0","36.0","107.0","1690.0","66.0","4802.0","1484.0","5441.0","197.0"
"3424.0","1256.0","20.0","122.0","1364.0","65.0","4464.0","1744.0","5122.0","132.0"
"2501.0","994.0","27.0","85.0","768.0","52.0","3579.0","1118.0","4169.0","121.0"
"3005.0","1113.0","45.0","96.0","882.0","43.0","4144.0","1218.0","4884.0","165.0"
"3846.0","1312.0","46.0","119.0","1612.0","71.0","5297.0","1681.0","6390.0","243.0"
"3547.0","1281.0","28.0","113.0","1623.0","71.0","5156.0","1679.0","5940.0","233.0"
"3849.0","1212.0","36.0","152.0","1652.0","70.0","5083.0","1629.0","5713.0","193.0"
"3877.0","1350.0","45.0","135.0","1580.0","61.0","5958.0","1648.0","5929.0","214.0"
"3243.0","1193.0","42.0","126.0","1312.0","61.0","4431.0","1341.0","5018.0","185.0"
"2614.0","970.0","29.0","83.0","849.0","36.0","3730.0","1076.0","4191.0","116.0"
"2988.0","1109.0","23.0","98.0","820.0","37.0","4249.0","1221.0","4893.0","145.0"
"3996.0","1351.0","34.0","128.0","1581.0","79.0","5317.0","1706.0","6052.0","199.0"
"3921.0","1273.0","44.0","158.0","1677.0","82.0","5301.0","1742.0","7110.0","180.0"
"5147.0","1305.0","32.0","209.0","1789.0","81.0","5294.0","1584.0","5902.0","195.0"
"5973.0","1257.0","37.0","222.0","1770.0","81.0","5030.0","1586.0","6127.0","206.0"
"5129.0","1253.0","35.0","162.0","1383.0","62.0","4531.0","1410.0","5942.0","129.0"
"3450.0","1050.0","27.0","94.0","845.0","42.0","4190.0","1184.0","4554.0","108.0"
"4974.0","1220.0","32.0","97.0","874.0","49.0","4365.0","1222.0","4883.0","141.0"
"4364.0","1211.0","41.0","156.0","1404.0","69.0","5257.0","1682.0","5843.0","185.0"
"4634.0","1267.0","34.0","175.0","1473.0","68.0","5151.0","1680.0","5593.0","174.0"
"5483.0","1379.0","31.0","219.0","1721.0","76.0","5392.0","1730.0","5689.0","154.0"
"6076.0","1234.0","37.0","209.0","1614.0","76.0","5311.0","1765.0","5529.0","192.0"
"4282.0","1235.0","42.0","148.0","1477.0","68.0","6001.0","1682.0","5307.0","199.0"
"3420.0","1027.0","27.0","100.0","854.0","39.0","4180.0","1219.0","4511.0","109.0"
"3714.0","1052.0","35.0","97.0","988.0","37.0","4508.0","1331.0","4879.0","135.0"
"4379.0","1181.0","45.0","146.0","1417.0","75.0","5242.0","1687.0","6136.0","182.0"
"4487.0","1295.0","36.0","145.0","1556.0","94.0","5721.0","2080.0","5878.0","157.0"
"4529.0","1309.0","43.0","145.0","1678.0","75.0","5668.0","3999.0","5955.0","222.0"
"4530.0","1355.0","43.0","130.0","1624.0","72.0","5735.0","2084.0","6093.0","198.0"
"3875.0","1195.0","39.0","127.0","1324.0","58.0","5016.0","1698.0","5368.0","171.0"
"3504.0","985.0","25.0","105.0","913.0","40.0","4227.0","1305.0","4735.0","136.0"
"3351.0","1085.0","34.0","80.0","964.0","49.0","4529.0","1401.0","4936.0","176.0"
"4690.0","1325.0","45.0","136.0","1568.0","60.0","5898.0","1791.0","6602.0","235.0"
"4110.0","1258.0","40.0","120.0","1650.0","87.0","5864.0","1856.0","6291.0","189.0"
"3802.0","1240.0","41.0","173.0","1611.0","94.0","5331.0","1694.0","5694.0","206.0"
"3802.0","1185.0","45.0","152.0","1507.0","75.0","5189.0","1636.0","5325.0","192.0"
"3378.0","1112.0","28.0","139.0","1348.0","71.0","4634.0","1464.0","5122.0","160.0"
"2690.0","932.0","34.0","81.0","742.0","26.0","3971.0","1218.0","4449.0","129.0"
"3168.0","1103.0","39.0","105.0","939.0","53.0","4650.0","1317.0","4947.0","152.0"
"4233.0","1230.0","40.0","166.0","1450.0","61.0","5498.0","1727.0","6115.0","253.0"
"4232.0","1301.0","31.0","156.0","1489.0","61.0","5814.0","1651.0","5822.0","250.0"
"4158.0","1296.0","50.0","165.0","1720.0","75.0","5784.0","1737.0","5846.0","184.0"
"3600.0","833.0","42.0","133.0","1402.0","62.0","5454.0","1573.0","5478.0","165.0"
"3327.0","461.0","45.0","129.0","1262.0","68.0","5192.0","1594.0","5089.0","174.0"
"2631.0","787.0","29.0","79.0","736.0","36.0","4044.0","1124.0","4047.0","124.0"
"3095.0","987.0","35.0","78.0","885.0","43.0","4563.0","1066.0","4640.0","144.0"
"3679.0","1006.0","36.0","118.0","1361.0","63.0","5543.0","1329.0","5789.0","648.0"
"3896.0","1064.0","26.0","171.0","1500.0","61.0","5787.0","1398.0","5065.0","386.0"
"3586.0","1067.0","33.0","137.0","2878.0","71.0","4932.0","1290.0","4316.0","262.0"
"3602.0","1065.0","40.0","133.0","1492.0","74.0","4023.0","1385.0","4312.0","244.0"
"3018.0","886.0","36.0","107.0","1151.0","49.0","3451.0","1092.0","3730.0","195.0"
"2354.0","693.0","21.0","85.0","774.0","35.0","3126.0","898.0","3278.0","128.0"
"2750.0","719.0","33.0","76.0","812.0","44.0","3176.0","935.0","3398.0","169.0"
"3560.0","1055.0","42.0","138.0","1451.0","78.0","4180.0","1504.0","4908.0","220.0"
"4235.0","1052.0","40.0","172.0","1511.0","70.0","4498.0","1529.0","4399.0","254.0"
"3845.0","950.0","41.0","159.0","1472.0","62.0","4055.0","1411.0","4190.0","217.0"
"3248.0","906.0","35.0","122.0","1197.0","48.0","3888.0","1182.0","3887.0","183.0"
"2779.0","830.0","25.0","114.0","1083.0","47.0","3047.0","1127.0","3360.0","177.0"
"2080.0","624.0","16.0","64.0","520.0","26.0","2475.0","841.0","4186.0","124.0"
"2790.0","825.0","24.0","77.0","767.0","32.0","3040.0","1006.0","4021.0","197.0"
"3868.0","944.0","49.0","140.0","1489.0","74.0","3971.0","1545.0","5124.0","258.0"
"3677.0","915.0","43.0","138.0","1337.0","59.0","3764.0","1316.0","4523.0","224.0"
"3616.0","946.0","36.0","138.0","1263.0","60.0","3668.0","1423.0","4244.0","232.0"
"3402.0","958.0","54.0","143.0","1376.0","56.0","3330.0","1388.0","4083.0","214.0"
"2990.0","898.0","23.0","111.0","1162.0","70.0","5492.0","1230.0","4192.0","166.0"
"2333.0","714.0","23.0","81.0","730.0","32.0","7918.0","896.0","3087.0","127.0"
"2651.0","671.0","29.0","72.0","619.0","38.0","2831.0","908.0","3289.0","144.0"
"3354.0","866.0","22.0","127.0","1221.0","85.0","3620.0","1317.0","4074.0","226.0"
"3308.0","922.0","43.0","129.0","1313.0","86.0","3699.0","1484.0","4325.0","176.0"
"3200.0","837.0","27.0","137.0","1133.0","58.0","3421.0","1240.0","4107.0","169.0"
"2629.0","856.0","48.0","110.0","991.0","56.0","3065.0","1187.0","3669.0","172.0"
"2483.0","736.0","24.0","83.0","883.0","60.0","2806.0","978.0","3350.0","122.0"
"2137.0","675.0","25.0","101.0","606.0","49.0","2281.0","832.0","2763.0","110.0"
"2293.0","708.0","31.0","61.0","552.0","30.0","2770.0","965.0","2965.0","109.0"
"2916.0","933.0","23.0","118.0","1129.0","57.0","3400.0","1383.0","4112.0","130.0"
"3296.0","991.0","33.0","124.0","1198.0","64.0","3762.0","1397.0","4329.0","184.0"
"3342.0","1183.0","30.0","121.0","1213.0","65.0","3525.0","1344.0","3888.0","171.0"
"3551.0","1010.0","34.0","132.0","1235.0","72.0","3434.0","1255.0","3941.0","177.0"
"2851.0","847.0","29.0","105.0","986.0","72.0","2931.0","1253.0","3481.0","173.0"
"2559.0","712.0","31.0","90.0","774.0","53.0","2725.0","958.0","3091.0","164.0"
"2728.0","864.0","19.0","99.0","784.0","40.0","2946.0","1072.0","3404.0","176.0"
"3565.0","950.0","30.0","138.0","1439.0","72.0","3733.0","1401.0","4452.0","250.0"
"3469.0","1021.0","42.0","171.0","1403.0","87.0","3845.0","1453.0","4546.0","197.0"
"3740.0","1021.0","37.0","150.0","1505.0","78.0","4164.0","1420.0","4338.0","186.0"
"4610.0","974.0","42.0","165.0","1350.0","69.0","4124.0","1311.0","4126.0","201.0"
"6737.0","1053.0","35.0","349.0","1689.0","82.0","3816.0","1251.0","3726.0","148.0"
"3219.0","660.0","38.0","253.0","882.0","117.0","2906.0","861.0","2736.0","110.0"
"3463.0","742.0","35.0","186.0","974.0","45.0","3465.0","1019.0","3097.0","152.0"
"4628.0","1438.0","33.0","218.0","1538.0","64.0","4515.0","1510.0","4706.0","224.0"
"5139.0","1113.0","43.0","228.0","1661.0","82.0","4193.0","1415.0","4154.0","213.0"
"4337.0","1092.0","39.0","179.0","1646.0","60.0","4218.0","1328.0","4118.0","207.0"
"3963.0","1152.0","42.0","165.0","1647.0","93.0","4136.0","1271.0","3904.0","217.0"
"3652.0","1012.0","46.0","179.0","1430.0","63.0","3731.0","1217.0","3855.0","212.0"
"2560.0","815.0","29.0","117.0","814.0","47.0","2956.0","838.0","2849.0","142.0"
"3028.0","998.0","34.0","109.0","1004.0","42.0","3501.0","959.0","3180.0","174.0"
"0.0","0.0","0.0","0.0","0.0","0.0","0.0","0.0","0.0","0.0"
"3989.0","1087.0","34.0","118.0","1520.0","59.0","4212.0","1325.0","4094.0","223.0"
"4466.0","1046.0","54.0","158.0","1577.0","81.0","4242.0","1430.0","4161.0","184.0"
"5094.0","1087.0","42.0","162.0","1595.0","67.0","4166.0","1341.0","3843.0","194.0"
"3596.0","1001.0","53.0","148.0","1253.0","48.0","3534.0","1232.0","3971.0","174.0"
"2851.0","836.0","24.0","73.0","872.0","41.0","3227.0","1009.0","4713.0","158.0"
"3101.0","909.0","30.0","120.0","835.0","39.0","3287.0","950.0","4440.0","160.0"
"4090.0","1075.0","32.0","163.0","1484.0","74.0","4349.0","1457.0","5744.0","339.0"
"4289.0","1079.0","53.0","156.0","1743.0","67.0","4449.0","1482.0","5266.0","243.0"
"3986.0","1113.0","37.0","139.0","1710.0","79.0","4435.0","1597.0","5177.0","274.0"
"3835.0","987.0","45.0","129.0","1647.0","80.0","3776.0","1533.0","4815.0","255.0"
"3490.0","965.0","40.0","129.0","1360.0","63.0","3549.0","1286.0","4637.0","234.0"
"2477.0","823.0","24.0","86.0","770.0","40.0","2842.0","968.0","3577.0","137.0"
"2926.0","896.0","26.0","112.0","824.0","38.0","3174.0","1030.0","3773.0","159.0"
"4065.0","1081.0","34.0","127.0","1521.0","81.0","4150.0","1377.0","5171.0","219.0"
"4215.0","1075.0","37.0","165.0","1667.0","83.0","4182.0","1429.0","5177.0","216.0"
"3698.0","1061.0","29.0","135.0","1608.0","58.0","3861.0","1422.0","5075.0","228.0"
"3615.0","964.0","25.0","107.0","1522.0","56.0","4833.0","1363.0","4848.0","176.0"
"2998.0","928.0","27.0","105.0","1164.0","57.0","3356.0","1250.0","4306.0","184.0"
"2481.0","754.0","34.0","108.0","804.0","59.0","2832.0","934.0","3354.0","171.0"
"3234.0","931.0","46.0","97.0","828.0","47.0","3054.0","942.0","3670.0","202.0"
"3602.0","980.0","39.0","146.0","1499.0","66.0","3934.0","1399.0","5100.0","232.0"
"3619.0","983.0","32.0","135.0","1642.0","82.0","3891.0","1462.0","4962.0","204.0"
"3924.0","1073.0","44.0","160.0","1750.0","94.0","4115.0","1420.0","4736.0","267.0"
"4029.0","2789.0","32.0","135.0","1632.0","58.0","4007.0","1413.0","4503.0","211.0"
"3077.0","1123.0","30.0","119.0","1250.0","51.0","3598.0","1176.0","4060.0","183.0"
"2609.0","846.0","21.0","75.0","772.0","52.0","3325.0","991.0","3608.0","164.0"
"2885.0","942.0","28.0","82.0","856.0","43.0","3763.0","991.0","4191.0","190.0"
"3338.0","1064.0","23.0","128.0","1380.0","54.0","4344.0","1217.0","4691.0","224.0"
"3583.0","1114.0","44.0","124.0","1782.0","79.0","4714.0","1464.0","5203.0","277.0"
"3789.0","1119.0","39.0","143.0","1637.0","59.0","4707.0","1420.0","4944.0","230.0"
"3659.0","1075.0","34.0","105.0","1546.0","86.0","4467.0","1323.0","4801.0","269.0"
"3067.0","937.0","27.0","95.0","1302.0","63.0","4025.0","1190.0","4073.0","221.0"
"3001.0","867.0","38.0","70.0","984.0","41.0","3494.0","1050.0","3612.0","148.0"
"2999.0","1023.0","36.0","83.0","986.0","51.0","3928.0","988.0","3908.0","176.0"
"3434.0","1081.0","28.0","124.0","1368.0","91.0","4189.0","1354.0","4688.0","240.0"
"3627.0","1096.0","25.0","138.0","1651.0","79.0","4957.0","1584.0","5100.0","302.0"
"3610.0","1079.0","38.0","154.0","1536.0","102.0","4411.0","1308.0","4629.0","275.0"
"3466.0","1002.0","27.0","184.0","1506.0","58.0","4385.0","1258.0","4455.0","248.0"
"3275.0","1096.0","43.0","155.0","1389.0","62.0","4045.0","1195.0","4281.0","192.0"
"2572.0","807.0","34.0","88.0","881.0","34.0","3430.0","971.0","3500.0","187.0"
"2869.0","916.0","22.0","75.0","894.0","46.0","3612.0","1009.0","4091.0","183.0"
"3374.0","1129.0","36.0","133.0","1545.0","70.0","4447.0","1397.0","5109.0","258.0"
"3425.0","1057.0","31.0","129.0","1561.0","70.0","4478.0","1440.0","5333.0","255.0"
"3297.0","1058.0","21.0","101.0","1626.0","80.0","4531.0","1349.0","4752.0","251.0"
"3286.0","1144.0","34.0","130.0","1590.0","67.0","4555.0","1341.0","4786.0","240.0"
"2893.0","892.0","31.0","88.0","1374.0","56.0","4060.0","1099.0","4067.0","191.0"
"2533.0","891.0","34.0","101.0","1097.0","45.0","3753.0","961.0","3761.0","182.0"
"2906.0","1085.0","33.0","73.0","986.0","39.0","3883.0","956.0","3901.0","235.0"
"3443.0","1190.0","28.0","120.0","1631.0","63.0","4606.0","1460.0","5029.0","275.0"
"3287.0","1145.0","35.0","102.0","1696.0","79.0","4747.0","1399.0","4988.0","257.0"
"3196.0","1037.0","36.0","114.0","1589.0","67.0","4400.0","1352.0","4700.0","230.0"
"3253.0","1005.0","31.0","93.0","1564.0","72.0","4279.0","1347.0","4642.0","242.0"
"2696.0","921.0","37.0","98.0","1450.0","65.0","3895.0","1132.0","4223.0","185.0"
"2466.0","826.0","28.0","66.0","996.0","39.0","3546.0","875.0","3415.0","148.0"
"2851.0","835.0","31.0","81.0","987.0","43.0","3720.0","973.0","3722.0","200.0"
"3485.0","1001.0","25.0","130.0","1906.0","81.0","4539.0","1372.0","4880.0","212.0"
"3427.0","1011.0","37.0","123.0","1809.0","68.0","4715.0","1503.0","4929.0","230.0"
"3065.0","968.0","30.0","177.0","1684.0","67.0","4468.0","1356.0","4678.0","204.0"
"3225.0","996.0","31.0","134.0","1649.0","72.0","4489.0","1281.0","4609.0","196.0"
"2547.0","921.0","28.0","125.0","1292.0","51.0","3950.0","1115.0","6210.0","162.0"
"2288.0","1143.0","17.0","94.0","860.0","41.0","3548.0","829.0","3375.0","142.0"
"2503.0","1150.0","30.0","105.0","874.0","38.0","3797.0","911.0","3800.0","161.0"
"3188.0","1014.0","31.0","125.0","1436.0","66.0","4342.0","1255.0","4426.0","204.0"
"3087.0","1047.0","37.0","111.0","1525.0","72.0","4473.0","1301.0","4391.0","231.0"
"2913.0","936.0","28.0","131.0","1313.0","60.0","4323.0","1183.0","4454.0","221.0"
"2929.0","969.0","28.0","112.0","1498.0","69.0","4470.0","1276.0","4378.0","207.0"
"2539.0","952.0","27.0","110.0","1237.0","60.0","4204.0","1111.0","3853.0","176.0"
"2193.0","717.0","23.0","97.0","873.0","43.0","3864.0","891.0","3435.0","148.0"
"2554.0","809.0","24.0","101.0","873.0","44.0","3845.0","917.0","3654.0","183.0"
"3371.0","966.0","34.0","145.0","1615.0","61.0","4897.0","1461.0","4845.0","202.0"
"3134.0","989.0","25.0","146.0","1596.0","83.0","4643.0","1305.0","4446.0","226.0"
"3438.0","897.0","39.0","153.0","1549.0","64.0","4535.0","1332.0","4424.0","201.0"
"2947.0","960.0","50.0","117.0","1436.0","74.0","4328.0","1259.0","4232.0","187.0"
"2624.0","922.0","25.0","107.0","1274.0","72.0","4175.0","1106.0","3910.0","173.0"
"2344.0","806.0","28.0","102.0","857.0","58.0","3763.0","904.0","3651.0","110.0"
"2452.0","770.0","22.0","70.0","756.0","29.0","3919.0","880.0","3726.0","153.0"
"3203.0","983.0","35.0","137.0","1489.0","83.0","4516.0","1272.0","4519.0","213.0"
"3018.0","990.0","30.0","147.0","1508.0","84.0","4543.0","1390.0","4423.0","254.0"
"3029.0","1002.0","24.0","97.0","1548.0","77.0","5957.0","1307.0","4639.0","200.0"
"2801.0","987.0","30.0","88.0","1345.0","58.0","4188.0","1343.0","3968.0","189.0"
"2644.0","895.0","30.0","106.0","1361.0","78.0","3894.0","1157.0","3793.0","180.0"
"2359.0","885.0","12.0","79.0","964.0","36.0","3325.0","870.0","3341.0","144.0"
"2424.0","786.0","24.0","78.0","766.0","37.0","3476.0","1064.0","3512.0","181.0"
"3042.0","888.0","33.0","139.0","1442.0","66.0","4327.0","1333.0","4506.0","222.0"
"2817.0","941.0","21.0","93.0","1483.0","64.0","4223.0","1380.0","4315.0","256.0"
"3028.0","920.0","34.0","141.0","1484.0","68.0","4478.0","1310.0","4329.0","286.0"
"2748.0","915.0","38.0","95.0","1393.0","76.0","4015.0","1435.0","4045.0","244.0"
"2729.0","977.0","28.0","84.0","1263.0","56.0","3712.0","1151.0","3813.0","219.0"
"2225.0","768.0","33.0","97.0","777.0","39.0","3125.0","834.0","3199.0","171.0"
"2630.0","842.0","22.0","118.0","846.0","50.0","3543.0","987.0","3541.0","178.0"
"3048.0","923.0","22.0","127.0","1390.0","74.0","4140.0","1371.0","4380.0","268.0"
"3115.0","951.0","19.0","119.0","1408.0","64.0","3985.0","1253.0","4344.0","247.0"
"2890.0","921.0","26.0","114.0","1367.0","57.0","4062.0","1300.0","4640.0","195.0"
"2805.0","846.0","28.0","96.0","1322.0","62.0","3902.0","1260.0","4930.0","227.0"
"2498.0","795.0","19.0","78.0","1207.0","49.0","3574.0","1123.0","3856.0","164.0"
"2082.0","656.0","18.0","100.0","705.0","44.0","3124.0","826.0","3279.0","148.0"
"2572.0","772.0","24.0","82.0","757.0","36.0","3374.0","919.0","3789.0","181.0"
"2899.0","831.0","30.0","107.0","1229.0","53.0","3673.0","1099.0","4264.0","183.0"
"2854.0","834.0","18.0","107.0","1372.0","80.0","4048.0","1255.0","4385.0","237.0"
"2791.0","925.0","20.0","116.0","1854.0","72.0","4164.0","1349.0","4320.0","212.0"
"2783.0","997.0","25.0","114.0","1511.0","46.0","3958.0","1245.0","4515.0","216.0"
"2657.0","903.0","25.0","120.0","1122.0","52.0","3688.0","1082.0","4081.0","190.0"
"2161.0","740.0","32.0","90.0","757.0","35.0","3126.0","876.0","3476.0","149.0"
"2509.0","786.0","24.0","83.0","742.0","44.0","3394.0","893.0","4154.0","207.0"
"3105.0","983.0","19.0","127.0","1427.0","69.0","4299.0","1272.0","5507.0","214.0"
"3243.0","1009.0","28.0","138.0","1523.0","81.0","4357.0","1365.0","4853.0","208.0"
"3477.0","963.0","18.0","112.0","1370.0","68.0","4178.0","1205.0","4233.0","210.0"
"3060.0","1031.0","27.0","109.0","1268.0","63.0","4091.0","1160.0","3945.0","185.0"
"2707.0","1034.0","29.0","101.0","1358.0","78.0","5154.0","1074.0","3792.0","199.0"
"2280.0","770.0","28.0","76.0","693.0","54.0","3390.0","796.0","3069.0","138.0"
"2432.0","802.0","24.0","72.0","741.0","32.0","3343.0","828.0","3565.0","135.0"
"3000.0","875.0","27.0","107.0","1301.0","52.0","4053.0","1237.0","4406.0","173.0"
"3123.0","1009.0","25.0","120.0","1394.0","57.0","4211.0","1343.0","4205.0","229.0"
"3081.0","1018.0","30.0","150.0","1457.0","66.0","4730.0","1349.0","4116.0","254.0"
"2956.0","1057.0","25.0","100.0","1464.0","72.0","4407.0","1261.0","3951.0","269.0"
"3473.0","959.0","27.0","157.0","1493.0","78.0","3911.0","1218.0","3612.0","198.0"
"3171.0","823.0","30.0","112.0","1011.0","44.0","3413.0","928.0","3080.0","186.0"
"2922.0","830.0","22.0","96.0","832.0","49.0","3430.0","1019.0","3462.0","210.0"
"3491.0","941.0","36.0","131.0","1417.0","77.0","4462.0","1400.0","4216.0","286.0"
"3378.0","931.0","36.0","147.0","1482.0","76.0","4503.0","1470.0","4756.0","317.0"
"3248.0","1001.0","33.0","124.0","1395.0","79.0","4407.0","1431.0","4095.0","303.0"
"3113.0","1027.0","31.0","139.0","1387.0","89.0","4300.0","1499.0","3919.0","328.0"
"2682.0","953.0","33.0","151.0","1178.0","52.0","3802.0","1264.0","3675.0","235.0"
"2194.0","814.0","23.0","70.0","728.0","33.0","3218.0","1018.0","3317.0","230.0"
"2598.0","1091.0","36.0","108.0","853.0","35.0","3641.0","1020.0","3860.0","205.0"
"3000.0","1005.0","37.0","114.0","1103.0","57.0","4449.0","1296.0","4023.0","308.0"
"3204.0","1018.0","37.0","143.0","1537.0","70.0","4560.0","1541.0","4237.0","310.0"
"3305.0","1028.0","28.0","121.0","1675.0","100.0","4645.0","1433.0","4465.0","297.0"
"3448.0","931.0","20.0","130.0","1573.0","88.0","4429.0","1431.0","4052.0","324.0"
"3093.0","1056.0","24.0","170.0","1399.0","73.0","4456.0","1376.0","4390.0","235.0"
"2558.0","853.0","20.0","142.0","861.0","39.0","3752.0","988.0","3457.0","187.0"
"2970.0","943.0","30.0","136.0","880.0","46.0","4034.0","1075.0","3443.0","288.0"
"3634.0","1026.0","37.0","197.0","1594.0","77.0","4833.0","1515.0","4375.0","293.0"
"3517.0","1198.0","42.0","191.0","1660.0","82.0","5233.0","1701.0","4441.0","413.0"
"3387.0","1035.0","29.0","171.0","1568.0","75.0","4977.0","1627.0","4213.0","366.0"
"3329.0","1215.0","33.0","181.0","1521.0","82.0","4610.0","1446.0","4022.0","378.0"
"2819.0","954.0","31.0","163.0","1346.0","68.0","4153.0","1335.0","3770.0","308.0"
"2472.0","892.0","13.0","122.0","839.0","40.0","3492.0","1080.0","3050.0","241.0"
"2755.0","942.0","23.0","126.0","889.0","46.0","3850.0","1100.0","3384.0","369.0"
"3496.0","1152.0","31.0","197.0","1513.0","74.0","5021.0","1534.0","4372.0","322.0"
"3698.0","1210.0","32.0","168.0","1685.0","75.0","5031.0","1520.0","5294.0","352.0"
"3654.0","1111.0","35.0","161.0","1882.0","69.0","4698.0","1559.0","4813.0","399.0"
"3635.0","1191.0","35.0","165.0","1785.0","64.0","4668.0","1623.0","4273.0","322.0"
"3547.0","1110.0","31.0","156.0","1424.0","66.0","4394.0","1439.0","4150.0","307.0"
"2436.0","936.0","39.0","106.0","876.0","38.0","3514.0","1026.0","3267.0","222.0"
"2864.0","1034.0","28.0","122.0","1069.0","37.0","4057.0","1210.0","3825.0","347.0"
"3665.0","1205.0","37.0","194.0","1800.0","65.0","5728.0","1697.0","4934.0","372.0"
"3719.0","1137.0","25.0","164.0","1716.0","63.0","5256.0","1520.0","4457.0","350.0"
"3461.0","1216.0","45.0","156.0","1671.0","55.0","5098.0","1658.0","4271.0","327.0"
"3787.0","1204.0","35.0","158.0","1701.0","80.0","4975.0","1651.0","4257.0","393.0"
"3145.0","1012.0","28.0","182.0","1484.0","53.0","4243.0","1381.0","3841.0","299.0"
"3060.0","921.0","30.0","149.0","1003.0","48.0","3488.0","1052.0","3029.0","207.0"
"3101.0","1109.0","57.0","129.0","1112.0","39.0","4238.0","1235.0","3515.0","252.0"
"3522.0","1089.0","31.0","175.0","1778.0","82.0","5071.0","1576.0","4379.0","295.0"
"3888.0","1044.0","42.0","190.0","1917.0","91.0","5141.0","1559.0","4422.0","405.0"
"3852.0","1164.0","31.0","202.0","2051.0","89.0","5242.0","1567.0","4304.0","364.0"
"4279.0","1071.0","43.0","247.0","1835.0","79.0","4898.0","1683.0","4270.0","318.0"
"3593.0","979.0","31.0","163.0","1548.0","58.0","4421.0","1439.0","4017.0","247.0"
"2772.0","844.0","22.0","140.0","1007.0","39.0","3790.0","1117.0","3456.0","192.0"
"3089.0","987.0","48.0","169.0","1114.0","32.0","3999.0","1208.0","3657.0","238.0"
"3767.0","1136.0","34.0","229.0","1788.0","73.0","5208.0","1559.0","4778.0","293.0"
"3862.0","1177.0","32.0","215.0","1954.0","55.0","5541.0","1695.0","4621.0","332.0"
"3812.0","1175.0","40.0","187.0","1844.0","80.0","5066.0","1616.0","4430.0","345.0"
"3780.0","1126.0","41.0","183.0","1897.0","70.0","4976.0","1562.0","4322.0","348.0"
"3082.0","1039.0","28.0","177.0","1443.0","62.0","4279.0","1384.0","3828.0","267.0"
"2617.0","859.0","35.0","142.0","872.0","47.0","3674.0","1153.0","3374.0","233.0"
"3073.0","989.0","23.0","140.0","1042.0","52.0","4227.0","1141.0","3554.0","298.0"
"3910.0","1119.0","30.0","214.0","1745.0","79.0","5979.0","1663.0","4578.0","373.0"
"3777.0","1113.0","56.0","199.0","1751.0","52.0","5341.0","1749.0","4588.0","358.0"
"3699.0","1157.0","42.0","181.0","1763.0","81.0","5048.0","1586.0","4398.0","375.0"
"3656.0","1163.0","36.0","184.0","1744.0","66.0","4862.0","1534.0","4192.0","320.0"
"3062.0","1119.0","51.0","155.0","1432.0","69.0","4472.0","1438.0","4068.0","332.0"
"2647.0","867.0","33.0","110.0","901.0","37.0","3679.0","1020.0","3312.0","223.0"
"2895.0","930.0","34.0","114.0","997.0","52.0","4109.0","1279.0","3681.0","257.0"
"3483.0","1062.0","48.0","191.0","1659.0","64.0","5251.0","1556.0","4617.0","366.0"
"3658.0","1043.0","37.0","147.0","1798.0","83.0","5292.0","1674.0","4473.0","428.0"
"3471.0","1082.0","36.0","156.0","1654.0","79.0","4904.0","1667.0","4386.0","403.0"
"3409.0","1068.0","37.0","183.0","1510.0","70.0","4889.0","1588.0","4512.0","364.0"
"2765.0","947.0","43.0","133.0","1223.0","57.0","4091.0","1308.0","3733.0","296.0"
"2389.0","845.0","17.0","100.0","780.0","33.0","3575.0","1112.0","3205.0","228.0"
"2640.0","817.0","26.0","84.0","784.0","35.0","3666.0","1137.0","3550.0","257.0"
"3567.0","983.0","37.0","197.0","1365.0","70.0","6657.0","1529.0","4477.0","386.0"
"3581.0","1068.0","38.0","213.0","1377.0","75.0","5108.0","1601.0","4391.0","384.0"
"3295.0","1079.0","44.0","235.0","1278.0","74.0","4943.0","1550.0","4186.0","361.0"
"3269.0","1007.0","33.0","243.0","1337.0","71.0","4761.0","1576.0","4253.0","317.0"
"3022.0","972.0","34.0","195.0","1178.0","58.0","4260.0","1389.0","4079.0","287.0"
"2496.0","796.0","25.0","170.0","835.0","52.0","3563.0","1073.0","3327.0","273.0"
"3052.0","1045.0","26.0","188.0","1124.0","60.0","4130.0","1302.0","4032.0","339.0"
"4067.0","1182.0","33.0","250.0","1765.0","61.0","5273.0","1613.0","5167.0","408.0"
"3993.0","1133.0","40.0","271.0","1852.0","75.0","5235.0","1623.0","4812.0","367.0"
"3535.0","1009.0","34.0","217.0","1748.0","124.0","4762.0","1462.0","4363.0","409.0"
"3587.0","1130.0","57.0","194.0","1823.0","64.0","5204.0","1596.0","4588.0","509.0"
"3021.0","1102.0","26.0","156.0","1477.0","59.0","4589.0","1511.0","4243.0","353.0"
"2524.0","877.0","35.0","134.0","989.0","47.0","3789.0","1273.0","3430.0","290.0"
"2721.0","1001.0","32.0","151.0","947.0","36.0","3906.0","1320.0","3638.0","312.0"
"3768.0","1074.0","48.0","162.0","1568.0","79.0","5267.0","1667.0","5053.0","387.0"
"3791.0","1009.0","59.0","198.0","1699.0","59.0","4652.0","1603.0","4611.0","345.0"
"4029.0","1162.0","55.0","177.0","1781.0","72.0","5258.0","1618.0","4671.0","480.0"
"3856.0","1064.0","37.0","207.0","1666.0","59.0","4790.0","1624.0","4661.0","453.0"
"3073.0","936.0","44.0","171.0","1437.0","58.0","4024.0","1341.0","3964.0","344.0"
"2427.0","875.0","39.0","97.0","948.0","51.0","3521.0","1126.0","3302.0","217.0"
"2919.0","933.0","48.0","129.0","910.0","56.0","4020.0","1137.0","3719.0","300.0"
"3712.0","1071.0","50.0","200.0","1507.0","70.0","5175.0","1653.0","4917.0","425.0"
"3617.0","1072.0","35.0","182.0","1551.0","71.0","4990.0","1627.0","4870.0","409.0"
"3358.0","1036.0","42.0","153.0","1448.0","64.0","4517.0","1550.0","4506.0","385.0"
"2848.0","989.0","23.0","177.0","1246.0","55.0","4181.0","1389.0","3790.0","268.0"
"2565.0","875.0","22.0","122.0","1715.0","46.0","3915.0","1255.0","3534.0","229.0"
"2564.0","901.0","29.0","119.0","753.0","37.0","3621.0","1086.0","3305.0","211.0"
"2860.0","974.0","31.0","131.0","949.0","46.0","4158.0","1151.0","3786.0","306.0"
"3872.0","1222.0","28.0","182.0","1799.0","69.0","5396.0","1827.0","5061.0","409.0"
"4046.0","1199.0","38.0","230.0","2053.0","94.0","5612.0","1781.0","5018.0","456.0"
"3605.0","1096.0","31.0","218.0","1749.0","82.0","5326.0","1693.0","4552.0","411.0"
"3537.0","1127.0","42.0","231.0","1843.0","74.0","5234.0","1751.0","4713.0","381.0"
"3095.0","1007.0","29.0","169.0","1600.0","67.0","4565.0","1376.0","4039.0","315.0"
"2588.0","961.0","42.0","155.0","927.0","39.0","4058.0","1194.0","3609.0","247.0"
"2964.0","915.0","36.0","177.0","1156.0","72.0","4559.0","1207.0","3719.0","300.0"
"3880.0","1147.0","32.0","209.0","1641.0","82.0","5454.0","1653.0","5048.0","392.0"
"3952.0","995.0","32.0","240.0","1795.0","68.0","5749.0","1714.0","5046.0","398.0"
"4127.0","1246.0","29.0","237.0","1996.0","56.0","6157.0","1936.0","5073.0","537.0"
"3545.0","1106.0","51.0","222.0","1461.0","63.0","5288.0","1669.0","4633.0","411.0"
"2996.0","940.0","46.0","168.0","1207.0","71.0","4592.0","1380.0","4002.0","267.0"
"2400.0","849.0","29.0","150.0","777.0","48.0","3948.0","1100.0","3448.0","253.0"
"2959.0","977.0","34.0","151.0","795.0","35.0","4522.0","1185.0","3956.0","235.0"
"4843.0","1003.0","39.0","237.0","1434.0","46.0","5777.0","1670.0","5368.0","363.0"
"3741.0","1056.0","45.0","230.0","1456.0","53.0","5721.0","1794.0","5072.0","400.0"
"4009.0","1041.0","46.0","262.0","1446.0","53.0","5552.0","1552.0","4626.0","398.0"
"3400.0","1133.0","31.0","211.0","1574.0","76.0","5404.0","1586.0","4530.0","397.0"
"2949.0","1028.0","20.0","219.0","1283.0","55.0","4893.0","1186.0","4100.0","286.0"
"2376.0","850.0","17.0","150.0","844.0","40.0","4259.0","1079.0","3428.0","237.0"
"2717.0","899.0","29.0","140.0","858.0","40.0","4547.0","1148.0","3863.0","328.0"
"3358.0","1120.0","30.0","221.0","1384.0","86.0","5891.0","1497.0","5048.0","375.0"
"3103.0","1050.0","38.0","207.0","1377.0","78.0","5799.0","1397.0","4829.0","343.0"
"2934.0","986.0","32.0","198.0","1235.0","54.0","5606.0","1388.0","4491.0","293.0"
"2576.0","1081.0","35.0","183.0","1213.0","58.0","5381.0","1290.0","4313.0","242.0"
"2558.0","883.0","18.0","133.0","953.0","40.0","4352.0","1095.0","3595.0","177.0"
"2041.0","826.0","31.0","101.0","634.0","39.0","4131.0","909.0","3440.0","182.0"
"2145.0","886.0","32.0","106.0","552.0","34.0","4407.0","941.0","3475.0","157.0"
"1984.0","991.0","18.0","89.0","619.0","40.0","4431.0","919.0","3470.0","182.0"
"1973.0","836.0","24.0","87.0","503.0","29.0","3963.0","814.0","2907.0","153.0"
"2393.0","955.0","30.0","115.0","807.0","45.0","5172.0","1164.0","3943.0","234.0"
"2455.0","1045.0","29.0","132.0","869.0","27.0","5895.0","1315.0","4109.0","232.0"
"2488.0","1073.0","21.0","100.0","982.0","31.0","5887.0","1396.0","4296.0","277.0"
"2199.0","1025.0","29.0","106.0","728.0","41.0","4990.0","1101.0","3897.0","187.0"
"2422.0","1028.0","29.0","122.0","654.0","28.0","4976.0","1045.0","3905.0","207.0"
"2262.0","1005.0","24.0","130.0","769.0","27.0","5046.0","1184.0","3933.0","212.0"
"2630.0","832.0","22.0","121.0","771.0","30.0","4659.0","1011.0","3708.0","236.0"
"3658.0","1143.0","26.0","232.0","1443.0","62.0","6398.0","1621.0","5075.0","335.0"
"3214.0","1046.0","39.0","198.0","1311.0","46.0","7397.0","1609.0","5201.0","350.0"
"3074.0","1151.0","19.0","204.0","1340.0","47.0","6274.0","1613.0","4894.0","298.0"
"2590.0","1009.0","27.0","151.0","983.0","31.0","5673.0","1179.0","3821.0","271.0"
"2806.0","1074.0","33.0","151.0","811.0","43.0","5608.0","1219.0","4247.0","362.0"
"3574.0","1167.0","27.0","244.0","1392.0","61.0","6567.0","1851.0","5486.0","443.0"
"4024.0","1193.0","50.0","274.0","1775.0","74.0","6656.0","2128.0","5397.0","426.0"
"4081.0","1302.0","50.0","273.0","1709.0","86.0","6725.0","1763.0","5092.0","423.0"
"3680.0","1202.0","71.0","258.0","1774.0","79.0","6366.0","1626.0","5020.0","382.0"
"3281.0","1146.0","36.0","201.0","1584.0","65.0","6067.0","1585.0","4871.0","370.0"
"3004.0","903.0","28.0","173.0","1062.0","51.0","5025.0","1163.0","4018.0","295.0"
"3509.0","1073.0","30.0","179.0","1041.0","53.0","5457.0","1290.0","4282.0","298.0"
"3838.0","1143.0","41.0","234.0","2107.0","74.0","6682.0","1754.0","5084.0","404.0"
"3993.0","1122.0","28.0","261.0","2118.0","87.0","6891.0","1967.0","5043.0","578.0"
"3891.0","1360.0","45.0","251.0","2196.0","77.0","7078.0","1871.0","5082.0","582.0"
"3712.0","1424.0","33.0","275.0","2115.0","85.0","6624.0","1826.0","5164.0","506.0"
"3228.0","1268.0","22.0","355.0","1898.0","70.0","6141.0","1646.0","4674.0","384.0"
"2478.0","1090.0","25.0","339.0","1333.0","44.0","5087.0","1355.0","4053.0","252.0"
"3179.0","1133.0","28.0","255.0","1164.0","43.0","5609.0","1297.0","4346.0","324.0"
"3597.0","1367.0","29.0","259.0","1825.0","76.0","6898.0","1670.0","5000.0","456.0"
"3794.0","1309.0","38.0","246.0","2117.0","81.0","7300.0","1919.0","5252.0","559.0"
"4016.0","1384.0","35.0","279.0","2073.0","80.0","7251.0","2061.0","5088.0","425.0"
"3668.0","1451.0","53.0","276.0","1898.0","70.0","6595.0","1829.0","4881.0","446.0"
"3311.0","1292.0","28.0","190.0","1762.0","75.0","5764.0","1732.0","4495.0","405.0"
"2963.0","1029.0","33.0","177.0","1059.0","44.0","4891.0","1376.0","3745.0","258.0"
"3331.0","1135.0","21.0","162.0","1242.0","40.0","5610.0","1352.0","4115.0","491.0"
"4099.0","1304.0","49.0","234.0","1870.0","84.0","6896.0","1949.0","5410.0","518.0"
"4483.0","1211.0","44.0","293.0","2042.0","95.0","7013.0","1986.0","5277.0","569.0"
"4082.0","1221.0","66.0","289.0","2071.0","61.0","6853.0","1942.0","4869.0","518.0"
"4104.0","1631.0","41.0","328.0","1892.0","73.0","6319.0","1799.0","4737.0","512.0"
"3639.0","1223.0","41.0","286.0","1691.0","70.0","5556.0","1706.0","4504.0","373.0"
"2773.0","1008.0","17.0","212.0","1235.0","44.0","4767.0","1353.0","3927.0","289.0"
"3258.0","1173.0","30.0","211.0","1232.0","41.0","5151.0","1437.0","4504.0","341.0"
"4407.0","1372.0","39.0","273.0","2543.0","61.0","6839.0","1896.0","5639.0","504.0"
"3828.0","1350.0","46.0","255.0","2210.0","88.0","6751.0","2003.0","5613.0","520.0"
"3818.0","1261.0","32.0","241.0","2160.0","84.0","6468.0","1987.0","5204.0","463.0"
"4018.0","1331.0","22.0","284.0","2188.0","59.0","6234.0","1880.0","5324.0","518.0"
"3843.0","1201.0","28.0","320.0","2019.0","72.0","5254.0","1741.0","4623.0","447.0"
"2965.0","955.0","37.0","216.0","1447.0","40.0","4738.0","1260.0","3875.0","284.0"
"3212.0","1151.0","23.0","177.0","1426.0","43.0","4927.0","1328.0","4663.0","334.0"
"3846.0","1255.0","33.0","285.0","2138.0","56.0","6194.0","1787.0","5419.0","435.0"
"3858.0","1275.0","31.0","265.0","2274.0","50.0","6406.0","1980.0","5354.0","475.0"
"3675.0","1281.0","36.0","214.0","2181.0","54.0","6285.0","1954.0","5104.0","425.0"
"3246.0","1249.0","24.0","179.0","1760.0","63.0","5891.0","1541.0","4458.0","458.0"
"3033.0","1120.0","20.0","191.0","1551.0","63.0","7697.0","1544.0","4683.0","323.0"
"2578.0","1005.0","30.0","147.0","1004.0","37.0","4643.0","1365.0","4079.0","251.0"
"2958.0","1133.0","37.0","166.0","1098.0","48.0","5250.0","1426.0","4789.0","303.0"
"3602.0","1218.0","30.0","212.0","1700.0","75.0","6228.0","1949.0","5382.0","459.0"
"3833.0","1304.0","39.0","257.0","1854.0","72.0","6878.0","2056.0","5507.0","401.0"
"3972.0","1314.0","32.0","271.0","1978.0","81.0","6182.0","2097.0","5185.0","501.0"
"3557.0","1255.0","35.0","282.0","1812.0","67.0","5903.0","1996.0","4997.0","462.0"
"3380.0","1306.0","34.0","180.0","1624.0","103.0","5228.0","1747.0","4582.0","332.0"
"2655.0","1083.0","27.0","165.0","1146.0","43.0","4527.0","1396.0","3901.0","280.0"
"3239.0","1081.0","32.0","178.0","1238.0","38.0","4998.0","1570.0","4295.0","379.0"
"4140.0","1225.0","35.0","241.0","1903.0","74.0","6168.0","2042.0","5748.0","387.0"
"4057.0","1396.0","31.0","236.0","2044.0","72.0","6431.0","2100.0","5411.0","420.0"
"62994.0","1287.0","40.0","261.0","2086.0","68.0","6529.0","1981.0","5205.0","382.0"
"4308.0","1330.0","43.0","265.0","1965.0","74.0","5908.0","1870.0","4997.0","422.0"
"3501.0","1184.0","26.0","205.0","1646.0","71.0","5357.0","1683.0","4543.0","402.0"
"2756.0","957.0","23.0","164.0","1142.0","44.0","4498.0","1410.0","3980.0","270.0"
"3204.0","1098.0","32.0","157.0","1313.0","38.0","4991.0","1424.0","4559.0","308.0"
"4067.0","1305.0","43.0","283.0","2024.0","86.0","6247.0","2007.0","5792.0","505.0"
"4230.0","1315.0","35.0","281.0","1969.0","76.0","6032.0","2061.0","5770.0","511.0"
"4131.0","1356.0","28.0","298.0","1843.0","71.0","6073.0","1984.0","5206.0","384.0"
"3911.0","1308.0","40.0","296.0","1977.0","63.0","5820.0","1944.0","5111.0","441.0"
"3560.0","1162.0","33.0","254.0","1703.0","72.0","4960.0","1681.0","4779.0","356.0"
"2912.0","983.0","25.0","179.0","1242.0","39.0","4334.0","1330.0","4078.0","265.0"
"3227.0","1082.0","31.0","177.0","1167.0","39.0","4813.0","1431.0","4211.0","261.0"
"4311.0","1217.0","21.0","305.0","1991.0","66.0","6054.0","1982.0","5695.0","450.0"
"4150.0","1342.0","21.0","305.0","2054.0","80.0","6047.0","2082.0","5747.0","450.0"
"3901.0","1258.0","19.0","288.0","2020.0","54.0","5789.0","1925.0","5238.0","509.0"
"4069.0","1206.0","31.0","289.0","2023.0","78.0","6491.0","1915.0","5025.0","461.0"
"4289.0","1155.0","27.0","327.0","1959.0","114.0","5029.0","1751.0","4770.0","381.0"
"3403.0","956.0","35.0","288.0","1372.0","185.0","5174.0","1386.0","4189.0","321.0"
"3345.0","1141.0","24.0","207.0","1212.0","42.0","4624.0","1536.0","4675.0","309.0"
"4296.0","1257.0","32.0","289.0","1833.0","71.0","6056.0","2004.0","5742.0","421.0"
"4268.0","1367.0","32.0","286.0","1981.0","82.0","5843.0","2150.0","5823.0","490.0"
"4520.0","2665.0","39.0","307.0","2216.0","79.0","5714.0","2119.0","5898.0","453.0"
"4291.0","1557.0","43.0","351.0","1917.0","83.0","5313.0","1857.0","5583.0","422.0"
"3747.0","1291.0","41.0","287.0","1596.0","64.0","4737.0","1722.0","4987.0","373.0"
"3953.0","1686.0","19.0","174.0","1184.0","40.0","4017.0","1343.0","5687.0","231.0"
"4406.0","1209.0","25.0","202.0","1287.0","42.0","4566.0","1335.0","5923.0","325.0"
"5296.0","1261.0","38.0","271.0","2012.0","75.0","5633.0","1855.0","7702.0","427.0"
"5398.0","1212.0","26.0","315.0","2022.0","83.0","5448.0","2080.0","7393.0","444.0"
"5254.0","1237.0","51.0","264.0","1966.0","52.0","5091.0","1888.0","6870.0","385.0"
"5065.0","1111.0","43.0","282.0","1976.0","138.0","5031.0","1753.0","6511.0","273.0"
"5760.0","1018.0","25.0","240.0","1657.0","62.0","4443.0","1482.0","5961.0","249.0"
"4682.0","885.0","21.0","186.0","1166.0","34.0","3664.0","1192.0","4979.0","225.0"
"3896.0","904.0","27.0","188.0","935.0","54.0","4205.0","1330.0","5533.0","248.0"
"4481.0","931.0","32.0","244.0","1416.0","74.0","5274.0","1724.0","6623.0","316.0"
"4644.0","990.0","37.0","266.0","1904.0","84.0","5535.0","1963.0","6841.0","351.0"
"5722.0","985.0","49.0","331.0","2110.0","97.0","5916.0","1949.0","5630.0","384.0"
"5490.0","1015.0","52.0","286.0","1904.0","75.0","5662.0","1951.0","5458.0","425.0"
"8826.0","925.0","29.0","399.0","2446.0","80.0","4223.0","1642.0","4700.0","302.0"
"9895.0","825.0","25.0","451.0","2567.0","72.0","3244.0","1293.0","3820.0","235.0"
"7153.0","946.0","38.0","389.0","1915.0","68.0","3706.0","1272.0","4409.0","246.0"
"6311.0","1151.0","57.0","415.0","2305.0","124.0","4877.0","1975.0","5940.0","380.0"
"7648.0","1157.0","52.0","466.0","2700.0","94.0","4608.0","1878.0","5839.0","382.0"
"5980.0","1017.0","41.0","381.0","2153.0","82.0","4260.0","1751.0","5362.0","356.0"
"6390.0","1110.0","44.0","368.0","2257.0","90.0","4217.0","1738.0","5721.0","404.0"
"5122.0","977.0","36.0","273.0","1820.0","72.0","3548.0","1489.0","4874.0","331.0"
"8258.0","747.0","20.0","463.0","2650.0","64.0","2986.0","1123.0","3668.0","263.0"
"7122.0","901.0","37.0","368.0","1874.0","60.0","3358.0","1153.0","4282.0","246.0"
"8053.0","1210.0","50.0","573.0","2892.0","104.0","4728.0","1736.0","5711.0","399.0"
"8911.0","1073.0","49.0","625.0","3327.0","87.0","4631.0","1882.0","5736.0","480.0"
"7251.0","1110.0","35.0","493.0","2797.0","97.0","4342.0","1987.0","5486.0","444.0"
"8938.0","1048.0","28.0","535.0","3043.0","92.0","3997.0","1898.0","5132.0","376.0"
"17663.0","938.0","39.0","913.0","4291.0","113.0","3770.0","1474.0","4720.0","344.0"
"13346.0","866.0","45.0","538.0","2471.0","71.0","2999.0","1160.0","3823.0","267.0"
"9625.0","896.0","63.0","435.0","3888.0","56.0","3474.0","1341.0","4399.0","309.0"
"8119.0","1095.0","41.0","506.0","3099.0","90.0","4482.0","1952.0","5920.0","372.0"
"7831.0","1122.0","64.0","526.0","2994.0","97.0","4250.0","1794.0","5541.0","490.0"
"7656.0","1456.0","42.0","542.0","3082.0","93.0","4474.0","1931.0","5407.0","418.0"
"14609.0","1201.0","50.0","1015.0","5306.0","134.0","4179.0","1761.0","5257.0","414.0"
"6807.0","1211.0","31.0","601.0","2986.0","146.0","3721.0","1483.0","4736.0","300.0"
"4881.0","1168.0","36.0","312.0","1916.0","218.0","3097.0","1130.0","3800.0","218.0"
"5556.0","954.0","31.0","458.0","2048.0","233.0","3599.0","1265.0","4344.0","296.0"
"7106.0","1088.0","56.0","615.0","2845.0","131.0","4560.0","1758.0","6040.0","425.0"
"6603.0","1191.0","37.0","555.0","2926.0","97.0","4239.0","1724.0","5595.0","389.0"
"6014.0","1103.0","44.0","372.0","2379.0","69.0","3943.0","1682.0","5091.0","387.0"
"6425.0","1206.0","35.0","395.0","2709.0","85.0","4005.0","1761.0","5815.0","363.0"
"5662.0","1048.0","42.0","351.0","2055.0","70.0","3711.0","1612.0","5162.0","365.0"
"4086.0","948.0","98.0","405.0","1390.0","61.0","2981.0","1250.0","4112.0","234.0"
"4409.0","986.0","60.0","463.0","1483.0","55.0","3259.0","1231.0","4186.0","231.0"
"5334.0","1118.0","78.0","576.0","2130.0","69.0","4059.0","1663.0","5384.0","374.0"
"6208.0","1204.0","56.0","501.0","2620.0","95.0","4048.0","1908.0","5661.0","377.0"
"5598.0","1189.0","56.0","584.0","2707.0","75.0","4336.0","1887.0","6231.0","441.0"
"5215.0","1025.0","71.0","422.0","2576.0","98.0","3971.0","1683.0","5224.0","384.0"
"4833.0","974.0","51.0","308.0","2150.0","46.0","3552.0","1415.0","4877.0","267.0"
"3396.0","696.0","38.0","162.0","1166.0","48.0","2959.0","1070.0","3615.0","223.0"
"3868.0","765.0","73.0","186.0","1375.0","56.0","3198.0","1228.0","4104.0","335.0"
"5331.0","1028.0","41.0","267.0","2346.0","89.0","4130.0","1762.0","5940.0","402.0"
"5553.0","1012.0","102.0","296.0","2370.0","93.0","4336.0","1853.0","5946.0","341.0"
"5380.0","1035.0","73.0","326.0","2180.0","72.0","4146.0","1651.0","5303.0","419.0"
"5328.0","1075.0","174.0","326.0","2158.0","89.0","4136.0","1880.0","5670.0","377.0"
"4140.0","942.0","135.0","267.0","1778.0","73.0","3275.0","1530.0","4690.0","302.0"
"3010.0","707.0","93.0","293.0","1310.0","46.0","2825.0","1047.0","3989.0","215.0"
"3907.0","736.0","83.0","172.0","1422.0","57.0","3029.0","1115.0","4008.0","333.0"
"5768.0","843.0","60.0","262.0","2774.0","77.0","3791.0","1445.0","5048.0","376.0"
"5629.0","1035.0","129.0","323.0","2538.0","176.0","4095.0","1594.0","5607.0","405.0"
"5305.0","991.0","132.0","359.0","2326.0","171.0","3835.0","1504.0","5453.0","371.0"
"4929.0","976.0","144.0","344.0","2251.0","143.0","3886.0","1453.0","5111.0","433.0"
"4664.0","889.0","109.0","344.0","1884.0","130.0","3364.0","1314.0","4463.0","314.0"
"3012.0","688.0","77.0","195.0","1167.0","51.0","2690.0","933.0","3469.0","235.0"
"3696.0","662.0","111.0","234.0","1311.0","60.0","2818.0","894.0","3619.0","264.0"
"4459.0","861.0","153.0","298.0","1597.0","65.0","3697.0","1312.0","4694.0","355.0"
"5059.0","1048.0","126.0","414.0","2316.0","74.0","4039.0","1585.0","5377.0","406.0"
"4588.0","1006.0","117.0","504.0","2248.0","87.0","3911.0","1512.0","4903.0","371.0"
"4336.0","871.0","125.0","313.0","2070.0","86.0","3807.0","1476.0","4676.0","377.0"
"4970.0","820.0","147.0","348.0","1733.0","76.0","3360.0","1258.0","4806.0","299.0"
"3360.0","613.0","84.0","184.0","1159.0","39.0","2780.0","953.0","3589.0","244.0"
"3489.0","736.0","89.0","201.0","1120.0","40.0","3129.0","1090.0","3842.0","263.0"
"4302.0","964.0","121.0","274.0","2019.0","76.0","4242.0","1476.0","5283.0","395.0"
"4384.0","864.0","108.0","297.0","2099.0","102.0","3816.0","1485.0","5046.0","397.0"
"4703.0","916.0","151.0","306.0","2013.0","68.0","3858.0","1457.0","5078.0","395.0"
"4292.0","906.0","125.0","398.0","2062.0","70.0","3777.0","1590.0","4938.0","373.0"
"4609.0","821.0","144.0","310.0","1840.0","81.0","3236.0","1318.0","4370.0","270.0"
"3891.0","638.0","125.0","225.0","1293.0","40.0","2709.0","1038.0","3384.0","238.0"
"3559.0","668.0","108.0","255.0","1357.0","55.0","3125.0","974.0","4041.0","273.0"
"4675.0","990.0","151.0","399.0","2183.0","70.0","3815.0","1511.0","5362.0","418.0"
"4534.0","891.0","158.0","425.0","2271.0","79.0","3754.0","1587.0","5206.0","449.0"
"5195.0","932.0","161.0","452.0","2232.0","94.0","3911.0","1811.0","5393.0","430.0"
"4315.0","825.0","160.0","345.0","2029.0","85.0","3584.0","1611.0","5642.0","323.0"
"4754.0","776.0","131.0","295.0","1769.0","96.0","3348.0","1371.0","5158.0","274.0"
"3278.0","681.0","87.0","211.0","1210.0","157.0","3109.0","1000.0","4114.0","257.0"
"3343.0","716.0","103.0","207.0","1052.0","123.0","3292.0","1079.0","5068.0","261.0"
"4734.0","961.0","119.0","276.0","1961.0","81.0","3799.0","1682.0","5584.0","401.0"
"4761.0","968.0","131.0","328.0","2170.0","67.0","3817.0","1888.0","5344.0","424.0"
"4740.0","958.0","119.0","286.0","2125.0","102.0","3868.0","1879.0","4885.0","367.0"
"4179.0","965.0","116.0","310.0","1914.0","84.0","3513.0","1780.0","5133.0","390.0"
"3632.0","841.0","109.0","265.0","1726.0","73.0","3142.0","1462.0","4381.0","338.0"
"3048.0","645.0","74.0","203.0","1237.0","67.0","2684.0","1213.0","3292.0","233.0"
"3107.0","710.0","84.0","199.0","1106.0","39.0","2857.0","1085.0","3607.0","284.0"
"4089.0","845.0","91.0","323.0","1926.0","95.0","3591.0","1599.0","5026.0","420.0"
"4396.0","975.0","123.0","271.0","2221.0","89.0","3871.0","1724.0","4915.0","350.0"
"4251.0","1195.0","125.0","324.0","2204.0","82.0","3632.0","1720.0","4789.0","346.0"
"4159.0","923.0","102.0","343.0","2176.0","77.0","3763.0","1730.0","5274.0","362.0"
"3779.0","843.0","80.0","266.0","1828.0","66.0","3238.0","1444.0","4565.0","235.0"
"3567.0","660.0","75.0","201.0","1166.0","55.0","2584.0","1145.0","3557.0","243.0"
"3679.0","666.0","67.0","190.0","1214.0","53.0","2837.0","1115.0","3972.0","257.0"
"4269.0","863.0","94.0","289.0","2144.0","91.0","3770.0","1461.0","5037.0","289.0"
"4275.0","931.0","104.0","318.0","2225.0","76.0","3815.0","1435.0","4798.0","348.0"
"3876.0","851.0","87.0","276.0","1940.0","61.0","3790.0","1330.0","4755.0","291.0"
"3748.0","740.0","93.0","222.0","1597.0","68.0","3079.0","1147.0","3942.0","265.0"
"3332.0","803.0","73.0","238.0","1449.0","63.0","3019.0","1006.0","3590.0","234.0"
"3042.0","657.0","54.0","153.0","1326.0","43.0","2593.0","921.0","3282.0","232.0"
"3338.0","675.0","80.0","170.0","1250.0","65.0","2965.0","874.0","3592.0","278.0"
"4043.0","849.0","78.0","213.0","1972.0","92.0","3671.0","1414.0","4922.0","327.0"
"4005.0","955.0","98.0","230.0","2229.0","80.0","3684.0","1424.0","4960.0","334.0"
"3884.0","1004.0","81.0","222.0","1873.0","74.0","3620.0","1335.0","4430.0","364.0"
"3856.0","894.0","99.0","219.0","2070.0","142.0","3444.0","1222.0","4393.0","322.0"
"3678.0","758.0","52.0","240.0","1912.0","72.0","3097.0","1111.0","3987.0","255.0"
"3325.0","613.0","55.0","219.0","1226.0","58.0","2458.0","906.0","3075.0","207.0"
"3354.0","601.0","67.0","178.0","1101.0","45.0","2785.0","846.0","3454.0","253.0"
"4618.0","821.0","83.0","278.0","2050.0","95.0","3592.0","1409.0","4689.0","309.0"
"4283.0","847.0","100.0","223.0","2191.0","77.0","3652.0","1332.0","4421.0","316.0"
"4168.0","891.0","99.0","268.0","2020.0","85.0","3550.0","1338.0","4314.0","303.0"
"4231.0","763.0","98.0","251.0","2018.0","68.0","3507.0","1313.0","4099.0","288.0"
"3548.0","761.0","82.0","249.0","1746.0","65.0","3008.0","1086.0","3704.0","241.0"
"3350.0","630.0","53.0","250.0","1410.0","38.0","2722.0","774.0","2839.0","212.0"
"3689.0","652.0","84.0","342.0","1456.0","48.0","3141.0","822.0","3271.0","283.0"
"5136.0","777.0","103.0","348.0","2070.0","77.0","3699.0","1315.0","4422.0","351.0"
"0.0","0.0","0.0","0.0","0.0","0.0","0.0","0.0","0.0","0.0"
"3540.0","294.0","50.0","87.0","860.0","28.0","1162.0","448.0","1437.0","92.0"
"4439.0","764.0","64.0","179.0","1673.0","88.0","3019.0","1055.0","3452.0","266.0"
"3510.0","678.0","56.0","190.0","1657.0","65.0","2777.0","1027.0","3399.0","212.0"
"2540.0","571.0","57.0","154.0","1236.0","51.0","2274.0","825.0","2820.0","219.0"
"2377.0","565.0","57.0","133.0","1561.0","53.0","2383.0","811.0","2919.0","227.0"
"3020.0","709.0","74.0","205.0","3160.0","71.0","3300.0","1076.0","3859.0","316.0"
"3028.0","715.0","66.0","201.0","2830.0","81.0","2771.0","1118.0","3725.0","249.0"
"2919.0","770.0","79.0","211.0","2599.0","89.0","2686.0","1177.0","3688.0","245.0"
"2662.0","744.0","43.0","255.0","2139.0","87.0","2768.0","1122.0","3651.0","240.0"
"2449.0","607.0","66.0","119.0","1847.0","48.0","2529.0","1109.0","3335.0","197.0"
"2132.0","519.0","61.0","131.0","1290.0","36.0","2113.0","734.0","2837.0","176.0"
"2308.0","610.0","61.0","116.0","1220.0","38.0","2285.0","797.0","2972.0","262.0"
"2776.0","663.0","85.0","180.0","2260.0","69.0","2828.0","1070.0","4102.0","301.0"
"2786.0","665.0","82.0","178.0","2508.0","62.0","2684.0","1119.0","3745.0","270.0"
"2947.0","689.0","77.0","243.0","2797.0","62.0","2628.0","1206.0","3627.0","320.0"
"3097.0","660.0","89.0","174.0","2608.0","79.0","2430.0","1021.0","3401.0","205.0"
"3135.0","663.0","95.0","244.0","2394.0","80.0","2577.0","946.0","3191.0","234.0"
"2306.0","539.0","59.0","129.0","1608.0","40.0","2463.0","747.0","2580.0","161.0"
"2754.0","529.0","66.0","150.0","1954.0","55.0","2763.0","819.0","2968.0","229.0"
"3043.0","691.0","80.0","166.0","2697.0","71.0","3253.0","1242.0","3998.0","250.0"
"3135.0","721.0","97.0","232.0","2772.0","84.0","3408.0","1257.0","3780.0","222.0"
"3096.0","715.0","84.0","236.0","2502.0","91.0","3181.0","1254.0","3748.0","251.0"
"2871.0","695.0","86.0","164.0","1973.0","81.0","2959.0","1255.0","3380.0","234.0"
"3077.0","686.0","78.0","177.0","1776.0","62.0","2861.0","1044.0","3277.0","227.0"
"3125.0","610.0","83.0","178.0","1338.0","37.0","2565.0","823.0","2892.0","195.0"
"4312.0","608.0","77.0","141.0","1389.0","40.0","2700.0","820.0","2922.0","245.0"
"4394.0","663.0","105.0","222.0","2001.0","85.0","3229.0","1206.0","4378.0","270.0"
"4145.0","663.0","65.0","221.0","1787.0","76.0","2689.0","1057.0","3370.0","194.0"
"4081.0","683.0","61.0","229.0","1680.0","79.0","2819.0","1134.0","3124.0","216.0"
"4365.0","712.0","94.0","237.0","1833.0","80.0","2889.0","1097.0","3140.0","261.0"
"3533.0","729.0","79.0","158.0","1519.0","61.0","2656.0","969.0","2576.0","231.0"
"2596.0","499.0","64.0","152.0","944.0","42.0","2170.0","698.0","2275.0","204.0"
"3247.0","540.0","84.0","163.0","1013.0","35.0","2391.0","715.0","2640.0","225.0"
"6404.0","625.0","112.0","378.0","1666.0","71.0","2993.0","1048.0","3096.0","271.0"
"9119.0","673.0","152.0","504.0","2070.0","89.0","3153.0","1094.0","3325.0","295.0"
"9016.0","676.0","216.0","495.0","1972.0","76.0","2984.0","1150.0","3091.0","280.0"
"5005.0","686.0","124.0","374.0","1676.0","78.0","3136.0","1045.0","3160.0","289.0"
"4005.0","653.0","65.0","213.0","1382.0","64.0","2926.0","947.0","2701.0","214.0"
"3096.0","497.0","56.0","144.0","964.0","33.0","2441.0","717.0","2251.0","186.0"
"3828.0","568.0","65.0","148.0","994.0","25.0","2559.0","765.0","2262.0","240.0"
"4300.0","646.0","78.0","197.0","1313.0","67.0","2946.0","1016.0","2982.0","234.0"
"4372.0","678.0","96.0","197.0","1643.0","67.0","3103.0","1091.0","3148.0","285.0"
"5449.0","649.0","118.0","265.0","1678.0","86.0","3305.0","1166.0","4409.0","341.0"
"4030.0","739.0","94.0","183.0","1599.0","88.0","3220.0","1116.0","3070.0","270.0"
"3915.0","649.0","89.0","179.0","1573.0","80.0","2930.0","1061.0","2768.0","231.0"
"3351.0","601.0","73.0","149.0","1115.0","64.0","2448.0","848.0","2206.0","184.0"
"3284.0","593.0","83.0","161.0","1021.0","46.0","2808.0","849.0","2523.0","230.0"
"3909.0","677.0","94.0","291.0","1605.0","73.0","3256.0","1216.0","3481.0","310.0"
"3891.0","707.0","109.0","203.0","1606.0","64.0","4239.0","1193.0","3234.0","355.0"
"3804.0","686.0","106.0","231.0","1560.0","54.0","3493.0","1217.0","4145.0","299.0"
"5211.0","717.0","128.0","267.0","1718.0","71.0","3562.0","1232.0","3329.0","301.0"
"8041.0","664.0","122.0","424.0","1898.0","69.0","3798.0","1540.0","2970.0","277.0"
"5419.0","558.0","101.0","325.0","1220.0","38.0","3291.0","981.0","2267.0","227.0"
"4035.0","608.0","86.0","191.0","1118.0","52.0","2848.0","907.0","2509.0","327.0"
"4732.0","757.0","100.0","250.0","1510.0","61.0","3592.0","1274.0","3453.0","360.0"
"4556.0","767.0","129.0","376.0","1682.0","69.0","3570.0","1327.0","3386.0","314.0"
"4522.0","797.0","115.0","322.0","1800.0","91.0","3562.0","1268.0","3130.0","315.0"
"3667.0","723.0","104.0","286.0","1682.0","66.0","3388.0","1180.0","3099.0","386.0"
"3339.0","807.0","90.0","213.0","1438.0","62.0","3259.0","1112.0","2878.0","303.0"
"2471.0","613.0","67.0","165.0","997.0","32.0","2654.0","833.0","2212.0","203.0"
"2746.0","642.0","85.0","202.0","1103.0","41.0","2907.0","896.0","2323.0","880.0"
"3427.0","799.0","134.0","234.0","1564.0","60.0","3587.0","1274.0","3302.0","520.0"
"3799.0","781.0","130.0","216.0","1674.0","75.0","3676.0","1261.0","3279.0","364.0"
"3765.0","751.0","114.0","197.0","1652.0","63.0","3644.0","1256.0","3113.0","381.0"
"3630.0","756.0","115.0","239.0","1610.0","50.0","3327.0","1124.0","3089.0","416.0"
"3438.0","707.0","111.0","169.0","1541.0","47.0","3015.0","1082.0","2888.0","296.0"
"2863.0","590.0","63.0","179.0","1165.0","45.0","2590.0","809.0","2134.0","234.0"
"3133.0","682.0","103.0","173.0","1122.0","47.0","2846.0","840.0","2477.0","280.0"
"3963.0","727.0","95.0","200.0","1812.0","60.0","3564.0","1170.0","3172.0","368.0"
"4089.0","928.0","99.0","256.0","1957.0","82.0","3820.0","1283.0","3533.0","390.0"
"4700.0","833.0","142.0","241.0","1883.0","86.0","3738.0","1442.0","3307.0","411.0"
"3901.0","861.0","89.0","226.0","1945.0","69.0","3694.0","1245.0","3086.0","372.0"
"3267.0","726.0","82.0","133.0","1507.0","61.0","3450.0","1113.0","2401.0","285.0"
"2432.0","628.0","74.0","106.0","1111.0","37.0","2852.0","914.0","1860.0","270.0"
"2827.0","682.0","98.0","133.0","1152.0","28.0","3125.0","937.0","2001.0","284.0"
"3320.0","837.0","105.0","135.0","1696.0","72.0","3841.0","1393.0","2573.0","388.0"
"3299.0","834.0","103.0","169.0","1832.0","82.0","3730.0","1392.0","2579.0","404.0"
"3293.0","785.0","110.0","150.0","1635.0","66.0","3738.0","1373.0","2538.0","376.0"
"3243.0","860.0","104.0","174.0","1650.0","61.0","3487.0","1241.0","2410.0","423.0"
"2934.0","719.0","90.0","143.0","1561.0","53.0","3166.0","1060.0","2100.0","333.0"
"2395.0","555.0","67.0","97.0","1565.0","41.0","2538.0","814.0","1664.0","251.0"
"2646.0","682.0","97.0","86.0","1374.0","39.0","2718.0","926.0","2858.0","252.0"
"4009.0","778.0","121.0","148.0","2329.0","74.0","3308.0","1221.0","2473.0","378.0"
"3907.0","796.0","130.0","148.0","1976.0","86.0","3412.0","1205.0","2450.0","340.0"
"3497.0","850.0","132.0","173.0","1852.0","75.0","3426.0","1484.0","2358.0","369.0"
"3409.0","848.0","134.0","158.0","1788.0","81.0","3600.0","1203.0","2415.0","368.0"
"2856.0","756.0","84.0","165.0","1854.0","73.0","3242.0","1033.0","2365.0","318.0"
"2497.0","631.0","67.0","105.0","1306.0","41.0","2675.0","918.0","1868.0","233.0"
"2754.0","675.0","68.0","91.0","1467.0","22.0","2826.0","914.0","1978.0","317.0"
"4393.0","843.0","160.0","142.0","1907.0","67.0","3631.0","1276.0","2666.0","378.0"
"4063.0","783.0","149.0","190.0","1912.0","59.0","3827.0","1240.0","2438.0","394.0"
"3931.0","827.0","152.0","190.0","1877.0","56.0","3560.0","1162.0","2542.0","368.0"
"3491.0","862.0","111.0","170.0","1760.0","67.0","3478.0","1157.0","2541.0","386.0"
"3232.0","733.0","100.0","159.0","1648.0","66.0","3109.0","1073.0","2157.0","360.0"
"2619.0","647.0","71.0","106.0","1290.0","28.0","2681.0","898.0","1720.0","260.0"
"2557.0","700.0","109.0","103.0","1330.0","49.0","3022.0","928.0","1957.0","264.0"
"3705.0","836.0","115.0","162.0","1724.0","49.0","3611.0","1231.0","2609.0","371.0"
"3941.0","886.0","144.0","179.0","1997.0","82.0","3802.0","1271.0","2583.0","377.0"
"3809.0","798.0","128.0","173.0","1771.0","74.0","3594.0","1396.0","2397.0","383.0"
"3403.0","748.0","131.0","180.0","1634.0","45.0","3286.0","1312.0","2278.0","280.0"
"3039.0","704.0","93.0","165.0","1415.0","40.0","2870.0","1045.0","1941.0","297.0"
"2712.0","541.0","61.0","126.0","1220.0","29.0","2516.0","788.0","1681.0","230.0"
"2784.0","694.0","87.0","146.0","1369.0","36.0","2552.0","819.0","1827.0","268.0"
"3673.0","873.0","123.0","185.0","1737.0","53.0","3410.0","1172.0","2636.0","481.0"
"3729.0","903.0","139.0","177.0","2054.0","66.0","3328.0","1337.0","2429.0","419.0"
"3611.0","950.0","131.0","203.0","2082.0","63.0","3607.0","1351.0","2575.0","534.0"
"4145.0","899.0","122.0","175.0","2315.0","70.0","3405.0","1364.0","2457.0","447.0"
"3831.0","806.0","137.0","221.0","2239.0","52.0","2946.0","1156.0","2231.0","401.0"
"3126.0","663.0","96.0","144.0","2177.0","40.0","2493.0","969.0","1885.0","322.0"
"3290.0","843.0","106.0","152.0","2031.0","46.0","2974.0","994.0","2542.0","365.0"
"4061.0","1007.0","145.0","198.0","2571.0","67.0","4444.0","1359.0","3324.0","475.0"
"5287.0","1048.0","161.0","277.0","2621.0","58.0","4655.0","1461.0","3316.0","499.0"
"4863.0","1075.0","148.0","251.0","2697.0","61.0","5020.0","1460.0","3209.0","490.0"
"4576.0","1035.0","149.0","216.0","2305.0","70.0","4468.0","1404.0","3009.0","405.0"
"4126.0","948.0","139.0","241.0","2041.0","67.0","4119.0","1291.0","2850.0","407.0"
"3234.0","865.0","106.0","164.0","1520.0","48.0","3505.0","1111.0","2309.0","292.0"
"3593.0","989.0","114.0","137.0","1473.0","42.0","3783.0","1082.0","2463.0","367.0"
"4729.0","1120.0","151.0","265.0","2226.0","69.0","4896.0","1499.0","3245.0","455.0"
"4531.0","1025.0","141.0","244.0","2354.0","86.0","4570.0","1468.0","3175.0","523.0"
"4074.0","870.0","127.0","249.0","2317.0","80.0","4406.0","1287.0","3294.0","451.0"
"3672.0","791.0","151.0","218.0","2043.0","68.0","4296.0","1245.0","3024.0","463.0"
"3149.0","827.0","159.0","212.0","1794.0","63.0","3777.0","1173.0","2382.0","321.0"
"2500.0","635.0","70.0","154.0","1246.0","65.0","2775.0","876.0","1809.0","249.0"
"2778.0","765.0","80.0","130.0","1195.0","39.0","2474.0","997.0","1830.0","323.0"
"3313.0","848.0","144.0","203.0","1766.0","70.0","3358.0","1255.0","2648.0","373.0"
"3235.0","893.0","116.0","228.0","1675.0","79.0","3330.0","4642.0","2441.0","436.0"
"3346.0","884.0","110.0","170.0","1616.0","51.0","3045.0","2979.0","2353.0","351.0"
"2805.0","814.0","94.0","160.0","1276.0","46.0","2630.0","1289.0","2062.0","300.0"
"2488.0","704.0","81.0","168.0","1107.0","47.0","2345.0","1063.0","1893.0","312.0"
"2244.0","690.0","84.0","107.0","994.0","45.0","2216.0","966.0","1658.0","318.0"
"2576.0","752.0","117.0","123.0","1094.0","34.0","2523.0","1025.0","1753.0","366.0"
"3534.0","873.0","137.0","194.0","1570.0","54.0","3449.0","1370.0","2473.0","434.0"
"3571.0","896.0","144.0","184.0","1668.0","83.0","3511.0","1296.0","2504.0","455.0"
"3395.0","978.0","169.0","197.0","1731.0","79.0","3731.0","1305.0","2496.0","480.0"
"4140.0","885.0","162.0","295.0","1811.0","51.0","3302.0","1404.0","2498.0","471.0"
"5450.0","780.0","142.0","284.0","1622.0","48.0","3015.0","1148.0","2200.0","284.0"
"4311.0","722.0","105.0","227.0","1256.0","50.0","2526.0","996.0","1864.0","309.0"
"3935.0","666.0","102.0","198.0","1170.0","41.0","2886.0","977.0","1834.0","349.0"
"4924.0","867.0","148.0","269.0","1790.0","67.0","3704.0","1319.0","2504.0","419.0"
"4632.0","756.0","129.0","261.0","1680.0","77.0","3565.0","1339.0","2571.0","498.0"
"4067.0","769.0","159.0","223.0","1620.0","72.0","3450.0","1297.0","2468.0","533.0"
"3274.0","606.0","120.0","148.0","1024.0","58.0","2725.0","1135.0","2135.0","313.0"
"2601.0","564.0","105.0","143.0","797.0","49.0","2374.0","963.0","2013.0","285.0"
"2123.0","409.0","80.0","92.0","578.0","28.0","1951.0","732.0","1501.0","189.0"
"2330.0","457.0","80.0","126.0","564.0","34.0","2203.0","759.0","1502.0","262.0"
"2952.0","558.0","116.0","114.0","938.0","55.0","2623.0","1005.0","2295.0","281.0"
"2592.0","570.0","91.0","148.0","933.0","66.0","2520.0","1025.0","2188.0","302.0"
"2654.0","511.0","92.0","150.0","924.0","62.0","2643.0","1085.0","2027.0","259.0"
"2455.0","573.0","82.0","166.0","873.0","46.0","2332.0","998.0","2119.0","227.0"
"2151.0","485.0","58.0","119.0","763.0","50.0","2054.0","871.0","1690.0","199.0"
"1549.0","360.0","45.0","98.0","459.0","30.0","1853.0","634.0","1530.0","169.0"
"1734.0","376.0","61.0","64.0","433.0","24.0","1969.0","595.0","1524.0","164.0"
"1904.0","416.0","70.0","123.0","622.0","34.0","2169.0","764.0","1814.0","146.0"
"1710.0","419.0","47.0","74.0","474.0","23.0","1970.0","677.0","1565.0","157.0"
"1457.0","338.0","57.0","68.0","338.0","20.0","1706.0","563.0","1141.0","161.0"
"1830.0","429.0","44.0","88.0","433.0","40.0","2060.0","784.0","1668.0","175.0"
"2000.0","494.0","69.0","104.0","562.0","45.0","2438.0","853.0","1617.0","175.0"
"1772.0","410.0","48.0","80.0","425.0","29.0","2288.0","711.0","1459.0","166.0"
"1794.0","411.0","51.0","76.0","418.0","33.0","2194.0","773.0","1482.0","134.0"
"2013.0","547.0","66.0","118.0","612.0","35.0","2585.0","1041.0","1801.0","192.0"
"1931.0","448.0","47.0","104.0","523.0","44.0","2242.0","872.0","1696.0","194.0"
"1904.0","362.0","70.0","99.0","392.0","39.0","1995.0","691.0","1291.0","152.0"
"2785.0","553.0","71.0","129.0","793.0","43.0","2665.0","950.0","1963.0","233.0"
"4877.0","586.0","78.0","214.0","928.0","76.0","2797.0","1057.0","2689.0","325.0"
"3791.0","436.0","73.0","173.0","766.0","40.0","2420.0","799.0","1824.0","240.0"
"712.0","98.0","13.0","27.0","120.0","4.0","594.0","145.0","332.0","26.0"
"0.0","0.0","0.0","0.0","0.0","0.0","0.0","0.0","0.0","0.0"
"6577.0","633.0","143.0","473.0","1406.0","109.0","3405.0","1184.0","2776.0","353.0"
"6230.0","636.0","154.0","385.0","1490.0","99.0","3277.0","1191.0","2532.0","317.0"
"5555.0","641.0","142.0","334.0","1355.0","83.0","3067.0","1149.0","2661.0","420.0"
"4362.0","611.0","118.0","252.0","1259.0","76.0","2754.0","1149.0","2568.0","291.0"
