Q_fever,Fever,Zoonosis,Infection,Echocardiography#Transesophageal_echocardiogram,Alanine_transaminase,Hepatitis,Hepatomegaly,Coxiella_burnetii,Inhalation
287,4638,599,1816,912,576,3283,426,148,200
341,5071,687,1972,780,558,3527,518,173,236
431,6132,1030,2471,1354,827,4354,566,181,361
481,6201,1025,2390,1494,823,4638,665,211,379
385,5997,962,2229,1423,778,4703,624,170,337
400,5621,876,2272,1389,711,4081,569,169,312
348,4987,628,1742,1151,632,3584,511,120,230
234,4453,483,1359,632,455,2829,338,48,197
242,4992,551,1649,598,390,2734,313,82,184
334,6163,561,2148,1171,617,3586,456,128,266
369,6208,609,2035,1269,628,3781,503,118,203
302,5811,604,1872,1131,776,3614,455,122,184
318,5036,633,1793,992,585,3632,398,98,175
216,3876,421,1332,569,412,2468,340,75,155
187,3364,290,935,372,266,1966,205,54,96
247,4594,445,1252,495,274,2481,249,69,142
271,5491,498,1593,755,398,3003,360,78,147
355,5695,475,1613,1005,561,3441,437,69,201
296,6094,531,1832,1056,604,3756,470,109,214
284,5507,485,1751,990,611,3311,482,97,167
230,4852,435,1583,687,407,2627,348,73,135
213,4315,336,1250,484,307,2400,303,82,116
277,5497,486,1526,618,363,2876,355,75,188
3822,6307,752,1976,1145,591,3670,524,128,222
577,6652,663,2108,1426,698,4594,481,122,301
475,6935,715,2303,1506,795,4867,622,138,314
461,6826,786,2449,1463,855,4964,530,163,367
449,6138,824,2283,1391,712,4378,621,157,285
280,5020,498,1702,841,483,3201,428,87,226
334,5419,613,1944,853,458,3319,410,110,270
445,6334,755,2365,1382,692,4328,602,163,345
479,6682,885,2522,1556,834,4635,598,173,344
393,6478,943,2375,1383,752,4478,602,139,294
434,6391,840,2431,1575,843,4515,670,160,360
414,6067,779,2397,1370,791,4429,604,132,303
272,4873,593,1794,866,536,3284,436,123,229
348,5787,627,1914,880,434,3427,443,113,266
476,6371,792,2230,1447,691,4368,580,149,334
526,7202,966,2547,1808,891,5073,709,146,356
477,6926,1094,2678,1916,919,5164,695,164,398
505,6781,1446,2601,1648,857,4987,739,178,368
368,5705,1155,2161,1369,766,4229,610,132,316
310,5341,769,2015,954,557,3657,520,92,245
349,6125,825,1886,944,462,3506,476,133,272
494,7004,1233,2474,1532,825,4582,674,161,316
469,6655,1437,2323,1612,824,4108,665,154,318
417,6673,1508,2460,1786,862,4472,746,153,344
475,5709,1147,2131,1452,780,3902,672,168,269
441,5105,1041,2028,1335,721,3644,519,133,240
335,4413,728,1515,763,523,2747,455,122,185
320,4967,761,1602,798,483,2840,345,128,184
422,6045,1038,2162,1455,731,4102,623,160,302
408,6050,942,2168,1548,837,4493,673,173,302
411,5672,962,2153,1381,772,4209,627,156,258
406,5469,934,2002,1544,860,4119,578,140,286
371,4959,858,1891,1333,710,3769,543,137,243
289,4191,633,1425,873,489,2759,344,94,150
308,4935,695,1798,869,489,3035,379,119,240
375,6030,995,2165,1553,798,3869,571,172,296
411,5834,963,2099,1680,785,4438,621,151,301
368,5838,867,2086,1652,842,4284,563,161,253
390,5526,826,1989,1771,837,4147,591,149,283
374,4915,622,1750,1302,719,3694,540,136,254
298,4708,593,1456,973,575,2982,434,112,178
277,4779,652,1662,807,460,2923,423,129,203
479,5919,858,2159,1530,792,3798,535,191,264
482,5792,813,2270,1585,848,4048,579,216,283
450,6013,902,2450,1710,927,4163,596,165,274
413,5600,903,2197,1598,837,3960,650,165,287
446,4806,663,1972,1403,788,3506,526,141,215
315,3954,490,1481,786,475,2847,362,116,151
343,4852,609,1612,879,522,3043,386,130,190
437,5857,832,2241,1537,842,3881,663,189,282
490,5607,809,2201,1561,823,4035,609,174,308
424,5388,899,2048,1676,935,4021,626,150,328
472,5197,907,2119,1719,944,4235,607,175,303
402,4593,684,1977,1306,742,3597,580,132,210
284,3837,535,1567,820,555,2943,441,114,188
325,4456,748,1902,804,522,3221,477,135,238
470,5489,1011,2406,1549,871,4769,649,158,339
469,5171,898,2299,1692,926,4462,696,179,355
554,5344,891,2351,1801,942,4357,650,177,330
453,4747,854,2286,1587,831,4175,661,168,279
382,4399,675,2081,1426,825,3649,598,112,256
256,3671,571,1624,938,545,2900,463,91,189
320,4090,627,1858,830,510,2989,413,112,240
451,5420,1039,2391,1635,835,4044,692,210,317
538,5076,860,2355,1714,916,4193,598,206,334
529,4927,843,2376,1631,937,4095,721,218,295
565,4973,974,2304,1733,871,4123,716,195,301
445,4195,785,1865,1324,784,3593,536,160,265
292,3658,558,1564,769,527,2684,398,105,167
313,4112,647,1777,886,581,2836,370,126,255
405,4807,800,2087,1563,893,3924,572,143,305
496,4913,884,2271,1682,973,4052,613,190,296
441,4768,877,2388,1655,1004,4161,650,147,334
417,4403,782,2043,1579,941,3945,654,159,293
388,3909,608,1829,1222,830,3337,571,150,214
248,3295,484,1408,788,484,2613,401,109,154
287,3672,519,1556,755,437,2620,367,117,201
448,4881,786,2088,1569,879,3880,564,190,272
447,4537,806,2239,1605,1026,4130,657,170,309
491,4718,878,2151,1702,948,4225,630,136,277
514,4575,836,1935,1786,917,4090,613,165,277
368,3736,684,1868,1447,798,3451,530,152,231
267,3189,490,1383,785,484,2767,445,112,162
343,3375,570,1393,775,460,2848,394,114,194
496,4601,874,2270,1679,876,4150,701,187,305
573,4508,803,2184,1614,922,4053,651,177,321
583,4592,897,2234,1594,934,4180,643,172,304
492,4244,841,2090,1640,836,4112,666,194,290
413,3509,716,1681,1297,712,3448,497,157,226
294,2952,419,1349,740,437,2604,386,113,164
332,3688,562,1575,753,480,2812,397,143,166
454,4482,897,2099,1485,854,4203,555,175,273
461,4343,863,2255,1710,974,4259,645,162,305
485,4245,903,2134,1551,978,3930,631,174,287
461,4027,850,2061,1469,821,4258,684,205,276
414,3608,702,1879,1396,835,4282,601,177,266
260,2961,497,1239,765,480,2626,387,84,165
336,3400,532,1447,769,515,2811,464,108,194
452,4469,973,2037,1564,857,4120,662,181,321
1944,4566,833,2258,1541,1023,4195,601,220,272
1059,4572,891,2356,1549,924,4168,599,212,288
858,4310,924,2255,1653,981,4027,661,189,323
616,3491,637,1770,1246,740,3436,525,143,188
456,2925,493,1462,747,553,2931,398,112,163
541,3211,580,1585,770,486,2819,404,135,201
683,4185,797,2201,1466,850,3965,530,195,250
693,4144,765,2062,1537,827,3971,624,213,237
670,4013,860,2040,1503,905,3944,624,231,251
557,3823,795,1998,1497,800,3618,525,181,230
524,3127,638,1609,1189,619,3083,436,191,190
464,2927,514,1484,730,566,2582,401,118,153
415,2967,603,1474,658,474,2526,391,119,138
479,3842,795,2790,1210,715,3701,531,188,238
644,4232,938,2149,1578,897,4598,650,194,237
595,3988,859,2063,1472,888,4041,585,208,280
564,3920,975,2125,1492,871,4344,632,160,261
403,2975,614,1652,1126,687,3216,521,138,204
371,2685,448,1383,693,504,2490,369,117,152
411,3182,591,1531,761,523,2655,375,124,176
658,3629,825,1928,1272,805,3580,596,178,228
607,3790,897,2236,1429,923,4095,591,176,317
535,3901,908,2244,1667,924,3994,567,222,297
525,3633,871,2203,1505,824,3972,642,186,261
509,3341,788,1953,1308,735,3669,551,162,224
393,2775,592,1422,781,516,2683,433,126,166
491,3039,648,1536,753,505,2958,382,166,183
525,3700,906,2297,1575,891,4219,584,171,301
636,3733,929,2432,1561,965,4196,617,166,302
570,3761,870,2206,1690,963,3978,650,182,312
523,3698,970,2296,1504,860,3732,563,181,245
459,3062,696,1817,1394,802,3298,522,146,221
370,2712,519,1473,747,537,2547,431,111,158
453,3350,524,1596,815,591,2765,383,137,199
578,3783,703,2398,1539,950,3859,617,178,274
586,3669,769,2292,1549,965,4067,669,186,278
539,3670,747,2250,1584,889,4123,643,183,269
551,3682,726,2131,1535,886,4025,600,164,228
477,3168,625,1924,1290,849,3431,595,164,219
350,2509,618,1436,721,558,2514,396,123,136
384,3063,592,1679,743,608,2711,392,134,197
629,3764,808,2302,1392,841,3889,602,177,268
595,3602,846,2168,1532,895,4011,558,232,282
529,3556,834,2041,1607,898,3785,583,218,244
525,3363,772,1893,1410,810,5837,588,156,267
435,2839,597,1680,1206,742,3152,504,105,229
359,2573,382,1344,668,527,2329,373,88,135
368,3492,492,2001,732,441,2607,357,120,160
535,4049,703,2505,996,591,3090,537,140,183
506,4533,821,2824,1388,784,3904,635,158,208
476,4354,801,2558,1407,753,3569,631,187,201
442,4042,816,2468,1441,754,3741,548,176,181
463,3299,706,1723,1312,727,3543,585,156,195
375,2731,585,1393,754,590,2525,405,156,133
376,2898,671,1461,698,455,2479,390,131,169
558,3679,915,1837,1356,748,3305,559,184,201
570,3523,721,1943,1510,794,3491,575,209,231
528,3839,692,2182,1438,912,3400,615,182,356
488,3197,742,1876,1440,856,3637,527,184,277
470,3000,624,1618,1260,733,3158,484,171,158
372,2649,403,1312,717,510,2402,366,135,129
410,2992,470,1425,733,454,2447,345,156,146
529,3730,641,1970,1486,701,3462,544,178,215
473,3312,564,1782,1311,705,3195,482,120,171
535,3868,615,2113,1487,842,3812,573,178,220
462,3457,647,1870,1444,793,3531,556,141,211
420,3170,511,1665,1289,726,3276,457,126,175
359,2560,425,1306,726,500,2425,425,112,104
384,3409,497,1594,720,426,2755,303,108,150
541,3797,644,2027,1348,774,3396,574,160,218
528,3903,649,2142,1646,849,3546,566,148,248
517,4099,626,2102,1619,811,3842,640,166,234
664,3892,661,2071,1404,879,3635,530,152,242
787,3385,596,1871,1245,768,3075,490,154,209
478,2779,364,1278,637,441,2349,306,95,135
441,3102,453,1433,671,470,2490,363,88,157
580,3852,637,1804,1397,759,3282,545,146,247
522,3864,648,1998,1596,869,3622,617,143,227
503,3712,695,1817,1595,872,3491,621,131,191
444,3343,558,1693,1303,761,3121,540,114,184
404,3152,609,1522,1089,710,2895,540,115,148
276,2899,428,1237,630,487,2286,313,74,120
281,2928,398,1277,600,356,2189,312,92,150
408,3571,586,1715,980,570,2932,495,123,185
419,3755,689,1810,1389,797,3072,516,152,257
438,3835,721,1950,1503,822,3302,576,128,207
409,3696,610,1852,1533,762,3232,524,102,201
371,3314,466,1637,1273,825,3067,488,111,169
317,2791,356,1325,716,478,2338,402,103,136
305,2994,342,1300,719,407,2205,372,81,161
422,3820,602,1905,1384,748,3250,546,122,225
468,3982,587,1985,1672,836,4028,598,136,247
436,3477,575,1820,1413,695,3117,524,103,203
396,3453,556,1748,1462,790,3252,528,110,234
389,3048,494,1578,1274,747,2873,479,86,143
272,2626,361,1263,745,492,2486,335,87,125
329,3003,401,1429,700,506,2469,376,120,142
469,4012,622,2013,1497,874,3455,578,122,175
417,3734,599,1852,1503,855,3377,579,135,271
459,3828,590,1942,1566,853,3763,609,131,166
409,3545,580,1726,1414,768,3288,491,139,187
368,3163,508,1511,1268,784,3143,541,108,154
293,2653,338,1372,838,474,2556,378,92,155
294,2788,385,1371,681,457,2437,352,94,169
346,3632,544,1865,1317,791,3721,580,114,225
426,3952,658,2051,1653,896,4098,598,151,197
496,3899,598,2128,1596,873,4468,603,130,215
403,3884,639,1950,1488,927,6062,587,115,219
392,3410,548,1637,1231,816,3928,489,111,201
292,2825,435,1428,714,548,2874,383,85,162
276,3119,456,1534,637,457,2612,364,87,159
430,3499,508,1827,1143,789,3456,492,127,148
459,3856,576,2041,1462,894,3538,564,139,211
428,3893,618,2056,1519,843,3495,595,137,203
406,3880,585,2125,1469,876,3559,562,146,197
375,3754,528,1810,1270,799,3222,517,124,200
349,2841,348,1456,735,542,2576,411,73,132
320,3022,403,1497,732,515,2567,390,100,179
422,3579,566,1883,1327,835,3379,603,141,217
460,3680,626,1784,1433,859,3366,558,167,187
468,3425,667,1876,1506,827,3581,601,147,191
395,3183,587,1869,1465,835,3440,579,123,197
363,2988,513,1502,1177,779,2868,491,104,206
283,2736,429,1270,725,514,2452,359,69,169
280,2995,473,1400,702,450,2394,340,97,146
347,3274,555,1717,1257,722,2833,479,104,208
431,3606,556,1914,1434,806,3263,633,126,206
375,3374,568,1815,1356,788,3175,565,108,248
345,2948,461,1530,1183,695,2710,511,90,181
347,3077,493,1813,1233,747,2926,504,113,151
270,2793,368,1397,756,544,2299,393,87,139
334,3048,401,1447,769,506,2199,351,91,159
407,3419,562,1833,1221,771,2880,540,99,224
422,3388,540,1788,1345,808,2973,552,120,191
361,3279,670,1676,1295,806,3017,538,123,196
467,3302,576,1691,1325,837,2827,511,230,184
377,3087,531,1614,1190,767,2873,488,154,152
265,3259,399,1362,657,511,2332,391,76,161
290,2934,420,1364,597,473,2037,355,106,156
353,3080,543,1513,1098,693,2525,453,99,175
353,3091,626,1659,1424,735,2903,502,140,166
452,3149,562,1727,1452,737,2779,550,126,213
394,3136,591,1741,1319,687,2805,541,132,198
0,0,0,0,0,0,0,0,0,0
247,2540,426,1261,690,479,2029,315,89,121
262,2819,460,1222,626,409,2193,335,112,157
299,3003,897,1389,822,611,2365,368,104,172
402,3401,652,1677,1240,703,2574,460,113,184
320,3201,580,1803,1269,791,2606,516,105,189
371,3626,622,1740,1438,812,2842,568,141,228
341,3415,667,1659,1281,747,2894,497,120,163
291,3019,507,1463,767,518,2459,393,101,169
289,2965,546,1365,689,446,2227,356,94,177
389,3591,666,1608,1247,613,2652,443,152,239
345,3337,713,1798,1337,763,2871,489,162,202
414,3517,749,1874,1415,779,2935,503,129,234
425,3504,1256,1892,1486,760,3018,565,163,259
387,3274,583,1859,1272,711,2807,474,148,203
294,3072,485,1434,808,616,2363,380,99,175
323,3032,503,1535,708,457,2665,343,129,202
365,3734,710,2116,1397,756,2823,471,133,243
356,4165,775,2345,1493,837,3140,519,153,287
385,4537,641,1968,1487,722,3068,560,137,235
390,3928,718,1973,1504,827,3000,560,111,260
370,3442,608,1804,1358,753,2661,514,130,194
267,3269,433,1602,802,612,2637,420,67,178
285,3335,527,1513,816,491,2695,345,111,189
406,3892,693,2045,1498,790,2713,511,131,237
393,3868,659,1942,1546,834,2868,546,141,247
347,3820,685,2023,1468,850,2790,632,132,258
399,4332,734,2301,1668,983,3086,689,146,301
378,4047,648,2025,1486,893,2901,585,126,216
278,3559,524,1683,891,688,2526,462,96,196
289,3769,627,1848,903,563,2545,393,116,212
455,4439,834,2523,1611,875,3262,598,185,335
446,4379,817,2527,1811,884,3333,650,152,299
403,4318,798,2553,1768,904,3933,657,160,309
417,3847,796,2371,1599,919,3338,676,173,283
389,3698,726,2224,1498,861,3060,626,159,246
275,3161,532,1685,921,613,2529,505,96,182
334,3697,577,1768,927,598,2543,466,151,224
442,4149,689,2194,1535,842,2969,532,180,278
429,4246,870,2477,1659,883,3406,627,186,344
483,4453,891,2486,1776,946,3358,738,195,317
424,4270,991,2589,1838,998,3401,697,168,391
418,4066,764,2262,1628,942,3302,720,173,245
312,3014,542,1538,815,566,2295,475,130,177
322,3261,557,1728,873,540,2372,382,130,225
440,4489,956,2448,1693,941,3173,695,187,298
532,4503,937,2689,1958,985,3708,822,193,295
551,4267,1555,2522,1856,989,3390,744,156,264
0,4216,0,0,1839,1031,0,0,161,0
424,3585,656,2202,1593,884,2976,662,161,210
306,2765,416,1372,844,533,2159,428,83,150
313,3388,0,1609,837,560,2191,397,102,203
449,4064,898,2491,1634,878,2994,583,195,254
498,4169,785,2231,1661,887,3105,635,183,257
479,4662,1031,2496,2059,1083,3583,775,163,288
539,4624,979,2587,2003,1088,3527,792,173,293
402,3814,773,2118,1672,822,3285,625,141,235
258,3248,636,1527,947,631,2469,460,99,204
304,3374,763,1685,905,629,2496,433,102,197
452,4579,943,2544,1827,993,3505,677,163,270
498,4904,979,2626,1899,1060,3931,701,172,461
555,5137,1002,2813,2111,1160,3944,794,201,332
480,4657,957,2638,1959,1049,3745,722,160,287
370,4216,767,2251,1722,908,3110,692,154,260
317,3344,553,1662,958,613,2483,464,129,204
322,3856,685,2083,982,603,2760,523,142,264
499,4534,1060,2648,1753,941,3823,706,191,316
506,4844,979,2795,2023,1067,3668,879,228,336
539,5148,939,2908,2122,985,4054,872,196,353
498,4780,1026,2623,2050,1083,4176,795,220,389
433,3921,870,2136,1611,855,3223,598,183,256
353,3274,600,1793,951,642,2521,464,116,241
381,3983,793,2071,963,665,2861,560,161,290
470,5102,1149,2911,1971,1104,3885,808,173,425
544,5243,1150,2765,2051,1107,3882,804,182,724
519,5282,953,2727,1999,1065,3800,771,209,421
624,4862,1072,2821,1995,1114,4083,724,215,422
446,3882,786,2241,1651,915,3057,670,159,311
375,3427,613,1790,1040,718,2640,469,129,223
342,3675,608,1964,947,565,2566,465,140,283
511,4464,930,2628,1859,1074,3517,692,173,352
535,4867,930,2700,1919,1124,3748,732,228,366
511,4166,768,2430,1651,990,3652,623,213,332
420,3991,666,2203,1245,814,3314,548,174,298
319,3392,575,1799,976,732,2721,514,124,257
289,3193,517,1734,881,653,2483,496,142,189
329,3603,644,1869,926,579,2720,432,147,284
566,4904,1023,2688,1903,1069,3791,741,195,411
560,4726,1092,2587,1914,1095,3905,764,205,319
498,4420,1106,2401,2020,1060,4160,701,177,340
516,4490,1187,2576,1990,1075,4066,793,210,359
473,3938,893,2176,1651,996,3521,660,147,266
303,3478,618,1656,930,693,2669,526,137,194
377,3923,757,1945,1013,660,2796,459,152,280
470,4610,1033,2472,1781,994,3687,688,226,337
478,4869,1048,2822,1989,946,3621,712,187,398
520,4667,995,2694,1986,991,3914,741,252,374
484,4405,1025,2361,1973,1029,3608,686,233,329
409,4688,788,2123,1585,926,3279,606,149,307
317,3539,625,1737,891,804,2353,471,147,222
359,4154,767,1793,907,621,2783,433,167,244
502,4777,1044,2708,1601,969,3390,631,229,309
515,4986,1173,2603,1845,1030,3751,631,252,379
462,4408,1023,2303,1690,1079,3544,691,216,341
477,4252,923,2117,1665,1010,4969,666,216,323
400,3510,614,1892,1472,887,3892,566,160,227
257,3020,473,1414,846,512,2345,416,84,164
261,3409,431,1513,773,542,2255,385,111,165
358,4304,602,1984,1530,823,3052,556,143,215
398,3977,732,1924,1701,825,2865,529,127,215
367,3791,628,1967,1428,797,2732,474,122,224
300,3450,475,1718,1327,722,2588,472,115,155
17,194,30,94,59,28,205,26,5,5
0,0,0,0,0,0,0,0,0,0
0,0,0,0,0,0,0,0,0,0
70,1248,132,563,330,240,781,124,41,45
317,3976,446,1814,1213,701,2530,427,101,183
308,4113,502,1820,1410,779,2717,481,82,146
318,3950,420,1958,1332,812,2614,528,115,175
289,3684,385,1777,1176,714,2465,470,111,167
239,3244,394,1427,636,530,1964,351,85,115
199,3030,368,1319,531,418,1828,262,67,121
271,4176,518,1917,935,616,2943,504,109,180
359,4674,576,2295,1599,842,3104,551,136,242
400,4805,606,2482,1841,974,3335,693,156,278
382,4723,687,2467,1942,1003,3535,678,144,329
383,4330,604,2231,1762,903,3280,528,145,240
276,3675,512,1798,1018,618,2818,460,97,211
281,3933,587,1934,990,590,2911,462,125,223
490,5070,790,2566,1957,995,3745,671,157,328
456,4824,1249,2641,2017,1059,3585,700,148,355
483,4879,1040,2786,2146,1038,3829,748,175,332
491,5034,834,2714,2113,1175,3641,654,197,335
482,4158,759,2310,1841,1015,3373,689,161,257
320,3510,563,1761,1028,722,2560,487,91,172
343,3932,563,1964,977,701,2723,463,122,241
420,4505,801,2382,1719,922,3298,697,149,432
469,4896,882,2560,2080,1005,3732,712,155,290
377,4920,584,2348,2342,980,3437,624,143,235
390,4582,806,2423,1904,1013,3432,630,145,272
394,4131,690,2483,1881,1034,3244,585,178,209
349,3650,561,1913,1126,685,2816,489,125,218
313,3954,576,1913,1001,609,2562,454,148,242
478,4875,771,2555,1765,1036,3464,722,202,322
458,4970,835,2795,1896,1140,3600,735,151,318
492,4996,910,2731,1887,1109,3671,800,178,351
490,4802,920,2629,1882,1117,3448,732,163,301
392,4464,796,2384,1731,1050,3381,636,181,272
272,3579,520,1749,1066,722,2546,491,129,213
322,4144,601,2061,1095,661,2784,482,129,251
506,5297,1021,3008,2036,1089,3711,691,201,290
456,5156,823,2664,2088,1111,3446,754,166,337
438,5083,842,2668,2111,1062,3371,748,186,305
446,5958,987,2740,2176,1172,3614,719,197,313
420,4431,727,2278,1894,1082,3074,631,166,246
332,3730,536,1752,1066,800,2535,460,145,248
336,4249,603,1886,1056,658,2653,476,135,252
494,5317,918,2599,2011,1114,3425,699,176,346
522,5301,961,2764,2209,1164,3604,757,207,294
447,5294,935,2619,2081,1080,3583,765,190,318
492,5030,935,2621,2040,1167,3684,711,196,318
389,4531,720,2334,1932,952,3241,614,123,252
302,4190,580,1791,1166,774,2567,538,120,205
365,4365,632,2039,1055,690,2578,484,142,224
494,5257,957,2538,1920,1061,3429,698,212,329
435,5151,836,2593,2027,1132,3329,702,192,273
489,5392,887,2850,2124,1135,3638,708,189,333
462,5311,805,2793,2106,1015,3577,714,191,312
410,6001,798,2540,1813,1016,3387,640,178,303
400,4180,600,1916,1088,705,2340,542,118,205
321,4508,692,2138,1084,684,2742,531,139,226
486,5242,838,2688,1887,1044,3310,812,159,292
499,5721,960,2884,2210,1093,4169,801,189,330
550,5668,980,2775,2342,1155,4200,815,237,353
481,5735,957,2780,2283,1291,4196,830,207,333
418,5016,792,2535,1894,1051,3528,666,176,268
291,4227,655,1937,1119,775,2757,513,108,184
345,4529,707,2148,1117,650,2806,493,154,255
577,5898,1079,2972,2051,1086,3648,806,165,361
589,5864,1070,2952,2210,1177,4036,738,192,351
624,5331,957,2614,2169,1132,3805,779,210,330
601,5189,883,2541,2100,1156,3689,716,203,357
481,4634,789,2339,1801,1043,3648,617,144,273
363,3971,593,1830,1112,755,2697,504,134,196
483,4650,653,2048,1104,699,3176,525,151,306
515,5498,1053,2687,1901,1079,4688,675,182,369
620,5814,868,2525,2152,1167,4160,747,217,310
586,5784,980,2680,2200,1187,4165,761,218,359
505,5454,939,2479,2062,1028,3674,617,163,300
506,5192,754,2341,1828,1074,3546,372,78,275
291,4044,532,1605,1057,695,2865,394,98,196
345,4563,685,1899,1077,690,2920,510,131,213
480,5543,864,2665,2070,1072,3727,737,162,299
430,5787,917,2474,2150,1177,3780,773,202,299
443,4932,881,2457,1908,1004,3444,748,205,317
488,4023,797,2345,1875,1132,3502,772,184,259
423,3451,711,1844,1634,1020,3047,602,147,223
306,3126,518,1479,941,691,2586,508,143,214
348,3176,576,1586,878,688,2394,398,117,215
478,4180,843,2230,1823,1164,3311,638,195,317
480,4498,921,2194,1923,1107,3202,673,210,288
546,4055,820,1972,1802,1091,3428,645,195,288
399,3888,748,1736,1689,954,3349,543,160,259
424,3047,574,1490,1388,788,2628,516,139,180
292,2475,445,1140,731,575,1871,318,96,136
361,3040,636,1372,876,624,2275,421,138,405
521,3971,909,1851,1822,1096,3179,681,191,320
432,3764,897,1939,1941,1031,3109,682,165,287
457,3668,845,1880,2432,1009,3063,613,205,252
504,3330,774,1814,1644,1020,3080,625,179,241
431,5492,610,1644,1632,846,2703,538,147,212
280,7918,497,1357,913,644,2289,373,99,154
268,2831,529,1336,900,507,2334,376,115,163
443,3620,819,1751,1726,902,3005,572,162,252
544,3699,773,1825,2042,1105,3448,573,195,275
536,3421,771,1742,1798,1063,2971,612,158,252
501,3065,679,1650,1629,968,2599,524,153,228
362,2806,574,1479,1184,803,2520,458,133,166
275,2281,455,1237,751,595,1916,376,102,149
327,2770,564,1190,780,553,2272,370,104,146
487,3400,729,1673,1727,928,2807,575,195,227
514,3762,832,1869,1957,1120,3159,605,207,252
455,3525,788,1811,1818,1061,2796,588,176,242
495,3434,786,1749,1702,1051,2826,582,165,244
424,2931,679,1549,1544,849,2498,517,161,208
368,2725,506,1261,988,659,2224,437,146,186
341,2946,622,1385,973,633,2109,436,143,197
537,3733,932,2023,1835,1089,3107,552,193,337
579,3845,832,1996,1936,1129,3228,607,198,298
549,4164,888,2041,1998,1161,3088,621,207,312
480,4124,817,1934,1856,1196,3213,627,221,305
440,3816,706,1816,1681,998,2846,619,183,255
315,2906,517,1371,889,719,2235,456,133,207
398,3465,708,1581,939,649,2314,473,142,240
558,4515,1065,2294,1912,1176,3187,775,244,337
582,4193,937,2282,1829,1136,3406,729,245,327
515,4218,1011,2280,1765,1112,3320,670,230,288
471,4136,965,2291,1808,1024,3395,704,206,291
492,3731,1098,1972,1549,1116,3171,743,179,234
304,2956,693,1455,868,705,2333,468,130,177
386,3501,805,1541,913,674,2528,499,163,242
0,0,0,0,0,0,0,0,0,0
636,4212,949,2197,1944,1001,3286,728,225,317
593,4242,1094,2223,1868,1165,3704,755,207,310
519,4166,991,2223,1862,1173,3716,733,222,274
494,3534,821,2048,1504,980,2974,562,158,275
325,3227,572,1402,783,742,2298,452,130,153
418,3287,672,1397,938,679,2464,461,171,165
635,4349,970,2048,1984,1123,3550,652,247,289
608,4449,949,2207,2329,1194,3512,683,215,327
630,4435,971,2279,2306,1254,3839,795,201,332
611,3776,909,2178,2079,1128,3459,661,207,298
488,3549,752,1985,1747,1063,3241,582,177,271
349,2842,540,1285,1007,714,2300,464,162,148
388,3174,610,1448,911,622,2333,409,159,174
608,4150,918,2127,2058,1120,3365,657,197,289
545,4182,858,2337,2284,1176,3557,716,217,289
599,3861,814,1995,1999,1204,3367,701,192,255
565,4833,799,2082,1851,1128,3266,651,237,236
470,3356,617,1720,1693,951,3151,596,142,198
330,2832,521,1337,858,778,2537,436,110,157
387,3054,599,1446,921,712,2577,502,158,192
492,3934,754,2051,1963,1076,3408,709,228,207
540,3891,869,2118,1988,1153,3569,753,202,250
574,4115,798,2106,2162,1168,3626,721,202,255
472,4007,780,1952,2101,1147,3380,742,173,251
490,3598,680,1783,1682,907,3064,676,187,234
314,3325,464,1413,974,633,2287,514,130,143
362,3763,555,1491,1142,627,2454,488,160,190
433,4344,605,1718,1264,853,3014,625,167,204
467,4714,842,2109,2040,1097,3485,756,190,302
451,4707,753,1983,2138,1163,3635,654,174,255
551,4467,789,1965,1993,1141,3460,673,179,248
491,4025,688,1732,1734,978,2911,608,157,169
362,3494,503,1543,1095,749,2560,490,140,194
402,3928,517,1543,1051,673,2600,427,184,186
482,4189,756,1819,1829,949,2932,723,182,261
581,4957,748,2199,2356,1150,3369,748,210,254
495,4411,723,1896,2192,1040,3215,687,188,235
470,4385,742,1923,2051,1118,3961,700,203,225
454,4045,641,1874,1882,1038,3029,621,172,192
321,3430,484,1474,1069,743,2490,491,128,169
384,3612,483,1471,992,659,2387,528,159,157
491,4447,823,2141,1974,1112,3333,690,234,245
493,4478,950,2288,2259,1237,3442,721,244,289
529,4531,869,2057,2244,1201,3389,737,236,290
505,4555,819,2188,2168,1172,3530,710,208,265
437,4060,702,1817,1745,992,2951,574,165,201
334,3753,502,1583,1035,795,2293,444,146,189
394,3883,520,1612,1059,630,2477,443,173,205
588,4606,797,2180,2149,1087,3256,711,208,253
583,4747,766,2261,2340,1214,3445,761,207,219
492,4400,785,2239,2086,1143,3488,695,183,224
517,4279,805,2128,2071,1043,3210,712,204,231
425,3895,688,1687,1806,929,2857,562,163,186
320,3546,588,1572,1073,676,2350,452,118,167
346,3720,607,1639,1003,638,2265,420,142,214
480,4539,813,2015,2110,1005,3017,667,177,268
488,4715,884,2034,2225,1111,3084,722,207,284
426,4468,702,2151,2112,1024,3034,703,159,267
382,4489,756,1886,2023,993,2861,666,183,286
352,3950,659,1617,1715,987,2662,577,157,178
290,3548,542,1324,996,666,2190,462,128,146
299,3797,577,1479,999,617,2391,387,145,164
425,4342,710,1978,1751,927,2961,598,184,281
468,4473,802,1883,1979,986,2853,619,146,277
361,4323,808,1814,1486,936,2779,607,149,250
426,4470,964,1873,1902,996,2865,566,174,259
400,4204,883,1651,1625,940,2596,508,133,188
262,3864,769,1459,987,632,2214,383,104,152
314,3845,679,1506,902,570,2226,411,94,190
515,4897,987,1942,1665,1026,3015,669,176,249
460,4643,886,1958,1714,1082,3248,695,138,258
470,4535,821,2027,1649,960,3038,659,138,261
486,4328,809,1843,1596,1016,2846,630,149,227
398,4175,689,1722,1391,921,2588,555,155,244
334,3763,611,1434,884,682,2323,486,113,160
297,3919,699,1475,975,516,2247,422,103,177
480,4516,952,1979,1888,942,2862,643,185,238
485,4543,886,2078,2138,997,3052,672,215,283
463,5957,944,2021,2047,1072,3140,702,155,244
489,4188,924,1937,1652,1000,3014,693,161,216
413,3894,805,1760,1484,951,3009,611,148,185
307,3325,561,1356,940,693,2239,440,101,167
338,3476,628,1425,741,511,2217,395,89,177
428,4327,875,2060,1626,987,3106,632,186,184
458,4223,887,2269,1815,1063,3131,714,158,255
460,4478,930,2072,1757,1028,3544,731,161,242
492,4015,816,2040,1618,1147,3660,702,176,191
422,3712,824,1804,1508,990,3747,703,193,189
307,3125,582,1731,880,632,2991,439,141,172
350,3543,668,1825,830,591,3205,407,101,181
476,4140,838,2119,1514,996,3555,621,153,212
452,3985,865,2064,1796,1025,3141,660,164,194
417,4062,784,2143,1551,1008,3030,736,181,222
454,3902,667,2640,1511,915,3077,642,147,178
374,3574,705,1728,1354,945,2892,550,136,174
253,3124,576,1332,770,666,2069,452,115,137
282,3374,661,1337,804,568,2229,424,117,170
383,3673,648,1622,1515,848,2612,602,148,175
374,4048,775,1744,1958,1058,2941,681,133,276
429,4164,780,1808,2117,1042,2994,735,140,194
396,3958,767,1747,1965,1058,2947,705,159,209
366,3688,595,1571,1586,912,2559,573,126,147
288,3126,546,1252,1053,737,2273,485,107,147
297,3394,594,1298,875,587,2151,451,96,174
409,4299,779,1715,1585,971,2942,662,125,179
477,4357,751,1883,1780,1114,3431,760,148,229
439,4178,688,1685,1535,952,2773,613,138,233
401,4091,766,1686,1657,916,2836,621,135,196
429,5154,611,1587,1461,936,2927,654,151,175
287,3390,493,1285,783,609,2208,470,100,126
287,3343,504,1256,793,549,1948,379,99,155
400,4053,667,1714,1617,939,2616,626,121,189
401,4211,736,1920,1793,1070,2699,643,159,193
431,4730,737,2115,2091,1186,2892,693,169,261
532,4407,844,1913,2189,1133,2691,722,176,285
399,3911,709,1780,1763,972,2514,604,151,209
298,3413,496,1416,983,705,2074,461,113,188
314,3430,616,1410,961,588,2044,470,118,193
464,4462,866,1991,1995,1034,2754,707,154,174
465,4503,948,2140,2135,1140,3000,891,133,186
439,4407,907,2088,2195,1184,3022,865,164,226
462,4300,968,2021,2161,1113,3011,791,168,250
382,3802,645,1710,1850,1035,2707,680,168,195
292,3218,572,1472,1076,707,1996,518,118,178
318,3641,591,1488,1013,658,2014,456,157,200
394,4449,790,1763,1420,867,2550,606,154,236
420,4560,884,2042,2091,1122,2981,729,172,288
460,4645,861,2008,2344,1125,2775,806,163,231
455,4429,935,2160,2292,1099,2780,770,159,273
400,4456,891,1824,2104,1099,3553,699,157,207
370,3752,726,1521,1166,795,2580,627,125,198
376,4034,710,1668,1114,720,2345,504,138,226
449,4833,1058,2243,2075,1140,3131,796,159,299
496,5233,1056,2263,2506,1296,3411,892,184,299
480,4977,994,2271,2386,1131,2893,828,214,274
499,4610,943,2114,2321,1151,3065,911,224,316
415,4153,825,1935,2015,1146,2711,731,208,199
300,3492,533,1448,1117,875,2092,580,102,180
352,3850,710,1594,1172,685,2246,533,146,255
436,5021,908,2275,2185,1151,2908,803,186,278
486,5031,982,2285,2537,1325,2943,841,213,319
528,4698,995,2236,2458,1251,3203,791,205,283
443,4668,944,2221,2318,1216,3033,800,202,289
457,4394,877,1962,2030,1104,2850,757,171,264
312,3514,570,1464,1153,788,2133,506,122,172
341,4057,657,1669,1174,709,2392,559,155,214
476,5728,979,2340,2396,1248,3348,826,219,324
494,5256,976,2281,2359,1242,3156,838,213,315
456,5098,991,2258,2470,1330,3299,804,239,274
463,4975,1011,2199,2379,1273,3328,871,206,227
367,4243,934,1903,2034,1198,2938,708,163,211
307,3488,1504,1620,1137,836,2154,544,126,197
368,4238,954,1777,1214,761,2463,587,151,228
475,5071,1156,2264,2173,1216,3091,804,193,280
416,5141,1161,2348,2531,1402,3396,980,216,298
470,5242,1149,2495,2382,1493,3515,933,234,316
454,4898,1016,2296,2413,1339,3821,861,211,254
429,4421,1011,2126,1994,1210,3927,720,139,259
294,3790,847,1635,1268,913,2310,597,158,216
398,3999,724,1745,1191,774,2380,559,155,266
557,5208,1051,2359,2194,1274,3236,880,208,369
500,5541,1132,2503,2472,1416,3370,979,217,319
555,5066,1201,2456,2396,1389,3258,842,222,285
558,4976,1072,2496,2345,1364,3212,945,221,305
446,4279,887,1993,2071,1207,2796,766,199,288
337,3674,710,1597,1193,910,2332,544,165,214
377,4227,784,1687,1219,847,2496,620,173,265
549,5979,1244,2459,2288,1300,3729,804,240,323
512,5341,1150,2489,2501,1427,3243,831,224,399
495,5048,1093,2445,2468,1379,3319,885,252,332
524,4862,1163,2377,2551,1458,3189,762,309,299
449,4472,900,2237,2198,1236,3118,782,190,305
263,3679,655,1638,1241,872,2279,513,121,192
348,4109,860,1968,1247,824,2532,548,169,247
460,5251,1184,2408,2464,1340,3132,755,199,281
517,5292,1396,2583,2763,1472,3422,850,240,347
527,4904,1124,2710,2587,1372,3333,784,239,303
532,4889,1109,2222,2415,1371,3234,730,227,305
384,4091,808,1894,2035,1120,2716,669,159,241
281,3575,590,1557,1231,933,2226,558,123,188
308,3666,671,1682,1120,831,2196,507,160,207
397,6657,1105,2221,2168,1297,3018,750,211,285
455,5108,1044,2160,2234,1397,3179,840,236,294
564,4943,1059,2162,2337,1426,3282,811,219,294
488,4761,950,2066,2226,1319,3047,798,206,267
466,4260,871,1905,2045,1163,2671,657,207,265
391,3563,623,1592,1268,880,2244,559,156,208
452,4130,864,1876,1276,886,2687,594,172,253
590,5273,1220,2607,2362,1354,3533,810,219,364
580,5235,1209,2660,2366,1530,3534,974,257,392
509,4762,1091,2357,2196,1424,3429,807,240,385
520,5204,1164,2450,2383,1563,3647,877,203,417
543,4589,1026,2099,1983,1364,3161,715,190,315
458,3789,694,1804,1274,1034,2576,602,161,207
384,3906,850,1870,1180,870,2788,514,201,273
550,5267,1189,2629,2133,1438,3825,780,243,319
551,4652,1099,2567,2340,1317,3598,801,271,353
529,5258,1374,2578,2460,1521,4021,873,248,380
556,4790,1021,2615,2397,1448,3658,732,279,369
458,4024,871,1964,1989,1369,3084,701,199,259
337,3521,650,1628,1219,1038,2401,496,165,237
387,4020,829,1867,1162,896,2640,519,186,288
479,5175,1079,2366,2196,1423,3470,842,194,386
501,4990,1130,2392,2247,1505,3604,774,205,392
515,4517,1066,2235,2093,1352,3547,693,194,316
392,4181,819,2057,1516,1292,3112,627,121,275
345,3915,748,1699,1381,1082,2805,667,156,215
343,3621,674,1482,1133,867,2332,540,142,172
365,4158,758,1695,1093,862,2495,540,181,246
515,5396,1228,2454,2267,1446,3534,798,202,382
544,5612,1257,2652,2602,1616,3870,838,251,364
537,5326,1181,2437,2408,1719,3767,821,225,329
583,5234,1164,2233,2398,1536,3654,807,225,323
519,4565,1030,1983,2071,1530,3328,629,223,278
342,4058,1037,1637,1338,1059,2811,529,153,205
382,4559,1022,1758,1206,893,2783,472,161,228
489,5454,1246,2389,2230,1484,3590,761,268,265
614,5749,1298,2327,2367,1580,3741,760,281,332
535,6157,1441,2675,2796,1912,4086,766,277,361
591,5288,1406,2431,2354,1625,3643,666,247,349
537,4592,952,2001,1979,1330,3142,618,224,275
322,3948,771,1701,1168,982,2705,530,179,186
398,4522,858,1754,1086,904,2646,520,183,230
481,5777,1255,2271,2136,1427,3744,758,288,323
536,5721,1205,2376,2263,1502,3610,763,240,312
518,5552,1186,2320,2247,1430,3385,680,259,275
542,5404,1155,2114,2026,1366,3324,801,199,331
380,4893,793,1928,1428,1269,2955,606,155,251
343,4259,597,1392,963,863,2376,538,150,190
312,4547,721,1500,926,801,2497,438,146,213
448,5891,865,2098,1599,1257,3170,714,203,260
416,5799,907,1946,1577,1356,3288,705,179,278
453,5606,872,1877,1622,1345,2961,642,146,202
416,5381,703,1835,1564,1160,2723,618,153,192
321,4352,574,1399,1263,1001,2498,546,128,179
241,4131,427,1334,835,748,2062,405,116,132
222,4407,446,1235,668,607,2042,284,95,137
238,4431,429,1214,834,712,2091,453,73,124
226,3963,376,1030,679,612,1864,344,70,104
272,5172,518,1399,1140,927,2360,415,98,148
346,5895,540,1646,1275,1021,2587,516,98,201
346,5887,532,1692,1203,1050,2606,483,99,157
311,4990,464,1499,888,810,2078,393,116,153
320,4976,442,1496,693,666,2054,356,97,154
315,5046,517,1503,958,849,1989,386,114,154
246,4659,478,1271,911,602,2199,377,91,143
402,6398,699,1991,1577,1168,2886,612,136,215
396,7397,737,2058,1716,1257,2840,653,147,256
395,6274,744,1971,1618,1356,2742,569,158,216
339,5673,546,1606,1017,935,2333,482,121,197
331,5608,612,1644,954,859,2539,507,126,198
452,6567,902,2293,1837,1502,3411,631,185,254
475,6656,839,2456,2078,1503,3267,745,196,246
530,6725,921,2543,1994,1626,3304,739,172,346
580,6366,972,2328,1952,1505,3268,730,181,321
479,6067,845,2013,1718,1358,2821,705,174,253
343,5025,649,1712,1058,989,2410,475,200,200
290,5457,746,1756,1203,837,2513,471,145,288
482,6682,1073,2206,2040,1387,3346,696,265,351
520,6891,1035,2542,2035,1649,3409,747,193,273
556,7078,1180,2514,2140,1626,3559,781,249,321
519,6624,1017,2340,2125,1625,3526,887,243,345
415,6141,886,2155,1837,1517,3158,743,183,267
331,5087,720,1644,1176,1053,2533,590,130,198
324,5609,804,1767,1175,967,2708,594,134,238
439,6898,1090,2513,1997,1602,3424,749,189,323
511,7300,1103,2371,2212,1690,3541,861,222,317
460,7251,1142,2505,2230,1696,3573,935,208,322
446,6595,1070,2466,2030,1674,3287,733,231,297
471,5764,1043,2085,1796,1550,2992,789,218,254
363,4891,909,1712,1201,1148,2348,495,126,171
311,5610,936,1944,1136,993,2706,455,187,254
476,6896,1209,2471,1996,1635,3377,708,232,346
463,7013,1254,2683,2106,1744,3554,732,224,345
551,6853,1238,2460,2179,1772,3600,823,240,326
443,6319,1117,2320,2075,1706,3455,894,206,298
480,5556,1086,2155,1849,1519,3217,821,173,281
318,4767,738,1615,1236,1110,2438,617,145,195
334,5151,745,1890,1252,874,2735,595,172,246
465,6839,1201,2608,2257,1572,3600,867,220,377
499,6751,1205,2558,2307,1686,3557,1112,266,330
473,6468,1226,2432,2274,1783,3464,953,246,316
521,6234,1332,2598,2214,1833,3548,810,237,306
444,5254,1208,2137,1924,1550,3072,710,192,260
316,4738,1621,1610,1228,1084,2348,669,134,210
363,4927,1273,1910,1153,1045,2713,565,158,233
458,6194,1372,2439,2136,1699,3560,875,229,325
499,6406,1305,2585,2298,1848,3472,872,246,338
536,6285,1121,2543,2279,1827,3400,889,229,314
499,5891,1062,2291,2133,1810,3479,797,236,305
492,7697,999,2124,1836,1623,3000,701,174,251
277,4643,714,1790,1329,1083,2597,633,126,217
338,5250,900,1881,1203,1009,2738,591,191,248
467,6228,1109,2469,2190,1588,3477,890,261,343
522,6878,1277,2648,2399,1840,3818,973,261,374
473,6182,1332,2730,2440,1861,3691,978,233,333
566,5903,1204,2494,2351,1871,3563,864,235,334
436,5228,1019,2106,2043,1704,3270,778,170,239
332,4527,841,1905,1352,1251,2585,615,155,203
377,4998,995,1981,1309,1139,2663,619,154,256
508,6168,1360,2726,2599,1825,3565,872,285,324
520,6431,1333,2758,2515,1951,3762,973,257,382
518,6529,1411,2694,2495,1807,3781,925,279,326
532,5908,1312,2604,2282,1760,3752,956,246,370
551,5357,1096,2255,2043,1552,3201,805,159,308
307,4498,723,1925,1368,1089,2514,604,166,212
370,4991,886,2009,1352,1052,2749,634,185,270
538,6247,2004,2769,2368,1794,3705,883,245,356
529,6032,1505,2662,2407,1864,3795,1046,292,357
523,6073,1341,2701,2330,1788,3656,908,259,353
611,5820,1339,2598,2452,1791,3989,928,274,335
524,4960,1106,2326,2093,1681,3267,866,249,285
359,4334,854,1867,1303,1177,2606,642,162,262
347,4813,1023,1748,1163,1071,2747,626,178,238
533,6054,1332,2291,2263,1792,3612,896,246,349
548,6047,1409,2331,2389,1856,3600,969,309,363
558,5789,1310,2203,2374,1796,3587,911,254,336
502,6491,1221,2172,2360,2062,3557,1028,213,407
510,5029,1054,1900,1912,1646,3321,830,206,287
334,5174,819,1493,1265,1259,2771,657,133,210
516,4624,871,1710,1204,1106,2794,578,239,219
599,6056,1208,2298,2273,1809,4079,877,259,330
534,5843,1271,2292,2345,1902,4054,941,240,356
579,5714,1312,2203,2373,1903,3913,936,264,359
599,5313,1218,2150,2252,1731,3757,879,195,334
464,4737,1090,1898,1832,1561,3324,734,185,279
370,4017,791,1572,1289,1241,3157,582,180,204
424,4566,889,1642,1179,1021,3325,638,195,234
565,5633,1283,1948,2186,1728,4364,957,283,307
586,5448,1272,2049,2246,1779,4498,859,254,277
610,5091,1208,2031,2125,1715,4246,814,243,296
554,5031,1100,1894,2172,1513,4179,778,226,229
441,4443,822,1567,1589,1444,4439,680,277,222
358,3664,681,1288,1075,1093,3390,540,138,182
324,4205,733,1354,1031,791,3588,514,165,191
547,5274,1038,1738,1860,1760,4262,737,282,289
654,5535,1143,1935,2078,1780,4596,994,238,314
579,5916,1213,3687,2119,1843,4770,849,285,314
528,5662,1199,3299,2007,1720,4167,792,222,327
517,4223,1101,2462,1760,1423,3419,730,184,251
330,3244,781,2043,979,1124,3160,585,229,213
365,3706,981,2122,1087,998,3318,597,193,249
567,4877,1360,2444,1935,1686,4453,858,291,318
644,4608,1299,2592,2178,1736,4562,858,268,302
529,4260,1509,2343,1989,1703,4193,772,241,333
545,4217,1332,2568,1991,1719,4503,820,286,376
481,3548,992,1989,1692,1478,3736,655,262,274
336,2986,811,1771,1134,1042,2979,606,170,240
423,3358,911,1847,1058,1011,3093,582,255,467
773,4728,1283,2358,1908,1632,4058,862,231,426
697,4631,1376,2437,2066,1792,4350,778,268,524
716,4342,1363,2306,2003,1632,4248,855,276,1130
576,3997,1342,2139,1927,1408,4439,905,293,983
492,3770,1130,2158,1661,1255,4492,673,218,396
357,2999,702,1649,1071,765,2852,526,169,305
444,3474,993,2023,1149,242,3103,638,226,277
550,4482,1346,2300,1925,310,4225,785,252,413
569,4250,1247,2312,2046,385,4302,842,234,619
614,4474,1315,2194,2041,347,4456,874,330,474
595,4179,1355,2174,1886,352,4394,856,294,436
476,3721,1052,1870,1599,293,3770,686,200,262
357,3097,771,1440,1051,228,2830,554,206,293
384,3599,1021,1594,1129,196,3093,558,213,323
589,4560,1378,2249,1919,320,4427,811,322,348
633,4239,1299,2185,1972,369,4200,875,234,374
607,3943,1312,2126,1779,315,3946,777,242,252
547,4005,1298,2171,1875,283,4099,766,241,403
483,3711,1080,1925,1588,324,3721,768,206,323
378,2981,762,1506,1088,233,2765,551,168,180
475,3259,931,1458,951,221,2999,548,191,243
599,4059,1329,1930,1733,364,3888,788,243,522
635,4048,1328,2088,1885,362,4159,834,270,274
595,4336,1384,2266,2033,380,4159,796,263,467
470,3971,1248,1996,1787,266,3957,797,209,401
521,3552,996,1761,1699,276,3584,727,207,272
326,2959,727,1366,962,188,2522,537,160,225
423,3198,801,1563,996,193,2773,535,173,269
601,4130,1354,2057,1965,272,3939,771,239,300
633,4336,1197,2212,2109,606,4249,813,261,322
525,4146,1140,2096,2001,1509,4081,777,242,302
562,4136,1420,2276,2008,1583,4466,807,275,288
498,3275,970,1751,1745,1532,3998,668,250,283
340,2825,612,1485,1054,1013,2657,538,176,190
361,3029,773,1595,883,867,2826,545,160,208
540,3791,1334,1865,1412,1332,3615,683,247,337
533,4095,1063,1991,1772,1694,4037,824,251,288
657,3835,1101,1928,1591,1527,3910,793,262,268
591,3886,993,1858,1744,1654,3790,855,223,267
448,3364,789,1625,1404,1398,3580,737,210,199
331,2690,631,1205,801,1063,2529,481,140,157
380,2818,595,1352,726,823,2494,430,183,154
452,3697,802,1599,1195,1245,3301,603,175,236
556,4039,1064,1910,1704,1528,4266,726,218,259
668,3911,1053,1919,1804,1564,4299,853,259,255
526,3807,1093,1798,1591,1539,4047,830,252,296
568,3360,827,1613,1447,1400,3803,682,237,216
401,2780,597,1207,839,916,3999,484,190,176
399,3129,782,1435,861,895,4029,476,191,191
547,4242,1189,1946,1654,1545,5010,715,246,486
564,3816,1084,2166,1719,1548,5086,775,208,283
494,3858,1027,2108,1781,1597,5326,758,234,354
533,3777,1105,1901,1720,1657,5388,716,265,464
527,3236,869,1706,1458,1523,4225,675,272,241
351,2709,605,1301,836,997,3025,514,158,166
365,3125,714,1525,894,857,3006,525,157,219
508,3815,1093,2059,1721,1627,4687,784,233,317
667,3754,1007,1930,1925,1714,4515,806,238,395
639,3911,974,2156,1909,1811,5254,795,233,333
598,3584,892,1973,1701,1629,4431,708,233,248
500,3348,789,1891,1468,1473,4142,707,190,257
570,3109,631,1432,980,1058,2855,533,171,178
369,3292,701,1586,930,864,2935,525,147,190
528,3799,1173,1976,1919,1607,4190,789,192,262
483,3817,1121,2042,1923,1626,7795,799,218,240
463,3868,979,2036,1856,1582,4478,754,209,269
553,3513,1011,2105,1876,1598,4375,760,237,232
374,3142,910,1612,1612,1491,3829,643,182,208
305,2684,611,1493,1091,1092,2990,508,133,165
310,2857,635,1593,886,1012,2919,446,118,178
468,3591,1266,2017,1740,1506,5569,724,180,215
482,3871,991,2076,1868,1783,6778,792,230,265
496,3632,934,1875,1859,1648,4640,838,220,251
432,3763,1024,1998,1785,1745,5170,788,185,239
360,3238,907,1620,1399,1471,3816,631,148,201
237,2584,659,1328,946,1024,2852,494,92,157
282,2837,649,1265,835,850,2893,457,129,167
408,3770,824,1918,1586,1477,3852,745,152,221
508,3815,951,1954,1704,1571,3983,756,237,291
416,3790,968,1837,1709,1553,3835,695,161,229
395,3079,778,1631,1224,1234,3027,583,160,197
337,3019,767,1453,1265,1088,2899,503,134,160
472,2593,604,1346,890,932,2455,472,120,116
329,2965,666,1312,879,912,2411,500,138,186
444,3671,837,1692,1625,1464,3506,677,174,194
429,3684,880,1938,1867,1561,3787,730,182,240
504,3620,767,1801,1794,1538,3913,673,194,241
440,3444,704,1838,1699,1536,3263,737,141,241
398,3097,671,1605,1481,1341,2750,679,148,164
272,2458,525,1160,846,974,2310,460,95,152
324,2785,537,1247,701,790,2408,368,104,166
441,3592,833,1785,1488,1330,3740,739,200,176
417,3652,821,1766,1673,1447,3627,764,165,216
417,3550,796,1796,1576,1444,3455,797,195,214
444,3507,810,1786,1503,1423,3268,678,183,188
338,3008,720,1548,1283,1234,2915,659,169,146
241,2722,527,1289,821,911,2187,516,83,147
331,3141,645,1409,792,699,2223,433,139,149
421,3699,807,1740,1553,1320,3412,678,186,224
0,0,0,0,0,0,0,0,0,0
156,1162,272,556,651,466,1741,296,58,72
320,3019,722,1559,1342,1246,3196,673,157,178
313,2777,637,1341,1195,1134,3526,599,132,131
322,2274,530,1124,696,904,2873,418,78,159
261,2383,556,1165,739,676,3424,399,90,143
357,3300,704,1642,1407,1208,4230,614,159,171
393,2771,727,1491,1470,1271,3773,621,121,172
437,2686,713,1489,1449,1212,3105,681,123,170
332,2768,684,1548,1314,1167,2857,626,127,194
331,2529,883,1419,1296,1111,2782,598,132,152
246,2113,722,1167,779,822,2159,420,94,144
259,2285,687,1168,739,712,2032,456,90,122
352,2828,855,1459,1356,1069,2709,629,132,188
420,2684,843,1588,1376,1196,2803,632,148,185
383,2628,799,1767,1617,1175,2910,695,137,155
369,2430,748,1457,1406,1110,2836,579,146,159
355,2577,657,1322,1229,932,2438,532,139,129
243,2463,716,1120,776,585,2036,417,86,123
299,2763,1729,1148,814,511,2140,418,98,149
424,3253,1574,1569,1531,790,2840,573,159,205
388,3408,881,1764,1599,989,3157,689,156,172
398,3181,811,1512,1705,922,2909,640,148,202
497,2959,760,1520,1454,780,2799,540,146,160
381,2861,663,1380,1375,827,2518,593,149,189
319,2565,486,1111,922,532,2013,487,104,161
309,2700,537,1070,821,440,2170,403,98,148
396,3229,720,1547,1454,942,2710,580,167,209
461,2689,689,1308,1418,950,2609,574,122,172
382,2819,683,1371,1405,922,2467,850,158,149
441,2889,681,1371,1399,943,2592,610,152,189
355,2656,733,1314,1130,780,2548,522,134,187
246,2170,597,989,768,609,1994,419,70,108
265,2391,528,1006,761,493,1913,400,88,130
378,2993,650,1324,1341,802,2468,575,155,163
406,3153,705,1437,1463,906,2596,647,190,165
404,2984,761,1448,1380,911,2756,573,159,192
417,3136,734,1408,1356,961,2671,540,166,142
354,2926,667,1319,1172,814,2394,555,140,167
250,2441,467,947,694,609,1843,406,82,104
287,2559,477,897,683,512,1856,369,97,141
343,2946,658,1326,1119,832,2285,462,113,152
366,3103,754,1432,1431,884,2630,511,113,166
409,3305,805,1620,1568,1036,2721,659,155,191
390,3220,778,1390,1400,955,2684,637,148,165
390,2930,722,1272,1273,916,2285,569,155,156
262,2448,529,1083,761,711,1719,415,93,119
320,2808,624,1140,777,578,1965,368,152,218
417,3256,910,1562,1605,935,2542,525,200,162
392,4239,892,1575,1678,1132,2782,659,158,169
446,3493,887,1578,1813,979,2755,598,197,173
445,3562,940,1561,1752,1152,2805,647,165,217
485,3798,851,1493,1495,949,2749,508,161,188
269,3291,580,1235,930,688,2224,445,88,125
295,2848,667,1245,838,581,2122,410,149,169
425,3592,826,1585,1717,1038,2668,532,209,198
409,3570,809,1591,1813,1104,2767,562,184,209
432,3562,889,1588,1894,1097,2880,639,160,216
408,3388,919,1591,1743,1060,2630,536,130,164
398,3259,804,1514,1607,963,2525,606,142,171
249,2654,509,1146,881,692,2019,382,113,138
307,2907,622,1263,969,667,2102,381,117,150
395,3587,843,1574,1706,1094,2672,585,173,190
471,3676,1007,1578,1873,1171,2775,665,168,214
433,3644,814,1702,1757,1232,2780,575,173,204
418,3327,943,1634,1727,1054,2808,581,164,202
370,3015,892,1441,1547,979,2309,573,149,149
250,2590,568,1038,904,748,1809,401,106,169
336,2846,620,1181,877,624,2028,432,155,191
395,3564,909,1640,1813,1099,2727,627,186,255
454,3820,1019,1700,1984,1269,2841,747,189,242
421,3738,931,1709,1998,1289,2968,686,202,266
398,3694,1014,1594,1786,1250,2672,694,195,229
371,3450,826,1460,1352,1109,2159,558,178,189
256,2852,671,1215,838,788,1654,498,127,169
298,3125,728,1268,855,749,1725,473,169,220
376,3841,1027,1943,1519,1106,2284,696,184,254
359,3730,1003,1664,1575,1189,2764,700,167,247
425,3738,965,1673,1702,1130,2550,688,173,232
386,3487,929,1629,1802,1160,2398,745,250,246
336,3166,813,1437,1600,1021,2090,461,171,216
278,2538,569,1173,935,696,1728,398,132,136
294,2718,669,1215,790,654,1664,374,138,197
412,3308,1031,1408,1346,962,2168,607,199,200
462,3412,976,1564,1561,1086,2454,596,189,244
416,3426,960,1591,1538,1149,2398,619,216,252
407,3600,931,1560,1427,1136,2291,577,169,263
388,3242,827,1386,1327,1151,2184,575,161,194
264,2675,577,1224,852,781,1721,431,115,138
304,2826,618,1321,901,723,1795,435,143,207
411,3631,952,1700,1439,1230,2507,634,153,245
410,3827,1091,1725,1541,1164,2485,684,167,286
452,3560,1049,1800,1522,1242,2658,696,177,264
426,3478,1050,1695,1464,1191,2394,596,200,248
458,3109,875,1441,1262,1021,2384,600,193,216
324,2681,619,1197,817,811,2149,462,139,144
316,3022,630,1206,858,736,2042,446,154,199
404,3611,975,1439,1466,1101,2751,596,165,244
466,3802,1069,1662,1503,1249,2836,678,200,255
499,3594,959,1481,1391,1099,2854,594,206,222
426,3286,957,1452,1325,1070,2584,697,180,200
324,2870,834,1322,1093,954,2195,532,144,165
289,2516,655,1045,738,710,1762,426,117,164
319,2552,671,1230,744,691,1980,347,125,849
452,3410,1097,1554,1324,1176,2657,561,187,231
484,3328,1054,1654,1376,1234,2769,525,173,233
507,3607,1050,1675,1432,1206,3042,619,186,261
489,3405,1078,1608,1459,1245,2924,477,193,295
415,2946,742,1416,1228,1134,2494,617,186,277
358,2493,557,1061,879,921,1991,441,123,146
366,2974,614,1207,941,884,2043,466,154,408
492,4444,862,1698,1576,1298,3016,702,198,328
532,4655,1137,1948,1731,1421,3241,644,233,254
581,5020,1012,2040,1779,1453,3199,716,211,277
540,4468,1035,1936,1587,1446,2991,648,196,278
568,4119,858,1777,1490,1325,2922,670,178,192
533,3505,683,1315,1015,1025,2335,506,174,167
445,3783,866,1412,891,902,2306,541,168,201
552,4896,1131,2051,1604,1426,3236,690,215,255
570,4570,1135,1984,1416,1471,2936,715,234,270
475,4406,1154,1849,1357,1419,2790,632,202,269
418,4296,1089,1754,1294,1481,2757,615,178,258
412,3777,917,1666,1246,1393,2421,559,171,217
267,2775,641,1254,788,1004,1935,404,143,124
316,2474,642,1476,747,877,2000,354,138,174
379,3358,1062,1749,1444,1426,2639,483,167,221
409,3330,999,1566,1326,1472,2910,494,196,244
414,3045,909,1548,1348,1430,2646,561,150,235
344,2630,730,1402,957,1303,2472,499,139,178
293,2345,715,1187,991,1051,2077,380,112,150
272,2216,609,1007,726,882,1823,360,134,156
307,2523,864,1130,714,785,2005,368,166,167
415,3449,1263,1788,1305,1178,3051,539,198,248
502,3511,1159,2208,1334,1242,3332,540,195,230
506,3731,1179,2414,1451,1352,3301,663,227,262
567,3302,1169,2653,1330,1298,3113,651,240,288
546,3015,1040,2087,1266,1201,2542,484,198,222
305,2526,783,1836,805,918,2266,420,137,172
309,2886,893,1955,793,777,2297,351,173,186
484,3704,1187,2478,1311,1340,2989,514,218,269
594,3565,1185,2500,1395,1295,3044,559,223,298
501,3450,1106,2318,1316,1264,2900,525,213,267
527,2725,966,1802,1128,1019,2417,522,197,222
373,2374,785,1577,985,880,2285,439,154,191
302,1951,542,1204,578,601,1666,315,141,135
326,2203,563,1275,608,600,2103,264,133,157
412,2623,834,1818,1054,960,2528,437,182,205
388,2520,770,1628,1069,967,2614,420,146,186
397,2643,797,1616,1023,1005,2323,423,164,212
412,2332,716,1602,978,894,2431,432,122,162
291,2054,528,1243,862,782,1910,376,82,113
229,1853,320,927,472,503,1595,237,92,97
220,1969,336,1015,412,419,1540,216,76,95
281,2169,460,1153,721,707,1886,311,86,127
249,1970,351,992,620,641,1701,299,59,109
208,1706,292,804,389,384,1264,192,52,66
276,2060,405,1082,607,505,1633,332,88,81
262,2438,436,1193,655,702,1779,338,98,95
247,2288,350,1013,466,515,1695,243,104,129
205,2194,435,1005,520,463,1606,230,81,106
282,2585,415,1193,798,743,2457,398,90,127
260,2242,421,1062,671,676,1795,323,98,93
193,1995,300,1020,467,476,1439,243,58,88
302,2665,510,1520,854,807,2125,342,110,111
273,2797,571,1446,852,869,2138,389,129,115
241,2420,471,1243,575,624,1789,308,96,122
58,594,111,191,88,92,314,51,26,17
0,0,0,0,0,0,0,0,0,0
467,3405,736,2132,1283,1192,2745,526,164,220
526,3277,752,2020,1272,1086,2628,500,122,187
450,3067,763,2043,1199,1141,2517,485,119,173
458,2754,774,1851,1207,1125,2648,481,133,192
