en-Common_cold,en-Human_flu,en-Influenza,en-Influenza-like_illness,en-Influenza_A_virus,en-Influenza_A_virus_subtype_H1N1,en-Influenzavirus_A,en-Influenzavirus_C,en-Oseltamivir,en-Zanamivir
3454,45,7028,101,381,1083,134,54,423,95
4027,49,4968,107,353,1242,113,60,515,143
5233,79,6957,194,628,1537,167,64,632,201
5482,90,7044,187,825,1518,189,75,637,196
5024,85,6979,199,780,1535,203,66,603,186
4524,66,6518,192,666,1414,166,56,638,167
4105,52,5265,130,581,1312,137,60,611,162
3518,64,4538,122,488,921,98,50,482,118
3785,57,5346,138,407,886,107,46,484,107
4930,76,6494,176,654,1152,170,52,682,160
5248,85,6914,175,791,1324,161,67,803,186
5065,89,6485,167,855,1377,196,83,767,172
4343,80,6165,166,888,1425,178,56,809,186
3397,67,4392,127,683,1271,137,38,634,124
2640,30,3246,82,364,946,87,40,436,68
3470,98,4270,235,503,1135,192,149,633,231
4364,81,5904,256,740,1622,225,141,720,290
4936,84,6789,187,874,1743,161,45,733,145
5988,103,7315,216,898,1978,200,62,820,164
4781,94,7079,187,957,2101,212,77,880,161
3722,68,5371,143,819,1482,164,38,697,150
3164,61,4675,126,522,1296,96,29,490,117
4308,77,5687,144,588,1501,121,50,624,125
5038,119,7362,168,953,1809,194,75,836,258
5432,115,8384,236,1401,2459,277,82,967,202
5920,126,8989,222,1373,2527,267,70,1049,237
5460,155,9158,238,1317,2763,290,127,1074,267
4854,167,7357,1411,1270,2337,263,91,1023,238
3869,141,5493,570,921,1539,171,65,755,182
4129,82,5862,274,730,1584,189,49,734,134
5233,126,7808,263,1135,2108,236,85,946,195
4925,133,8357,235,1584,2503,310,98,1030,237
4578,143,8410,273,1548,2603,294,99,970,207
4587,122,8536,285,1686,2568,301,99,1093,237
3955,131,7495,210,1467,3439,276,87,888,226
3093,109,5239,188,1150,1762,199,64,749,150
3631,99,5683,168,946,1623,200,75,786,165
4119,136,7748,192,1428,2225,305,75,1040,209
4235,117,8096,234,1896,2522,349,96,1083,200
4317,146,9163,201,2029,2511,390,87,1109,317
4201,123,8511,242,1929,2543,320,91,1079,248
3789,138,7130,185,1786,2219,325,79,1059,252
3324,105,5084,167,1216,1679,219,74,818,166
3776,87,5893,176,1116,1657,242,59,914,222
4714,166,8198,239,2048,2678,400,114,1112,245
4224,168,8318,233,2299,2382,447,104,1143,188
4329,130,7985,194,2205,2512,465,97,1298,250
3821,148,7415,259,2050,2353,453,116,1232,203
3399,179,6551,188,1930,2024,404,93,1048,213
2883,123,4705,164,1250,1566,290,83,954,166
3240,129,5285,146,1086,1492,264,73,853,131
4182,142,7533,201,1765,2100,457,117,1099,220
4118,165,8871,199,1735,2271,460,120,1360,277
3845,133,7456,193,1340,1954,348,95,1182,231
3881,116,7440,176,1426,2029,304,83,1162,210
3372,140,6469,177,1458,1907,300,86,1196,167
2918,80,5406,168,989,1399,241,58,985,107
3036,100,6363,153,879,1493,239,58,940,158
3837,132,7342,203,1523,2126,370,88,1140,265
4101,141,7761,205,1768,2412,409,118,1272,245
4030,135,7823,244,1773,2279,398,117,1295,253
3828,107,7363,216,1715,2166,354,96,1215,187
3530,121,6389,182,1537,1899,361,101,1212,200
2910,87,4491,163,1053,1575,255,57,958,119
3103,104,5022,146,1082,1473,265,74,803,133
3865,126,7039,220,1626,2014,379,97,1090,213
4159,139,7607,181,1907,2288,435,109,1251,172
4663,130,7908,237,1978,2436,467,113,1251,192
4167,145,7527,197,2157,2177,458,116,1272,199
3407,156,6701,233,1904,1991,460,94,1275,178
2748,93,4701,164,1290,1384,283,84,815,112
2996,110,5068,179,1005,1312,282,98,788,132
3749,128,6688,259,1620,1844,395,95,1047,203
4043,127,7477,228,1777,2158,396,86,1183,195
3998,117,7050,191,1817,2091,395,76,1099,186
3702,151,6995,227,1747,1958,358,86,1060,207
3555,98,5976,164,1537,1580,391,114,941,167
2716,83,4221,152,1000,1137,223,83,714,133
3039,135,4745,125,885,1113,213,67,751,158
3989,123,6894,198,1310,1641,366,76,944,169
3949,120,7339,249,1321,1831,361,87,1043,209
3983,116,7439,198,1356,1881,379,85,969,212
3869,107,7337,220,1371,1942,347,98,955,204
3303,98,5952,221,1213,1664,306,72,834,221
2543,54,3940,156,791,1082,179,67,592,124
2898,62,5529,154,685,1121,193,68,565,142
3840,96,6597,213,1115,1539,297,80,775,159
3894,112,7341,257,1215,1693,333,116,714,156
3866,115,7108,223,1139,1694,322,87,766,161
3642,86,7061,226,1074,1614,318,83,733,175
3107,67,5543,234,875,1403,251,79,692,156
2215,57,3608,158,551,888,150,52,486,105
2600,58,4216,173,523,973,157,53,474,114
3321,86,6081,199,915,1451,242,83,609,162
3353,84,6110,179,897,1368,225,72,683,159
3344,88,5713,161,924,1360,225,66,758,185
3145,76,5494,165,838,1273,227,65,607,179
2636,75,4268,146,729,1337,186,49,583,150
2147,50,2959,135,465,1055,131,46,412,90
2431,51,3481,130,478,914,140,66,378,122
3240,61,4943,207,754,1539,188,75,553,159
3299,71,5429,249,748,1736,186,69,582,175
3115,58,5339,176,760,1642,193,72,564,158
3252,64,5405,155,673,2515,222,75,506,160
2875,59,4176,140,576,1453,170,69,491,127
2181,31,2862,90,377,864,108,51,353,90
2486,47,3436,112,423,881,103,40,396,110
3365,72,6469,191,622,1328,188,61,517,161
3405,75,5835,172,665,1463,180,73,491,171
3246,72,5579,156,653,1236,181,71,555,179
3022,60,5138,152,551,1290,178,58,502,155
2648,55,4464,186,488,1168,154,53,417,190
1956,36,3078,113,298,761,91,49,300,115
2247,26,3659,205,330,804,88,33,334,96
3046,65,5303,184,562,1349,188,64,491,161
3164,62,5341,218,530,1348,140,60,513,180
3034,59,4814,186,509,1204,163,52,510,157
3047,49,4647,140,569,1156,143,49,478,168
2490,29,3762,113,422,1070,124,40,449,176
2060,40,2752,98,281,694,77,42,331,146
2178,46,3169,91,279,803,127,52,344,141
2884,57,4540,152,460,1187,127,64,456,181
2947,49,4669,178,484,937,151,53,418,183
3058,48,4692,139,484,1010,140,50,439,172
3031,71,4141,142,460,931,129,49,465,191
2631,42,3798,114,357,750,103,42,360,126
1882,26,2583,74,229,516,91,39,312,106
2072,49,2795,122,230,577,97,37,308,81
2880,43,4065,122,363,790,128,54,435,144
2892,47,4046,141,352,807,136,50,411,135
2677,38,3536,129,330,736,142,47,408,127
2487,37,3136,106,306,738,87,24,385,106
1916,31,2389,74,231,584,85,33,294,111
1766,24,2319,108,209,532,90,34,267,108
1860,32,2392,90,200,512,64,29,264,96
2639,36,3457,115,284,804,102,47,373,138
2696,53,4056,144,349,777,133,61,425,186
2759,39,4107,135,350,865,159,54,411,141
2716,48,3872,114,377,829,139,66,408,133
1980,46,3197,97,280,617,103,52,341,121
1732,36,2327,72,175,404,77,25,225,66
1936,38,2668,61,205,442,73,32,257,84
2594,54,4184,108,298,812,113,49,389,152
2833,35,4289,115,346,801,117,62,426,173
2780,41,4256,141,315,752,110,63,376,146
2599,53,4024,128,317,795,160,76,397,137
2316,36,3311,116,263,652,111,46,334,165
1676,32,2430,66,165,448,77,20,250,100
1884,44,2770,94,188,489,60,41,311,130
2856,61,4410,127,323,751,132,58,393,118
2995,72,4160,114,339,846,119,50,421,151
2755,51,4265,134,340,838,126,46,374,165
2528,39,3736,124,277,694,103,44,346,134
2143,31,3188,90,264,644,91,47,317,125
1725,29,2209,74,171,377,53,24,223,92
2192,37,2853,83,204,483,101,41,236,107
2751,56,4089,101,289,681,110,42,370,160
2886,65,4200,108,264,772,99,45,390,158
2728,40,3917,146,322,739,133,54,440,163
2520,47,4169,133,326,1694,162,69,378,139
2292,23,3077,99,221,694,77,32,362,139
1843,37,2251,80,130,465,51,33,210,86
1886,32,2820,64,202,599,70,40,252,89
2945,40,3889,91,277,778,106,42,301,148
3062,36,3782,133,274,852,103,42,629,163
2738,57,3904,128,284,821,90,48,311,141
2574,36,3863,82,282,824,82,42,386,133
2279,41,3099,81,241,755,80,43,285,103
1716,23,2158,85,149,501,64,32,226,82
1840,43,2354,68,165,513,63,26,264,90
2379,39,3452,90,243,711,98,38,290,108
2512,34,3758,107,275,867,86,41,340,120
2764,46,3764,113,257,795,113,39,337,136
2453,37,3411,104,246,793,68,42,352,125
2123,60,2930,79,229,702,72,25,316,135
1718,34,2225,87,156,444,56,31,246,75
1923,39,2492,73,187,675,78,33,232,93
2390,42,3349,94,254,803,55,25,362,128
2363,52,3267,135,286,766,92,39,325,130
2310,44,3195,129,289,804,77,41,328,116
2199,42,3072,113,280,843,63,52,340,131
2000,28,2750,95,201,668,68,44,298,80
1643,26,1988,85,146,579,39,30,232,101
1817,37,2210,74,171,598,54,27,267,100
2233,51,2914,110,220,774,72,35,269,126
2005,55,2591,108,219,767,62,33,300,102
2224,34,3218,123,249,729,66,47,301,144
2104,39,3040,93,245,713,68,37,286,111
1932,28,2532,73,204,685,67,26,272,116
1475,28,1796,76,157,455,44,20,205,72
1779,35,2317,97,186,482,64,26,240,106
2440,51,3294,92,261,696,92,30,345,114
2385,31,3238,119,258,695,74,27,364,127
2280,48,3208,129,263,672,74,44,350,108
2198,28,2720,113,272,703,71,33,294,118
1858,37,2422,75,238,618,61,26,300,100
1477,21,1737,71,124,429,35,24,172,64
1564,25,1947,93,143,495,50,31,216,71
2162,52,2689,96,235,628,89,39,299,122
2206,34,2751,123,220,625,83,24,271,99
2125,38,2674,102,241,651,66,35,267,120
2087,36,2341,103,245,605,68,23,253,114
1678,37,2071,68,177,549,66,21,237,71
1602,21,1510,57,121,429,27,21,175,71
1666,29,1954,78,174,426,39,11,174,69
2038,28,2562,97,184,561,62,30,241,78
2133,28,2643,97,206,657,66,36,246,109
2247,34,2718,105,247,667,81,30,315,107
2157,37,2480,92,262,610,84,34,289,79
1823,29,2147,89,192,583,48,25,261,86
1613,29,1728,59,162,464,34,25,175,55
1991,26,1933,77,120,443,47,19,197,72
2308,46,2797,97,212,785,80,33,278,102
2306,37,2683,109,221,689,64,43,301,104
2060,38,2465,89,243,674,60,33,266,82
2188,44,2554,98,247,661,57,36,326,86
1789,41,2137,98,168,686,52,27,281,92
1517,33,1781,50,161,447,34,13,211,54
1784,27,1888,84,89,494,63,30,175,52
2250,35,2808,119,218,601,66,18,321,130
2212,45,2870,96,242,703,74,37,343,102
2112,30,2814,114,243,627,57,27,336,120
1939,31,2654,113,242,625,60,25,301,119
1826,59,2347,77,250,597,68,32,251,76
1613,26,1774,94,146,417,55,22,190,54
1727,36,2061,87,153,505,50,35,196,84
2374,42,2939,102,260,697,69,53,304,90
2417,37,2801,104,241,629,61,25,287,100
2227,38,2577,82,247,649,72,33,307,113
2139,47,2498,114,286,576,86,46,315,107
1880,34,2228,96,349,575,90,65,230,98
1575,33,1758,81,194,467,57,27,187,70
1717,23,2212,96,190,475,48,31,178,47
2096,37,2486,106,340,618,70,42,305,97
2505,47,2735,135,291,628,74,24,320,91
2065,50,2820,144,284,623,91,47,272,111
2134,51,2646,104,262,586,69,43,262,70
1771,41,2184,90,246,594,71,35,252,91
1421,37,1698,60,175,390,45,23,236,84
1594,52,2017,82,185,472,60,34,225,96
2016,48,2841,94,299,554,93,45,331,116
2061,35,2583,107,295,605,76,40,358,117
2128,38,2701,114,352,601,62,32,356,99
2001,42,2453,99,316,609,90,48,304,124
1743,39,2082,79,231,483,56,29,257,85
1550,24,1628,68,170,371,53,24,208,72
1665,34,1918,74,223,400,47,19,194,68
1894,35,2384,104,272,611,58,29,234,74
2191,40,2668,104,255,595,56,23,321,80
2010,40,2596,111,254,604,77,35,287,77
1852,37,2312,93,275,531,68,31,267,76
1899,41,2258,89,229,533,62,20,274,88
1594,41,1814,75,137,396,63,29,205,50
1695,38,2502,74,164,441,52,25,213,66
2120,34,2701,105,217,570,50,34,286,81
2151,40,2771,119,273,605,87,41,266,114
2175,40,2783,94,269,592,84,36,264,100
2048,54,2592,78,274,550,88,35,266,119
2249,46,2140,108,217,489,65,19,289,91
1770,42,1733,103,173,478,44,22,238,82
1772,27,1970,84,165,428,59,20,229,74
2192,42,2476,97,263,639,97,40,308,88
2263,50,2764,116,271,737,112,34,324,77
2334,67,2620,107,283,676,105,44,300,118
2446,53,2804,101,323,643,86,50,275,100
1972,38,2369,95,285,579,103,34,278,86
1760,49,1778,84,167,456,60,23,207,53
1826,29,1939,58,152,517,47,25,209,61
2106,37,2593,93,215,603,72,45,279,70
2563,42,2987,107,284,627,84,36,312,119
2523,38,3002,102,310,618,89,29,300,85
2443,29,2976,88,261,656,54,31,295,104
2354,60,2789,94,248,638,78,36,269,92
2332,51,2373,99,179,743,59,32,236,66
2267,34,2559,89,186,809,81,29,229,70
2660,42,3355,101,260,861,94,42,269,93
2824,37,3449,115,297,804,93,46,272,98
2894,45,3497,116,353,803,82,31,306,88
2937,58,3560,155,336,802,92,48,320,102
2847,45,3599,119,236,797,63,30,360,101
2810,36,2510,98,190,712,81,42,229,67
2851,44,2878,80,196,694,96,28,259,62
3417,60,3791,119,283,922,108,34,339,100
3706,72,4288,110,319,820,110,44,354,109
3399,48,3973,143,317,853,114,35,380,122
3395,59,4035,111,366,795,93,41,304,103
3124,57,3593,123,284,792,78,38,301,127
2745,41,3464,125,189,558,76,41,259,84
2825,45,3041,138,225,733,80,36,203,66
3488,40,3845,134,343,814,99,54,290,114
3194,54,3941,231,388,842,87,46,399,84
3143,54,3892,150,339,806,101,47,372,104
3355,63,4098,142,351,833,87,22,382,107
3338,53,4399,165,360,750,90,53,348,101
2815,44,2898,129,219,642,71,32,281,101
3221,44,3371,121,269,705,98,40,283,98
4067,64,5072,175,400,984,104,54,467,132
4125,43,5111,181,441,1005,129,61,483,139
4102,62,5213,199,349,950,101,42,380,126
3513,76,4695,170,381,784,120,48,407,132
3472,40,4286,162,368,750,105,40,298,130
2117,32,2140,112,181,493,59,27,212,60
2842,47,3371,149,229,760,89,44,269,106
3352,58,4467,183,368,761,82,56,386,135
3861,69,5001,196,429,841,113,47,438,142
3707,64,5089,183,394,944,138,63,434,128
3514,57,4970,189,383,895,132,61,380,105
3212,50,4223,159,357,784,101,51,398,149
2422,37,2788,90,198,577,67,36,236,93
2632,45,3120,107,270,574,88,43,259,120
3724,46,4844,211,389,869,126,54,435,172
3993,68,5112,168,391,953,137,70,410,141
3774,61,5180,193,434,994,119,51,421,140
3771,47,5554,178,364,940,133,49,439,130
3123,54,5348,125,324,895,90,50,311,110
2307,48,3326,125,229,598,64,30,280,89
2614,43,3946,115,258,679,92,49,286,100
3627,54,5621,199,397,876,110,55,426,174
3743,77,5784,159,422,998,132,62,435,168
3829,65,6648,204,397,1141,128,58,454,177
3896,62,6347,163,405,905,107,54,460,155
3421,62,5355,192,391,790,90,43,385,123
2727,35,3982,111,254,721,107,46,308,110
3041,42,4513,163,269,781,100,39,354,138
4058,67,5805,245,434,965,128,58,459,161
4059,68,6191,179,424,891,122,54,497,165
4275,58,6636,185,435,919,123,65,464,140
4102,61,6357,137,485,972,132,75,469,169
3740,55,5482,174,380,795,91,51,396,149
2801,42,4124,119,316,615,102,33,312,86
3274,58,5249,138,293,890,98,54,323,115
4270,68,7025,207,557,1128,147,80,435,162
4433,87,7087,179,430,1165,124,58,501,179
4374,62,7097,174,492,1049,137,70,450,146
4128,81,6404,182,455,921,143,63,479,133
3446,53,5203,134,389,688,83,50,374,115
2849,49,4097,102,300,515,61,42,309,110
3170,55,4603,127,302,624,112,37,355,103
6676,65,6853,180,495,941,122,64,442,177
4542,101,6620,204,536,878,146,76,547,177
4320,92,6411,187,557,848,111,77,540,147
4194,105,6564,182,645,971,141,64,543,150
3669,57,5398,155,377,706,103,59,402,114
2948,87,3088,113,259,593,87,50,303,113
3367,74,3633,137,401,698,107,55,332,119
4348,110,5412,178,643,970,149,74,469,186
4268,88,5469,165,658,917,133,69,512,187
4005,92,4769,163,493,859,138,75,456,122
3285,94,4005,141,467,729,108,60,390,110
3013,90,3466,115,342,616,106,60,341,111
3022,79,3158,108,317,554,87,48,343,108
3494,72,4051,157,429,733,94,55,478,149
4581,59,6280,171,639,932,125,86,556,210
5576,70,6101,214,624,1066,167,71,600,203
4603,77,5480,184,480,1042,131,58,561,151
4761,68,5654,193,492,1178,157,81,517,168
3912,49,4596,148,414,759,107,53,439,130
3081,43,3232,136,338,713,105,39,334,105
3428,49,3992,142,313,669,108,46,383,120
4437,65,5680,142,494,900,137,67,500,172
4644,62,5946,151,450,1024,132,65,478,169
4496,59,5534,164,493,849,124,65,468,194
4278,72,4971,153,507,804,122,66,427,163
3695,49,4411,144,377,736,111,54,375,132
3094,36,3168,107,247,496,74,26,335,105
3278,47,3574,110,272,535,85,60,387,101
4383,60,5330,173,446,939,120,75,525,168
4675,83,5350,201,488,1010,129,63,507,168
4486,105,5404,150,452,925,126,51,412,143
4126,74,4823,157,392,873,110,51,451,131
3671,51,3942,118,338,742,83,67,385,119
3037,37,2845,123,234,591,82,35,336,85
3256,42,3118,106,210,601,97,34,328,109
4274,70,4196,158,315,740,82,46,423,112
4503,63,4342,173,414,1200,95,57,442,128
4223,98,4190,156,464,1144,174,66,445,144
3950,71,3553,148,418,900,116,36,386,116
208,1,167,7,15,62,3,0,27,3
0,0,0,0,0,0,0,0,0,0
0,0,0,0,0,0,0,0,0,0
1391,10,1186,37,81,162,16,9,131,35
4282,55,3890,165,307,718,84,45,366,123
4724,64,3874,145,324,813,96,52,415,120
4650,51,3744,149,346,684,106,36,447,101
4334,61,3707,101,307,662,99,55,417,110
3378,77,3161,96,347,972,143,53,375,89
3054,39,2809,102,208,743,90,40,372,113
4077,60,3924,127,296,876,104,62,494,173
4993,75,5673,175,378,960,146,71,537,192
5228,77,5887,175,402,993,131,48,512,169
5078,68,5697,169,419,1053,166,75,530,169
4303,67,4859,167,386,826,112,51,510,172
3433,54,3558,127,290,767,106,36,380,111
3751,54,4112,150,288,830,109,64,433,101
4589,66,5709,171,513,1023,168,55,633,274
4434,75,6156,213,480,976,172,79,573,169
4526,61,6166,244,455,1018,162,72,583,192
4129,73,6102,174,502,927,149,68,633,185
3743,58,5189,184,421,796,137,55,515,166
3125,61,3409,125,310,662,95,50,370,109
3514,58,4058,134,303,770,95,43,464,131
4195,73,5472,147,473,921,137,50,533,151
4382,73,6223,157,549,975,131,47,595,181
4152,46,6089,138,525,872,76,42,894,149
4309,51,5788,162,487,917,121,46,658,158
4204,71,5112,148,537,1219,163,49,648,162
3173,51,3677,136,432,1939,140,47,468,95
3333,73,4180,115,388,1566,117,55,431,109
4203,66,5744,129,607,1542,175,64,610,172
4133,89,6110,139,672,1071,166,68,748,179
4234,64,6072,166,568,1009,184,76,666,169
4270,66,6344,210,733,998,176,68,601,160
3800,67,5186,156,594,981,141,55,539,141
2871,60,3533,104,392,744,107,45,448,67
3250,55,4264,126,418,828,133,45,447,115
4326,76,6207,176,692,1046,159,77,604,183
4346,77,6503,148,804,1083,171,77,641,174
4119,70,6590,148,779,1216,187,47,639,176
4052,76,6448,174,833,1153,214,103,620,199
3637,63,5402,92,708,955,177,58,565,155
3061,56,3626,106,490,765,122,52,418,94
3463,67,4183,135,474,900,108,43,420,104
4249,81,5989,153,796,1046,201,67,621,167
4363,72,6409,159,854,1048,178,82,592,193
4625,74,6741,173,906,1126,179,63,644,186
4466,68,6797,142,858,1052,206,77,576,187
3807,60,5819,108,766,910,175,67,545,151
3122,59,3943,111,482,723,149,51,410,94
3496,63,4371,124,531,861,158,49,440,117
4471,82,6819,174,901,1380,212,98,675,187
4369,75,6531,186,923,1117,183,64,686,181
4238,84,6609,214,962,1047,212,66,701,176
4132,81,6983,208,1024,1070,235,85,703,193
3861,89,6481,155,959,1107,222,80,718,159
3129,53,4351,113,694,921,153,62,518,126
3426,75,4830,132,581,905,173,72,524,129
4265,106,6629,176,917,1271,254,87,639,173
4614,87,8191,234,1236,1251,271,80,700,184
4534,89,7382,154,1315,1149,293,84,736,168
4128,88,6935,377,1223,1157,277,90,726,181
3787,93,6348,277,1118,1121,247,80,746,212
3107,67,4399,160,734,859,156,42,521,128
3312,73,4878,158,722,915,192,87,534,141
3990,95,7374,216,1125,1120,279,88,598,180
4140,152,8493,203,1285,1383,347,69,801,202
4355,92,7637,219,1283,1242,332,86,794,192
3624,100,6875,208,1184,1202,259,71,779,203
3393,73,5904,171,1139,1019,219,53,695,184
2865,46,4250,122,764,785,170,88,516,132
3095,69,4949,123,842,920,174,61,533,141
3887,95,6756,242,1268,1235,268,78,719,192
4044,105,7285,237,1549,1291,296,83,730,178
3866,176,7415,197,2314,1429,319,86,777,188
3142,87,6735,175,1471,1281,262,84,784,143
2453,71,5754,154,1299,1181,217,74,732,94
2555,67,4055,131,882,835,142,61,602,103
2831,69,4356,175,716,931,148,46,561,151
3579,140,5769,210,1201,1215,215,56,725,166
3379,98,6190,164,1099,1326,213,54,758,183
3069,83,5936,187,1136,1254,260,82,716,155
2933,81,5526,166,1082,1269,213,56,765,217
2535,72,4768,141,1032,1144,214,79,612,163
2002,41,3084,96,559,780,117,53,479,100
2183,46,3486,120,549,747,134,58,403,117
2872,75,5497,172,946,1076,263,86,647,160
2981,90,5713,151,1057,1128,204,71,677,161
2748,64,5266,131,3354,1101,216,73,573,152
2597,71,4834,134,906,1021,201,70,525,163
2296,59,4093,117,755,921,141,66,471,145
1732,41,2729,76,458,787,96,35,371,83
2053,55,3352,102,461,895,119,50,377,98
2778,61,5239,125,859,1201,208,75,622,168
2845,69,5019,107,755,1083,191,72,550,148
2698,72,4900,160,796,1234,166,70,615,164
2514,79,4710,107,791,1094,199,66,603,172
2308,38,3809,110,774,945,156,56,472,190
1800,37,2595,87,420,676,88,36,373,106
2013,43,2930,101,467,685,139,61,400,153
2659,60,4499,138,875,1272,173,76,596,212
2509,67,4565,158,859,1175,194,99,619,171
2637,67,4161,136,766,1046,162,67,574,134
2243,74,3789,114,659,1052,170,59,533,197
1915,34,2945,85,546,1129,168,71,552,139
1678,31,2489,112,358,963,89,46,442,117
1999,51,2706,103,392,895,94,45,370,109
2270,98,4092,131,594,1278,172,56,586,176
2595,76,4484,124,724,1521,163,81,556,189
2597,67,4496,155,729,1548,147,58,617,160
2584,67,4077,121,662,1234,168,75,585,166
2320,65,3743,140,623,1202,131,62,512,155
1776,43,2691,94,393,676,111,56,366,109
1931,50,3033,96,403,734,117,55,368,108
2600,67,4473,127,649,1393,185,60,580,201
2706,67,5136,151,698,1240,159,62,578,199
2731,51,4877,122,689,1174,174,75,581,154
2443,51,4461,121,675,1102,146,53,526,156
2204,50,3730,111,524,1021,144,69,479,148
1639,60,2789,76,365,867,120,51,409,93
1921,54,3135,79,353,874,107,40,463,151
2799,56,4801,141,624,1309,161,64,623,196
2892,54,4927,187,639,1203,185,81,643,190
2914,71,4882,142,571,1151,157,58,723,176
2847,57,4742,146,586,1139,183,70,649,179
2580,56,3941,118,483,1042,133,51,545,169
1980,39,2909,101,403,700,99,68,404,100
2192,59,3195,96,377,789,116,48,434,145
3018,66,4873,125,544,1042,166,86,557,149
2957,74,4964,160,562,1001,129,80,533,164
3132,61,4907,133,574,1063,144,64,616,183
2990,82,4882,142,628,1221,161,58,599,170
2574,37,3896,110,488,913,124,70,578,186
1928,27,2885,108,340,711,113,55,376,121
2273,31,3238,105,399,734,103,61,342,118
3010,64,4771,123,674,1154,113,63,531,175
3252,60,4880,153,620,1087,160,82,531,162
3067,59,4697,158,623,1071,161,80,544,210
3000,64,4688,131,541,1007,131,73,521,180
2691,58,3796,120,459,894,127,75,467,158
2018,25,2517,73,280,626,81,54,365,107
2185,41,2835,94,304,726,88,51,357,117
3058,73,4549,113,472,968,136,75,495,177
3106,66,4363,132,480,1000,144,71,536,166
3009,47,4403,115,527,931,137,57,501,134
2879,47,4305,133,458,895,115,44,488,135
2514,46,3566,99,390,808,107,45,406,115
1900,42,2362,82,296,640,74,32,355,95
2127,31,2879,94,285,672,110,51,381,98
2876,45,4082,120,417,923,126,54,438,171
2958,44,4381,157,472,1036,126,60,512,186
2723,55,4414,110,478,1038,126,50,466,149
2740,51,4485,117,511,1023,91,44,457,154
2217,52,3631,100,390,847,76,41,387,166
1834,36,2632,83,243,801,76,35,296,85
1912,29,2695,75,241,643,97,61,274,100
2321,40,3532,109,329,864,98,45,371,124
2645,54,4147,144,416,981,131,46,426,158
2680,54,4101,121,451,917,119,54,439,140
2556,55,3995,114,481,838,97,47,447,149
2261,41,3247,105,409,705,61,45,394,112
1878,36,2451,79,280,658,66,51,313,99
2114,32,2757,73,229,748,73,34,282,107
2673,58,3890,153,397,876,99,56,437,156
2786,43,4096,134,447,998,70,42,395,164
2619,35,3951,131,422,867,90,52,455,153
3339,46,3584,129,351,827,123,41,394,155
2126,34,3019,106,329,726,62,47,358,108
1874,26,2450,73,215,574,62,32,273,105
2026,36,2970,128,245,657,106,43,319,139
2567,34,3592,143,367,890,97,55,458,158
2588,45,3952,146,416,968,97,42,456,148
2511,39,3771,177,406,847,105,51,462,142
2583,40,3644,165,451,922,95,54,391,146
2204,27,3029,179,383,923,91,40,401,145
1939,37,2501,145,306,626,67,29,311,116
2064,31,2620,154,321,621,54,39,328,150
2624,57,3724,178,417,834,96,64,435,121
2704,42,3679,171,426,843,82,41,416,158
2439,49,3590,122,421,880,114,39,389,113
2414,65,3476,135,418,1015,114,61,462,139
1978,60,3876,115,560,1115,88,49,453,132
1851,39,2707,101,408,683,84,46,346,82
2065,39,2592,107,339,702,65,35,344,108
2603,47,3430,137,400,904,134,68,459,117
2767,60,3659,165,518,1577,115,57,419,176
2425,48,3701,130,487,1120,117,57,393,115
2265,42,3403,139,456,994,113,58,344,111
1928,49,2727,143,433,698,77,41,331,107
1702,33,2168,97,258,606,51,44,228,60
1881,33,2488,122,266,639,52,31,236,76
2412,32,3274,154,430,793,96,47,356,114
2505,72,3236,147,499,852,83,40,376,149
2398,60,3155,175,481,944,99,58,344,153
2362,42,3051,137,458,859,91,56,319,129
2108,57,3130,146,497,1020,83,49,396,106
1810,36,2230,127,295,687,61,41,260,86
2099,50,2504,119,280,1006,55,27,279,94
2672,42,3370,139,448,988,87,41,376,106
2667,60,3422,155,607,1019,81,44,440,126
2599,91,4070,175,638,1162,106,49,432,149
2460,60,4223,147,516,1063,92,29,417,137
2069,52,2845,120,464,849,75,38,344,102
1761,38,2281,108,291,717,78,37,331,85
1932,56,2668,122,317,736,89,29,311,106
2703,51,15152,184,596,1119,90,39,438,102
2716,63,3486,165,544,1027,111,52,454,140
2557,62,3446,157,515,897,100,48,465,142
2357,61,3313,126,545,870,90,43,431,127
2009,57,2806,142,458,858,72,50,368,112
1880,40,2277,140,294,639,57,38,283,57
1949,38,2709,119,324,1120,70,39,299,64
2412,69,3478,148,525,1315,86,45,443,114
2486,45,3673,168,603,1153,110,49,406,139
2479,84,3816,177,620,1186,117,54,436,154
2207,57,3418,150,598,1125,94,40,402,123
1950,54,2886,180,598,1029,84,44,379,100
1712,49,2271,121,384,780,62,34,280,67
2027,29,2560,116,371,790,63,32,247,74
2376,55,3346,202,542,1049,96,41,392,100
2353,84,3960,232,679,1144,207,72,442,115
2605,63,3653,201,661,1138,153,78,416,128
2093,66,3208,178,629,1095,114,37,375,110
1887,34,2810,159,577,944,90,48,347,99
1646,39,2312,154,348,846,69,35,291,70
1858,59,2750,157,293,861,62,48,270,109
2061,42,3186,203,569,926,80,37,414,149
2286,62,3285,199,569,953,102,43,439,146
2256,55,3184,221,647,1134,117,48,372,137
2339,64,3261,328,851,1270,125,60,401,101
1963,74,2896,182,625,892,89,65,378,104
1750,46,2165,145,383,754,60,39,284,109
2018,27,2459,209,367,734,65,42,304,80
2396,71,3320,224,591,958,114,61,399,90
2408,53,3467,174,639,928,97,50,460,133
2343,48,3394,215,631,936,105,50,402,144
2025,60,3082,197,599,908,130,38,427,116
2170,52,2974,177,556,767,90,51,398,109
1676,31,2235,134,306,599,49,28,270,79
1846,37,2328,160,270,602,62,37,303,102
2377,47,3260,199,603,803,100,47,403,112
2616,40,3492,205,624,1045,84,27,415,108
2616,76,3681,213,839,1211,99,47,435,125
2517,67,3566,242,586,1152,115,51,521,121
2198,57,3143,205,539,893,83,55,395,115
1955,38,2226,140,377,750,46,36,288,64
2118,66,2813,181,348,759,146,55,296,102
2768,60,4097,236,1428,1026,137,55,382,129
2833,53,3852,219,770,951,136,54,455,121
2988,51,3972,195,602,1078,106,44,376,133
2675,58,3829,209,648,1062,96,57,393,105
2396,46,3145,210,514,884,74,48,340,99
2234,48,2652,170,363,790,66,35,283,67
2439,57,2870,175,381,742,68,49,304,89
2768,51,3675,232,466,1022,102,46,349,135
3145,46,4206,241,536,1022,88,53,450,115
3252,57,4458,235,598,1062,109,72,453,137
3121,52,4333,254,543,973,118,52,406,141
2881,45,3535,203,432,904,79,35,373,157
2479,49,2797,146,335,726,80,47,322,101
2819,53,3476,197,361,701,66,45,319,106
3535,67,4767,235,545,1131,86,52,468,139
3664,59,5086,251,600,1248,101,47,481,172
3627,51,5081,232,658,1114,112,63,443,176
3647,67,4785,293,543,1082,111,53,510,157
3258,45,3937,221,481,877,108,52,447,96
2874,41,2981,212,304,648,50,35,302,90
3320,45,3688,177,348,741,87,37,326,115
4144,41,5234,283,528,1107,110,50,432,134
4139,66,5240,266,534,1181,99,55,508,143
4162,54,5426,268,501,1028,117,59,447,138
4192,34,5067,268,521,1025,115,55,484,174
3825,49,4408,242,373,909,90,60,438,120
3277,53,3215,211,278,693,71,54,306,111
3742,48,3941,209,355,805,81,60,321,152
4995,71,5717,299,530,1131,110,62,514,199
4898,70,6063,262,519,1590,144,67,489,179
4796,65,5873,281,526,1498,116,63,507,141
4358,76,5419,243,480,1162,115,63,551,151
3826,83,4913,216,434,1075,88,54,476,136
3382,49,3711,171,304,700,59,39,349,103
3764,53,4566,211,348,834,87,70,373,85
4589,81,5852,286,508,1130,99,57,468,136
4606,56,5958,260,555,1089,87,68,565,124
4714,71,5820,293,556,1167,127,74,484,138
4620,86,5506,395,544,1209,123,60,466,147
3944,45,4616,360,459,931,101,46,528,152
3241,46,3392,210,360,762,64,39,430,134
3646,43,4127,232,402,789,86,69,345,147
4800,68,5486,292,570,1205,96,78,515,166
5041,76,6220,320,648,1371,118,78,594,184
5007,55,6294,322,568,1218,114,72,513,157
4599,67,5448,338,588,1127,98,65,533,179
3790,39,4466,237,429,946,75,45,430,165
3321,61,3500,202,339,800,63,43,317,100
3629,58,4375,231,380,765,84,65,352,132
4693,90,6126,276,616,1235,123,71,533,192
4465,61,6498,291,554,1281,106,71,556,197
4508,62,6476,336,549,1133,132,73,499,155
4022,76,6043,296,540,1112,124,51,459,179
3461,43,5269,232,409,931,130,57,510,171
2711,50,3699,195,353,727,74,61,327,104
3667,82,4914,223,336,795,91,63,355,124
5932,78,6273,278,604,1128,164,71,486,152
4160,83,6135,281,636,1101,156,84,504,169
4211,68,6066,301,566,1003,134,60,508,206
3965,79,5513,248,529,1047,113,63,523,205
3302,79,4855,226,454,916,92,58,454,156
2794,59,3395,182,318,722,63,61,371,117
3208,53,3852,207,355,797,80,63,369,115
4031,49,5522,286,603,1164,114,56,525,207
4057,51,5975,253,588,1086,140,62,482,153
3775,84,5670,272,600,1078,144,61,599,192
3682,66,5373,281,611,1037,122,58,615,141
3395,53,4757,233,496,994,102,52,565,134
2830,56,3771,205,364,832,94,49,424,110
3219,63,4627,208,434,935,138,86,436,123
4271,79,6294,288,717,1267,148,67,576,225
4014,93,6431,269,688,1140,151,69,592,198
4093,74,6456,281,710,1180,140,69,629,206
4102,77,6231,295,703,1098,125,89,609,196
3674,57,5404,233,630,966,130,66,564,161
2978,44,3813,200,327,727,90,38,411,130
3236,52,4442,272,426,954,114,66,445,142
4218,82,6670,381,766,1353,117,108,874,299
4296,64,7104,314,801,1207,156,95,1194,225
4348,93,6977,323,793,1279,132,85,939,280
3969,76,6826,291,812,1249,148,61,824,191
3596,62,5460,280,657,1099,102,67,670,190
2950,44,3878,245,433,708,108,53,541,139
3326,54,4496,221,520,807,108,66,627,120
4505,84,6432,309,848,1126,132,71,1628,165
4407,80,6381,328,837,1350,130,68,1186,186
4000,75,6084,301,741,1122,135,74,868,186
3460,57,5363,253,567,915,96,39,783,133
2939,47,4480,220,508,959,97,52,733,112
3232,86,4702,235,473,1018,95,67,604,98
3756,54,5129,252,577,1018,96,56,765,140
4837,99,7013,358,956,1400,138,71,877,200
5277,94,7273,375,1092,1321,166,86,919,202
4942,85,7132,348,958,1374,183,87,967,176
4479,89,6811,352,979,1274,154,73,843,171
4069,80,6053,342,896,1213,130,76,787,156
3333,62,4506,311,645,956,98,43,808,102
3688,63,4941,322,633,1063,112,71,840,149
4879,107,7648,435,1220,1511,189,97,1070,187
5077,141,8987,402,1390,1748,250,117,1448,197
5113,115,8772,368,1613,1846,203,104,1682,216
4742,116,7984,375,1395,1449,189,110,1524,180
3961,90,6934,342,1281,1181,144,97,1439,173
3219,68,4848,294,961,906,134,70,1165,135
3736,80,5646,265,877,1002,137,68,1096,138
4651,120,8003,338,1489,1286,234,110,1426,190
5069,107,8775,394,1589,1353,181,103,1613,183
5069,106,8265,364,1587,1317,217,116,1523,197
4734,117,7568,323,1598,1279,189,78,1410,224
4200,109,6618,308,1493,1115,173,81,1317,161
3358,80,4715,242,1026,839,117,67,1111,93
3868,83,5246,237,1070,884,113,60,1181,130
4952,117,7427,354,1832,1193,195,107,1634,201
4922,104,7812,367,2102,1237,205,84,1901,190
4874,121,7680,335,2266,1295,209,93,2069,216
4619,126,7186,315,2251,1341,193,109,2012,202
4024,121,6130,285,1898,1202,180,80,1905,150
3761,80,5443,273,1563,1018,157,63,1991,124
3853,85,5432,254,1352,952,128,71,2050,126
3867,82,5536,230,1494,925,132,63,2595,117
3119,62,4720,216,990,748,99,47,1908,112
4507,112,6795,305,1726,1001,193,88,2168,175
5119,141,7778,411,2468,1109,208,101,2748,174
5358,143,8053,370,2622,1395,203,94,2747,195
5089,92,8079,335,2094,1381,154,87,2695,159
5152,84,7306,297,1802,1535,120,78,2277,130
4887,116,7316,315,2006,1290,172,71,2363,147
4016,85,6291,279,1437,1088,141,79,1860,134
6072,146,10093,411,2327,1653,246,98,2485,217
6041,161,10014,447,2698,1633,287,135,2930,241
5848,179,11280,487,2764,1933,262,134,3134,343
4883,163,10648,483,2055,1606,226,92,3019,255
5202,129,9763,437,1821,2094,230,134,2595,245
6222,200,13690,642,2548,2598,294,130,3452,326
5962,237,15047,690,3135,2382,334,147,4386,496
6299,247,16973,800,3393,2494,412,202,5066,363
6145,454,24464,890,3648,2820,580,280,6490,501
5272,388,23591,1012,3568,2924,545,251,7184,491
4303,420,16949,599,2446,1871,347,169,5340,377
4548,196,14658,644,2127,1709,276,156,4336,281
5384,267,17029,717,2912,2241,387,215,4847,414
5478,275,18029,681,3096,2450,385,188,5446,493
5427,244,17011,620,2830,2251,346,156,5058,417
5399,207,15778,628,2700,2251,320,161,4211,382
4689,298,14082,749,2302,1974,274,133,3976,402
3977,320,10457,549,1708,1566,188,92,3223,270
4267,273,10648,553,1457,1411,186,103,2753,268
5100,173,13037,544,2251,1798,248,136,3236,379
5826,184,14534,742,2694,1984,301,159,3802,429
5635,216,14003,674,2723,2251,300,141,3696,394
5383,173,12667,543,2436,2184,239,119,3535,306
4758,161,11738,446,2119,2378,225,134,3061,306
4078,104,8716,405,1567,1402,161,72,2484,195
4440,95,8972,439,1310,1329,175,111,2334,226
5452,174,12832,560,2272,1997,227,105,2864,324
5242,140,12253,605,2438,1916,260,143,2968,297
4875,156,11615,562,2403,1913,218,127,2872,281
4684,133,14483,544,2122,1703,223,113,2535,286
4349,123,9054,577,1916,1601,189,100,2448,299
3665,80,6951,347,1332,1236,114,78,1979,158
4486,101,7512,400,2221,1276,136,95,2007,225
4708,117,9526,517,1628,1586,198,110,2069,252
4948,117,9824,570,1923,1775,199,107,2485,321
4927,111,9889,507,1931,1582,230,120,2210,277
4688,115,9504,443,1657,1904,203,101,2100,287
4126,112,8498,392,1446,2186,148,103,1994,256
3452,75,5949,307,965,1442,105,81,1591,193
3862,99,6325,343,867,1373,136,115,1514,189
4948,115,8776,438,1410,1885,191,156,1692,268
5057,134,9102,505,1477,2201,206,126,1917,276
4867,102,9021,433,1480,2327,168,100,1914,226
4468,107,8195,373,1318,1803,181,94,1786,268
4165,101,7436,386,1234,1593,152,98,1610,237
3458,79,5746,339,923,1396,115,89,1499,191
3860,80,6335,337,877,1590,122,80,1326,166
4665,67,8163,414,1280,2301,186,104,1591,243
5187,125,9077,491,1348,2315,216,118,1795,271
4993,106,8980,415,1203,2104,181,116,1794,267
4702,86,8557,388,1284,2073,178,98,1699,264
4089,89,7549,341,1141,1725,154,98,1698,331
3472,209,5567,328,786,1360,103,78,1272,200
3721,115,6338,328,796,1470,134,86,1324,219
4816,95,8553,441,1061,1803,159,108,1562,237
4808,105,8298,412,1190,1988,161,124,1591,249
4771,80,8553,418,1132,1859,192,97,1493,276
4506,99,8099,455,1229,1651,172,94,1428,223
3917,92,6928,368,1078,1435,151,81,1246,181
3224,72,5206,251,774,1020,114,52,1047,136
3718,71,5999,291,817,1173,110,64,1053,146
4764,91,8273,415,1116,1680,174,115,1316,212
4543,81,8013,360,1198,1589,155,133,1485,245
4616,85,8034,340,1074,1572,151,79,1387,264
4368,80,7771,320,1145,1547,149,100,1414,287
3792,84,6742,296,1050,1515,126,86,1244,214
3026,67,4867,251,725,1085,101,58,966,127
3372,67,5507,218,611,1202,95,61,952,202
4431,70,7203,379,999,1683,151,86,1287,224
4219,135,7583,388,1137,1614,155,93,1454,197
4329,82,7358,339,1072,1700,153,97,1355,260
4039,59,7271,356,981,1705,140,80,1395,223
3675,82,6301,258,848,1309,110,67,1108,169
2937,117,4418,241,631,1051,86,56,863,177
3221,55,4894,220,616,1248,78,49,842,189
4227,83,7164,259,980,1609,129,93,1323,307
4377,86,7088,336,993,1477,162,99,1287,313
4142,94,7035,291,1016,1669,151,98,1370,266
4115,77,6733,273,989,1466,158,99,1174,247
3634,73,5563,275,770,1304,90,65,1095,198
3273,55,4051,215,662,735,91,66,793,162
3764,64,4560,230,709,855,111,65,763,152
4893,91,6217,315,947,1191,165,75,1013,195
4637,82,6158,324,1036,1133,139,83,1057,235
4366,62,5654,286,913,1156,115,81,1010,184
4051,60,4985,264,853,993,104,79,885,142
3355,52,5051,227,634,880,79,52,771,186
2975,39,3491,201,549,670,80,56,612,141
2922,67,3872,189,755,1077,173,89,674,161
3486,88,5639,266,1120,1733,195,107,950,174
3757,97,6359,261,1100,1699,240,122,989,231
3742,94,6263,256,1339,2056,336,121,1119,276
3720,124,5914,278,1289,1993,295,150,1179,390
3383,136,5742,240,1293,2585,395,144,1309,381
2550,90,3914,236,968,1639,262,117,1136,309
3193,106,4283,219,705,1458,205,89,841,262
3804,146,6083,357,1016,1894,297,134,1241,426
3603,93,6212,301,1010,1730,317,115,1013,332
3586,116,5953,303,1078,1653,258,92,1004,282
3293,117,5412,262,1159,1578,224,89,1113,300
2978,122,4663,232,925,1282,202,68,858,263
2325,117,3502,179,656,1199,204,82,850,256
2671,72,4123,231,831,1373,223,79,826,275
3657,96,5719,288,1010,1675,248,80,1143,321
3512,104,5583,264,1132,1502,212,110,1080,273
3517,109,5699,255,1094,1565,189,90,921,336
3321,83,5737,304,1223,1558,228,91,884,255
2929,76,4685,273,808,1368,173,76,783,279
2212,61,3372,203,477,1042,151,80,638,183
2508,73,3931,222,582,1124,137,56,592,183
3589,99,5606,259,970,1476,220,90,821,274
3568,79,5341,286,866,1347,161,76,824,267
3699,102,5763,293,944,1871,224,106,1009,333
3580,111,5569,268,1226,1747,285,83,1015,295
3139,87,4507,252,1038,1398,172,70,780,255
2310,65,3113,193,671,924,109,59,568,197
2725,92,3698,211,706,985,134,71,578,170
3597,67,5135,296,1038,1368,199,90,781,240
3598,82,4764,287,940,1313,159,91,665,179
3285,70,4803,285,970,1270,157,85,751,181
3477,83,4969,308,942,1407,163,102,719,254
3053,83,4238,303,729,1449,135,84,766,220
2359,87,2868,211,517,983,100,56,437,139
2484,74,4069,226,602,983,118,68,410,157
3383,85,5209,332,991,1443,174,64,707,223
3554,83,5021,360,918,1275,135,93,637,237
3317,82,4845,275,826,1204,123,73,626,240
3435,103,4746,315,658,1259,118,64,625,249
2794,82,3907,287,656,1035,130,58,485,192
2132,55,2748,244,409,742,91,39,369,135
2411,43,3304,295,476,791,85,45,414,197
3522,79,5059,349,731,1251,150,94,594,262
3647,71,4583,374,607,1049,128,71,627,214
3574,56,6032,348,607,1139,109,50,633,183
3558,75,4982,348,671,1211,117,66,522,207
2926,48,3785,257,625,952,95,41,490,167
2207,46,2540,222,295,669,65,37,362,139
2376,52,3176,226,394,810,86,43,374,146
3276,57,4203,328,639,1114,115,64,472,171
3402,57,4375,333,759,1198,121,60,699,231
3359,77,4503,356,614,1827,115,58,583,205
3020,69,4323,302,575,1776,103,61,617,203
2803,68,3488,260,604,1364,93,48,516,162
2032,47,2450,186,459,1070,70,38,369,128
2257,39,2710,222,426,1034,60,45,384,147
3279,65,4650,303,579,1602,102,59,538,191
3220,93,4244,381,724,2160,109,56,856,234
3327,67,4387,310,774,1978,118,47,857,235
3077,55,4066,259,659,1879,105,56,578,211
2676,49,3244,261,579,1320,65,55,739,203
2159,35,2577,205,410,1334,64,34,433,146
2223,51,2968,216,563,1294,71,43,452,120
3503,68,4937,280,669,1584,99,56,553,178
2973,60,4137,300,534,1655,90,49,579,190
3036,71,4177,290,565,1702,95,39,554,165
2912,63,3774,234,644,1685,95,42,611,191
2709,61,3025,290,461,1333,95,38,530,163
2079,26,2294,185,268,943,62,25,371,133
2157,54,2607,200,312,934,79,33,408,104
2824,64,3797,284,583,1383,80,23,578,202
2835,44,3807,276,561,1382,87,43,531,200
2885,49,3506,218,506,1395,95,41,521,183
2685,61,3551,261,550,1263,89,45,559,170
2325,56,3067,235,406,1052,71,50,515,156
1786,44,2162,188,307,748,60,39,354,102
2075,54,2552,185,335,888,48,29,370,105
2612,62,3510,235,445,1113,86,41,517,180
2734,56,3507,278,520,1173,82,54,504,183
2673,43,3306,278,496,1226,72,48,513,216
2570,47,3192,244,538,1092,71,47,435,165
2218,51,2641,221,409,933,53,35,411,139
1843,38,2032,191,266,678,56,38,307,98
2072,49,2292,193,307,853,54,38,324,117
2770,77,3322,289,444,1099,92,39,527,197
2982,54,3075,299,454,1052,81,54,429,178
2636,57,3165,252,437,1003,90,56,456,165
2552,52,3231,234,415,936,73,46,400,127
2057,59,2314,206,301,825,66,31,421,119
1671,34,1929,179,280,573,55,45,236,90
1807,44,2178,174,204,660,64,36,293,120
2500,51,2772,201,378,776,74,71,457,130
2556,49,2989,233,373,900,74,28,390,134
2507,46,2784,205,364,927,76,41,617,134
2179,57,2650,207,304,823,58,43,557,119
1839,48,2231,167,294,821,64,27,394,98
1711,52,1769,117,255,639,44,29,282,53
1800,42,2243,143,194,744,42,24,259,69
2444,51,2771,230,392,920,70,42,422,130
2479,58,2913,197,392,1034,72,54,427,154
2380,52,2740,203,382,849,68,36,408,115
2304,61,2708,171,393,858,75,47,387,138
2111,54,2283,157,318,717,50,29,311,130
1535,41,1660,136,232,582,45,25,248,81
1820,31,1966,133,214,586,35,27,280,99
2544,59,2644,198,397,832,76,47,355,120
2453,59,2879,214,432,3586,85,36,438,134
2533,45,2980,182,433,1689,67,38,424,158
2269,59,2877,201,384,1050,63,41,404,95
2048,48,2363,152,349,942,78,31,344,118
1483,37,1757,130,219,604,61,33,262,73
1704,76,1998,146,225,657,54,30,285,85
2312,45,2750,187,341,929,71,39,465,109
1880,30,2199,154,300,688,49,21,332,91
691,9,883,70,115,290,21,8,114,29
1938,39,2368,180,326,866,61,24,337,104
1722,31,2187,154,252,1273,52,29,285,73
1445,33,1635,135,173,751,45,33,230,70
1607,31,1853,135,185,633,63,24,231,85
2108,53,2473,199,349,808,65,33,354,130
2131,41,2415,186,328,791,49,30,353,150
2087,35,2366,173,336,868,73,34,350,118
1898,34,2297,186,290,767,48,27,313,118
1760,36,2068,136,284,688,54,30,314,98
1571,30,1691,123,184,473,44,19,228,70
1645,29,2216,107,200,505,41,29,230,82
2060,35,2478,181,276,668,72,30,303,126
2128,40,2317,187,320,707,56,28,335,109
2085,67,2528,183,460,848,102,44,368,145
1926,46,2314,174,432,771,69,40,362,139
1912,36,1987,140,372,568,65,33,266,110
1604,35,1800,128,346,493,52,28,230,88
1755,27,1882,128,523,574,43,27,253,91
2154,40,2472,204,471,825,54,43,315,156
2398,99,2730,204,553,1078,74,38,491,156
2268,47,2743,191,495,1147,68,32,385,219
2182,54,2616,192,478,919,64,32,321,106
2034,63,2314,184,526,847,59,38,319,114
2142,40,1734,135,311,592,64,27,219,77
1772,43,2069,139,250,614,85,37,273,98
2276,76,2726,211,420,938,86,56,480,206
1918,65,2593,170,348,875,68,29,340,146
2133,63,2704,198,370,877,61,35,335,100
1963,66,2619,166,361,764,63,33,302,103
1845,51,2248,136,399,659,63,25,267,104
1482,53,1589,132,390,461,57,24,183,56
1768,50,1940,117,383,486,59,26,225,81
2109,61,2546,170,376,724,75,36,372,125
2182,63,2858,159,395,799,67,35,314,100
2263,64,2806,179,397,624,88,28,304,102
2294,51,2770,153,374,670,54,35,293,112
2269,41,2603,160,328,859,48,16,333,110
1707,54,1911,158,192,454,76,44,223,52
1851,32,2086,110,221,489,57,32,211,58
2171,36,2610,155,358,646,90,40,292,87
2532,65,2997,201,410,717,78,30,328,109
2519,50,3171,201,505,775,93,48,389,162
2469,48,3131,181,397,789,66,33,354,112
2334,53,2806,152,367,654,65,34,314,107
1964,42,2093,143,274,502,51,25,220,67
2208,55,2615,152,300,580,86,37,343,103
2851,56,3518,188,490,717,101,58,363,130
2992,63,3709,226,493,790,91,45,413,161
2852,72,3603,187,424,767,64,33,461,185
2826,51,3824,197,483,707,88,66,475,150
2721,62,3298,190,431,730,92,43,442,111
2248,46,2494,154,286,567,71,33,327,94
2633,41,2835,167,330,559,56,45,375,73
3328,73,3834,215,459,743,96,61,582,132
3605,80,4065,234,475,825,74,30,567,122
3673,76,3945,221,504,784,102,62,353,121
3349,68,3826,188,639,808,94,46,439,110
3085,72,3269,181,492,691,77,63,334,116
2547,47,2248,133,412,518,55,35,291,83
2865,72,2949,152,318,562,64,32,323,94
3583,64,4064,197,510,747,95,46,379,131
3575,74,4322,208,527,805,92,37,359,140
3735,60,4481,190,494,881,95,65,420,240
3406,86,3835,196,501,778,76,34,390,175
3081,51,3418,182,459,687,84,40,326,129
2507,45,2270,160,299,483,66,33,257,120
2797,63,2975,144,352,602,63,30,282,129
3593,70,3955,169,534,799,66,46,463,182
3795,55,4405,232,579,1310,68,48,491,178
3672,68,4377,190,582,1050,97,39,413,150
3531,58,4082,196,542,1511,79,45,400,144
3064,54,3422,164,444,1382,85,35,460,136
2384,40,2565,136,319,753,56,31,327,122
2641,70,2940,146,295,973,92,35,326,88
3481,62,4097,192,498,1513,105,60,473,163
3565,89,4426,234,551,1315,107,33,535,161
3356,74,4231,195,500,1066,107,50,462,152
3405,66,4123,208,527,979,86,61,439,157
2691,71,3513,167,397,777,91,61,384,132
2126,35,2381,163,287,567,64,52,282,110
2343,46,2759,145,299,617,64,70,377,97
3158,73,3951,188,536,916,114,60,480,125
3225,68,4117,194,471,972,100,50,423,164
3221,62,4908,192,510,933,112,54,471,158
3240,58,4608,209,488,1092,113,49,431,153
2915,48,3816,152,447,890,80,45,421,150
2269,48,2677,134,275,640,55,32,297,112
2381,49,3056,158,332,807,69,38,331,121
3387,58,4580,191,540,1211,112,67,455,153
3515,72,4403,185,523,946,101,55,476,171
3418,63,4512,192,505,964,94,44,489,154
3457,67,4097,166,569,979,88,48,509,182
3177,60,3536,217,503,803,71,47,400,135
2591,38,2477,185,306,576,77,39,274,111
2594,41,2886,142,333,579,51,33,311,110
3438,65,4291,210,584,969,87,51,445,496
3331,68,4258,226,578,982,105,59,480,312
3534,69,4158,180,620,985,109,59,498,253
3100,57,3976,203,681,907,96,41,411,208
2837,41,3010,162,438,704,69,28,407,173
2288,37,2403,131,285,642,59,34,286,123
2502,47,2931,143,320,642,63,37,381,143
3729,61,4411,196,555,957,84,58,462,232
3676,67,4270,212,478,938,110,57,488,191
3666,71,4950,197,517,914,88,54,540,187
3466,75,5061,220,592,1056,88,47,508,274
2843,59,3483,169,530,841,83,50,407,161
2489,48,2421,171,324,593,45,29,364,130
3230,52,2942,188,375,739,65,36,394,137
4277,71,4301,257,646,1182,84,48,691,184
4502,98,4481,274,756,1253,92,56,694,226
4783,67,4407,297,799,1222,87,42,765,214
4613,110,4487,285,796,1378,89,49,714,181
4207,136,4096,266,678,1522,88,60,620,156
3521,152,2909,267,522,1225,69,42,590,135
3530,111,3354,230,520,1083,62,43,563,101
4757,92,4787,255,800,1514,102,52,694,180
4489,122,4959,294,796,1392,91,54,687,208
3781,60,4892,242,651,1027,92,57,646,156
3791,84,4901,258,592,1050,84,46,610,154
3489,80,3804,243,551,980,81,60,490,129
2482,63,2524,182,394,721,70,36,415,89
2902,77,3041,183,446,743,81,49,453,123
4016,115,4238,282,666,1092,87,47,618,184
3864,126,4398,282,637,1017,82,53,652,181
3618,52,3894,242,586,990,97,44,565,158
2963,67,3529,133,457,859,68,44,459,124
2939,51,2954,185,427,781,55,41,498,87
2555,43,2594,188,348,618,54,47,474,123
2821,47,2957,213,383,621,80,47,468,119
3864,69,4386,259,700,989,122,53,670,194
4103,79,4630,279,810,1246,153,60,730,211
4435,125,5049,261,1052,1348,137,67,756,236
4298,128,4668,279,1047,1393,115,87,673,209
3646,118,3810,234,885,1281,95,75,666,184
3123,66,2827,192,545,870,75,56,503,144
3518,93,3803,199,558,1105,90,42,518,139
4565,118,4471,264,893,1386,117,57,722,221
4524,138,4560,274,1322,1642,140,79,750,277
4538,129,4626,310,1156,1618,119,80,690,185
3277,120,4465,278,1048,1009,120,71,652,151
2759,73,4008,192,969,852,116,39,629,189
2010,70,2874,179,643,675,70,50,518,89
2345,48,2936,159,569,632,91,38,415,105
3179,98,4144,214,1090,859,111,53,649,168
3167,98,4263,268,1304,906,134,65,788,167
3008,116,4155,316,1476,1147,167,71,846,155
3006,89,3809,238,1525,3486,165,67,911,144
2481,80,3173,209,1357,2793,137,61,892,121
2094,82,2325,158,978,2121,96,29,699,79
2313,75,2298,171,758,1306,93,47,708,89
2574,121,2941,215,1338,1648,123,43,809,102
2186,78,2467,157,1303,1390,138,39,814,98
1688,40,1932,139,638,1105,81,32,617,78
2520,87,2710,204,1410,1748,138,30,863,109
2779,118,3092,259,1867,2813,145,50,1013,118
2800,100,3063,196,1516,2946,141,83,900,101
2781,94,3207,202,1223,2576,134,64,829,108
3156,112,3824,254,1843,2621,169,72,1119,154
2979,154,3528,212,1871,3110,157,73,1016,134
2364,85,2648,163,1028,2253,112,44,743,109
3065,107,3830,297,1748,3200,163,60,1045,166
3425,140,4408,273,1868,5767,170,74,1233,181
2789,119,4185,242,1440,6380,175,63,1247,161
619,19,869,52,327,4288,49,20,248,29
1297,61,1898,112,862,2596,75,41,573,101
3888,156,5931,348,2192,7058,211,101,1250,223
3801,225,6136,353,2333,8076,274,102,1388,225
3880,232,6884,349,2640,8908,343,124,1706,267
3322,272,6123,343,2452,8800,330,139,1543,257
