Alabama,Alaska,Arizona,Arkansas,Colorado,Delaware,Florida,Idaho,Illinois,Indiana,Iowa,Kansas,Kentucky,Louisiana,Maryland,Michigan,Missouri,Nebraska,New_Mexico,New_York,North_Carolina,Ohio,Oklahoma,Pennsylvania,Tennessee,Texas,Virginia,Bati_Virginia,Wyoming,Utah
0.4340671559,0.0965791802,0.1307146477,0.1178319599,0.0927055104,0.1208106616,0.2706245181,0.1234717591,0.1309410027,0.1910340167,0.1062915743,0.1020219645,0.2166274625,0.186183218,0.1474026477,0.1697242414,0.1604259705,0.076192304,0.1710682846,0.1770486606,0.168207024,0.1633191317,0.1917601742,0.1601555595,0.1980910537,0.1588327898,0.1932618683,0.1067316917,0.0709710479,0.1888122376
0.4063449707,0.1046888823,0.1615813482,0.1526633251,0.1093044264,0.1432852299,0.3279876638,0.1545923007,0.157615779,0.2381166929,0.1484201774,0.1188545622,0.2533078506,0.243042189,0.1977239297,0.2074535595,0.2332531776,0.0956722004,0.1762233325,0.2207956887,0.2160716023,0.2033881112,0.2116479652,0.2238819162,0.2273312628,0.1778927246,0.2607452782,0.1249600256,0.0730207533,0.224955009
0.3171744126,0.1169271601,0.169437405,0.1355025062,0.1094173442,0.1842914597,0.334464148,0.2001616652,0.1654357459,0.2208830818,0.157289357,0.1118751924,0.2054542782,0.2218176143,0.2190911202,0.2005307488,0.2291308829,0.0857883121,0.1897057657,0.2364875575,0.2454518922,0.2013593021,0.1985429576,0.2318366625,0.2133171729,0.1742381648,0.2801429301,0.1794051807,0.0727645401,0.1513197361
0.2148098732,0.1372751401,0.1569690826,0.1313397332,0.1044489612,0.1808217018,0.2826522745,0.1956148328,0.1634373099,0.231921604,0.1409368071,0.1015087755,0.2241252573,0.2116214951,0.2058527522,0.1853005654,0.1944349021,0.088091354,0.1716234436,0.1898082105,0.2379608911,0.1991276121,0.2301959471,0.2029344175,0.1732444512,0.1828404363,0.2627871363,0.1949152542,0.0763515245,0.1606178764
0.2632866355,0.1907991743,0.1861632032,0.1808682355,0.1322267389,0.1790079647,0.3119506554,0.2136000808,0.1871578764,0.3571750394,0.1771064302,0.1072564918,0.2568362246,0.3057795349,0.2286134551,0.2113764855,0.2116111302,0.103540927,0.1908160837,0.1783166904,0.3239614749,0.2541083384,0.3473455033,0.2204348595,0.2326338914,0.2433374564,0.3319040327,0.202190598,0.091596208,0.1673665267
0.3134682381,0.2885579475,0.1995438419,0.2703678532,0.1777326107,0.1970664774,0.3250578258,0.2785692634,0.2478929533,0.4685740032,0.280210643,0.1582674741,0.2854307557,0.3995214066,0.2324069056,0.2929502711,0.2600480934,0.135687554,0.2648108494,0.1773656681,0.4322404903,0.3072631365,0.4432255904,0.280183843,0.3009620483,0.3072641403,0.3821337417,0.2311320755,0.1357929798,0.1645170966
0.2952338596,0.3907401946,0.2313735428,0.2852773766,0.1884598013,0.2318429146,0.3363145721,0.317975144,0.2253888261,0.4216039649,0.2673226164,0.1558041671,0.2902822699,0.3403214899,0.2185491987,0.2976808584,0.2306767434,0.1525765282,0.2947101277,0.1602472658,0.555112365,0.3048285656,0.373178697,0.2748806788,0.3900462086,0.3005172608,0.4011230219,0.2629517109,0.1445042275,0.1724655069
0.2712178489,0.4631377175,0.2931069437,0.2377453063,0.1954607046,0.2504534343,0.2734001542,0.3747600283,0.2271265966,0.4553953593,0.2991962306,0.1620650724,0.34320788,0.3324142954,0.2322520709,0.3124495212,0.2566128478,0.1946070435,0.3157268618,0.1986051672,0.6028796576,0.351998377,0.2565315693,0.3074951388,0.4001212029,0.2989992129,0.425625319,0.3674448353,0.1951063285,0.1928614277
0.3010154918,0.5303745208,0.325646224,0.2549486025,0.22233514,0.2698525353,0.2861989206,0.4357886228,0.2229559475,0.41462041,0.3816518847,0.2204659756,0.3565127904,0.3556156687,0.2495161415,0.3692165686,0.2810030917,0.3049611362,0.2986755492,0.2598668569,0.5541395077,0.3394197606,0.2426310501,0.3082906134,0.4250435573,0.3816484876,0.438489025,0.4732970899,0.2053548552,0.2024595081
0.2773700986,0.5995281628,0.2379118094,0.2038909184,0.1950090334,0.2685908051,0.2404009252,0.4289178539,0.20106004,0.3269880604,0.4034090909,0.1871086934,0.2772713908,0.2724860844,0.2234264922,0.3502942195,0.2660597733,0.3076480184,0.2974066143,0.2299096529,0.4006226287,0.2977277338,0.1725841568,0.2930882093,0.343383077,0.2703249747,0.3716181725,0.429724976,0.2236740968,0.1609178164
0.1672967163,0.5176938956,0.1713127217,0.1557641662,0.1611336947,0.2563677943,0.1697764071,0.4405375366,0.1570944478,0.2808064879,0.338691796,0.1741763317,0.2025874743,0.1872236383,0.1753503135,0.294796354,0.2205427688,0.3016984934,0.2924894916,0.1879854177,0.2341667477,0.2187056198,0.144322559,0.2452713452,0.2316491175,0.1820533003,0.2830015314,0.3093220339,0.2231616705,0.1667666467
0.1380920614,0.4178708346,0.2204764318,0.1307450514,0.1219512195,0.2152038483,0.1275250578,0.3727392139,0.133982101,0.1967785537,0.2695399113,0.1442060967,0.1427521317,0.1462310774,0.1366416351,0.2491058036,0.1994160082,0.2157182612,0.2277738124,0.1179267713,0.1653857379,0.1684925948,0.1265700888,0.1910906841,0.1633967124,0.1352187113,0.2233792751,0.2655900224,0.1939533692,0.1139772046
0.0926543622,0.3320554409,0.1531677648,0.1120125733,0.0894308943,0.1832663039,0.1088666153,0.2812973628,0.1160830654,0.152286551,0.2301829268,0.1133121215,0.1181270215,0.1070592519,0.1126422544,0.196723203,0.1463414634,0.1471068036,0.1911333175,0.1017593913,0.1318221617,0.1331913167,0.0976385865,0.1600671734,0.1136277555,0.0964803778,0.1772332823,0.2102654301,0.1660261337,0.0985302939
0.06159662,0.2805956945,0.0692853523,0.0806218673,0.0723803071,0.1518019084,0.0939090208,0.1911690411,0.0909722826,0.1291957648,0.1385809313,0.072257005,0.0707880035,0.0805285335,0.0973136177,0.1706472828,0.0893163861,0.1043086076,0.1480688397,0.1015216358,0.0908648701,0.1157435585,0.0703818456,0.1339932827,0.079918188,0.0801754189,0.1335375191,0.1781259994,0.1473225724,0.0806838632
0.057519828,0.2376879976,0.0539280284,0.0592982754,0.0596205962,0.1243592777,0.0701619121,0.1453975952,0.0718568077,0.1182698806,0.100748337,0.054090116,0.0617465451,0.0658065859,0.0883332043,0.1414560978,0.0862246651,0.079742827,0.1168213181,0.0889205896,0.0760774394,0.0903834449,0.0607519678,0.1116316069,0.0544655708,0.0657258518,0.1269014803,0.1576590982,0.1200358698,0.0611877624
0.0519605663,0.1925685638,0.0460719716,0.0473621612,0.0398599819,0.1036984465,0.066461064,0.109831262,0.057085759,0.0847037621,0.0770509978,0.039310274,0.0599823581,0.0591478957,0.0791205388,0.1176877812,0.0511851597,0.0693791383,0.1080180823,0.0637184974,0.0771475824,0.080137959,0.0524618992,0.0936008485,0.0531777896,0.0518947487,0.1078101072,0.134793732,0.0942864463,0.0442411518
0.0388407086,0.1688292539,0.0354282818,0.0403109337,0.0341011743,0.0865073732,0.0485736315,0.0878043852,0.0398818316,0.0626267177,0.0630543237,0.0237093298,0.0456483387,0.0423971284,0.0551211582,0.0904580593,0.034867743,0.0576720084,0.0831152351,0.0457283246,0.0537990077,0.0625887604,0.0452604254,0.0837899947,0.0379516703,0.0449229731,0.0842266462,0.1111288775,0.0766077376,0.0367426515
0.0329108294,0.1250368623,0.0281804359,0.0299464786,0.0303748871,0.0747575112,0.0430223593,0.0844700414,0.0362325137,0.0587970264,0.0541851441,0.0195011803,0.0361658336,0.0355303543,0.0538824805,0.0683050652,0.0448299553,0.0403032339,0.0774050282,0.0377238865,0.0434867205,0.055589369,0.0382682968,0.0625773378,0.0307552458,0.0422804453,0.0551301685,0.0902622322,0.0645657187,0.0406418716
0.02527611,0.1051312297,0.0368474404,0.0240846147,0.0324074074,0.0627710748,0.0365458751,0.0811356977,0.0357980711,0.061162424,0.048364745,0.0253515344,0.0265363128,0.0323570723,0.0359216536,0.0543440637,0.0316042597,0.0349294693,0.0621778095,0.0308289745,0.0342445763,0.0387502536,0.0332021437,0.0600141418,0.0195439739,0.0327223659,0.0561510975,0.0711544611,0.0530361261,0.0286442711
0.018308502,0.088469478,0.0250886974,0.0223430465,0.0319557362,0.0507057803,0.0359290671,0.0786096797,0.0317143105,0.048884884,0.0388026608,0.0257620856,0.0272713908,0.0311085679,0.0342184718,0.0458059305,0.0386465132,0.0324345072,0.0548814339,0.0321762561,0.0309368616,0.0486914181,0.0345000837,0.0429556302,0.0212862662,0.0323850219,0.0477794793,0.0563639271,0.045349731,0.025044991
0.0211251946,0.077115895,0.0235681703,0.0247217739,0.0255194219,0.0421102437,0.0305319969,0.0683035263,0.0233730124,0.0501239018,0.0267461197,0.0220671251,0.0314613349,0.0287676221,0.0405666951,0.038306219,0.0231879079,0.0235102197,0.0498850028,0.0259946109,0.0351201479,0.04017042,0.031066823,0.0410995227,0.0267403985,0.0238951985,0.0326697295,0.0499680205,0.0381757622,0.0341931614
0.017863761,0.0678265998,0.022858591,0.0291818877,0.0237127371,0.0376941882,0.0279105628,0.059411943,0.0235467895,0.0592475783,0.020094235,0.021656574,0.0266098206,0.0238776466,0.0257025625,0.0374985577,0.0264513913,0.0177526149,0.041636926,0.0211602473,0.0352174336,0.0421992291,0.0284290739,0.0349124978,0.0226497993,0.0261441583,0.0399183257,0.0430924209,0.0322828593,0.0332933413
0.0135645986,0.0551459746,0.0218955905,0.0245093875,0.0194218609,0.0354073023,0.0222050887,0.0531474184,0.0153792684,0.0439288128,0.0144124169,0.0172431489,0.0235960012,0.0150860948,0.0219865294,0.0362293758,0.0166609413,0.0120909702,0.0408438417,0.0186241877,0.0218892888,0.0244471495,0.0238234802,0.0336750928,0.0156048784,0.0190037108,0.0488004084,0.0413335465,0.0292083013,0.025194961
0.0126009933,0.047626069,0.0167764825,0.0203890918,0.0243902439,0.0296506585,0.0251349268,0.0491057896,0.0182465896,0.0319891868,0.0134423503,0.0141640152,0.0217583064,0.012485044,0.0288766742,0.0264220607,0.0123668842,0.0095960081,0.0344198588,0.0156918688,0.022181146,0.0246500304,0.0203064813,0.0280183843,0.0112112719,0.0175981109,0.0377743747,0.0424528302,0.0252369972,0.024895021
0.0100807946,0.049837806,0.0103902686,0.0166086144,0.0156955736,0.0268117656,0.0171164225,0.0430433465,0.0135546094,0.0323271007,0.010116408,0.0101611413,0.0191855337,0.0106122874,0.0329797941,0.0215760932,0.0130539334,0.0076768064,0.0290268856,0.0147408464,0.0160521452,0.0182592818,0.0197621839,0.0257203465,0.0109082645,0.0172607669,0.0314446146,0.0394147745,0.0224186523,0.0293941212
0.007264102,0.0399587142,0.0094272681,0.0127856597,0.0084688347,0.0236574403,0.0174248265,0.0460745681,0.0069510818,0.030637531,0.0078991131,0.0076978343,0.0163922376,0.0117567497,0.0159479755,0.0222683743,0.0106492614,0.0064293254,0.0242683797,0.0100649865,0.016830431,0.0152160682,0.0170406967,0.0191797773,0.0071206727,0.0082087035,0.0227667177,0.0343779981,0.0199846272,0.0287942412
0.0089689423,0.037452079,0.010897111,0.010831705,0.0071138211,0.0198722498,0.0127987664,0.0430433465,0.0037362064,0.0277089435,0.0070676275,0.0066714564,0.0130843869,0.0107163294,0.0144770458,0.015576324,0.004294057,0.004798004,0.0220477437,0.0087969567,0.0141064306,0.0115642118,0.013649305,0.0157327205,0.0055298841,0.0086022714,0.0239918326,0.0264630636,0.0172943889,0.0209958008
0.007560596,0.0300796225,0.003852002,0.0085804095,0.0027100271,0.0194779592,0.000925212,0.0398100434,0.003823095,0.0218517684,0.0044345898,0.004413425,0.0116877389,0.0069708162,0.0161028103,0.0070381908,0.0008588114,0.0030707226,0.0162582282,0.0057061341,0.0071991439,0.0053763441,0.0101741752,0.0148488598,0.0034088327,0.0034296638,0.0125574273,0.0203070035,0.0148603638,0.0142471506
0.0068934845,0.0277204364,0.0012164217,0.0056070003,0.0018066847,0.0162447756,0.0047802621,0.0347580075,0.000173777,0.0125028159,0.0056818182,0.0027712204,0.0086739194,0.0044217864,0.0111480994,0.0046152071,0.0006870491,0.002399002,0.0122928067,0.0062608971,0.0019457146,0.0053763441,0.0071177357,0.0162630369,0.0030300735,0.0028111998,0.0135783563,0.0168692037,0.013579298,0.0110977804
0.0052627678,0.024918903,0,0.0062441594,0,0.0139578898,0.0050886662,0.0247549763,0.0040837605,0.0020274837,0.0062361419,0.0014369291,0.0080123493,0,0.009754587,0.0017307027,0.0008588114,0.0003838403,0.0084066936,0.0061023934,0.0030158576,0.0057821059,0.0054429744,0.0073360438,0.0022725551,0.0024738558,0.0040837162,0.0127118644,0.0117858058,0.0076484703
0.0038544215,0.0237393099,0.0002027369,0.0048848866,0.0006775068,0.0116710039,0,0.0184904517,0.0012164393,0.0074341068,0.0042960089,0.0014369291,0.0055130844,0.0025490298,0.0058837191,0.0002307604,0.0008588114,0,0.006820525,0.002298304,0.0008755716,0.0002028809,0.0033495227,0.0085734488,0.0023483069,0.0014055999,0.008575804,0.0105532459,0.0102485268,0.0014997001
0.0017048403,0.0175464465,0.0011150532,0.0032707501,0.0050813008,0.0087532529,0.0049344641,0.0159644337,0,0.0111511602,0.0030487805,0.0010263779,0.0046309909,0.0009883993,0.0070449795,0.0042690666,0,0.0006717206,0.0037274962,0.0010302742,0.0043778578,0,0.0005442974,0,0.0012877812,0.0019116159,0,0.0066357531,0.0090955675,0.00104979
0.0008153584,0.0140076674,0.0028383173,0.0014867046,0.0029358627,0.0075703809,0.001079414,0.0090936647,0.0012164393,0.0047307952,0.0036031042,0.000513189,0.0011026169,0.0021328617,0.0084384919,0.0040383062,0.0010305737,0.0005757605,0.0022206361,0,0.0024321432,0.0038547373,0.0006280355,0.008838607,0,0,0.0094946401,0.0046370323,0.0069177556,0
0,0.0138602182,0.0019766853,0.0001699091,0.0013550136,0.0039429067,0.0024672321,0.0040416288,0.0043444261,0.0066456409,0.0011086475,0.0001026378,0,0.0041616813,0.0064256406,0,0.0056681553,0.001151521,0.0003965422,0.002853067,0,0.0090282004,0,0.0078663603,0.0003030073,0.0038794558,0.0052067381,0.001918772,0.0062772226,0.0044991002
0.0022978282,0.007962253,0.0072985302,0,0.0038392051,0,0.0043176561,0.0022228958,0.0041706491,0.0147555756,0,0,0.0033078506,0.0052021016,0.0046450414,0.0021922234,0.0053246307,0.0024949621,0,0.0046758599,0.0048642864,0.0107526882,0.0015072852,0.0033586707,0.0048481176,0.0036545598,0.007452782,0.0011992325,0.0044837305,0.0047990402
0.0097101772,0.0044234739,0.0121135327,0.0023787274,0.0118563686,0.0002365744,0.0185042406,0.0005052036,0.0137283865,0.0373958099,0.0048503326,0.0003079134,0.01764187,0.012537065,0,0.0088842737,0.0039505325,0.0064293254,0.0064239829,0.0041210968,0.0066154295,0.0128829377,0.0075782951,0.0114901891,0.0121202939,0.0113010233,0.010719755,0,0.0025621317,0.0073485303
0.0218664295,0.0047183722,0.0286872783,0.0051397502,0.0111788618,0.0002365744,0.0249807247,0,0.0231992354,0.0594728542,0.0073447894,0.0041055116,0.0328579829,0.0215887218,0.0117674383,0.0176531672,0.0073857781,0.0092121677,0.0107066381,0.0120462831,0.0183870026,0.0270846013,0.0164963993,0.0298744918,0.0212105144,0.0235016305,0.0307299643,0.0065558043,0.001537279,0.0101979604
0.032688459,0.014744913,0.0296502788,0.0123184097,0.0137759711,0.0026811766,0.0405551272,0.0078811761,0.0390129464,0.0643162875,0.0188470067,0.0113927948,0.0376359894,0.0272590126,0.0303476039,0.027922003,0.0182068018,0.0157374532,0.01768578,0.0212394991,0.0251970036,0.0498072631,0.026126277,0.0433975605,0.0275736687,0.0436298212,0.0414497192,0.0235849057,0,0.0148470306
0.0375064858,0.0219699204,0.0330968069,0.0264633421,0.0324074074,0.0084378204,0.0646106399,0.0167727594,0.0653401686,0.0821130885,0.0392184035,0.0176537001,0.0457953543,0.0443739271,0.0455988233,0.0534210223,0.0424252834,0.0209192976,0.0394955984,0.0356633381,0.0403735772,0.0683708663,0.0367191425,0.066643097,0.0249223544,0.0607219161,0.0647269015,0.0530860249,0.0007686395,0.0211457708
0.0484767623,0.0415806547,0.0448048657,0.0399286382,0.0309394761,0.0179007965,0.0874325366,0.0332423967,0.0798505517,0.1182698806,0.0496119734,0.0223750385,0.0573360776,0.0625292618,0.069830456,0.0897657782,0.0573686019,0.0287880242,0.0583710048,0.0547630369,0.0582741512,0.0870359099,0.0459303299,0.0946614814,0.0356033634,0.0842235466,0.0942317509,0.0938599296,0.0006405329,0.0392921416
0.0676747461,0.0542612799,0.0460719716,0.0512275932,0.0380532972,0.0396656415,0.0874325366,0.051126604,0.0871491876,0.1260419013,0.056402439,0.0322282664,0.0635107321,0.0717369817,0.0775721917,0.1079958463,0.0791824115,0.0340658286,0.0787532715,0.0683943573,0.0708240101,0.0962669913,0.0515826495,0.1177302457,0.0574956443,0.0995164736,0.1116896376,0.1116885193,0.0005124263,0.0643371326
0.0657475354,0.0800648776,0.0561074506,0.066349503,0.0440379404,0.0664774071,0.0895913647,0.059411943,0.0923624989,0.1104978599,0.0634700665,0.0399261008,0.0765216113,0.0709046455,0.0903460556,0.1029191185,0.0781518379,0.0423183955,0.0667776985,0.0903471232,0.0773421539,0.1101643335,0.0676184894,0.1276294856,0.0559806075,0.1023838974,0.1286370597,0.1268787976,0.0011529593,0.0547390522
0.0710844267,0.0911235624,0.060466295,0.0731883442,0.048102981,0.0837473385,0.0885119507,0.0708295443,0.094708489,0.1123000676,0.058481153,0.0377707072,0.0931343722,0.0847422359,0.0839978323,0.1224183685,0.0669872896,0.0465406391,0.0663018479,0.0870977968,0.0872652982,0.1202069385,0.0611287891,0.1241824288,0.0727217635,0.1038457214,0.1260847371,0.1330348577,0.0040994107,0.074235153
0.071899785,0.083898555,0.0503294475,0.0832554583,0.0520551039,0.0868228058,0.0882035466,0.0761847024,0.0796767747,0.1012615454,0.064578714,0.0425946834,0.0830638048,0.0923893253,0.0911202292,0.0984192916,0.0795259361,0.0449093177,0.0695534935,0.0803613885,0.0877517268,0.1036721445,0.0739825825,0.1102174297,0.0668888721,0.1110986169,0.1238386932,0.1320754717,0.0064053292,0.0554889022
0.0827218145,0.094072545,0.0554485555,0.0932800951,0.0521680217,0.0840627711,0.1043947571,0.0831565121,0.0739421322,0.1063302546,0.0634700665,0.0405419275,0.0855630697,0.1036258648,0.0891073779,0.1075343256,0.0702507729,0.0451012379,0.0816876834,0.0825011888,0.0830820119,0.1015418949,0.0734801541,0.1104825879,0.0758275888,0.1126728888,0.1385400715,0.1271985929,0.0092236741,0.050089982
0.0953969313,0.1279858449,0.0596046629,0.0944269816,0.0633468835,0.0832741897,0.1113338473,0.0760836617,0.0922756104,0.1322369903,0.0716463415,0.0452632659,0.1164363423,0.1236019352,0.1004877293,0.1086881274,0.0967021642,0.0483638806,0.0855737965,0.0986685687,0.1096410157,0.1151349158,0.0779182716,0.1259501503,0.0847663056,0.1327448555,0.1472179684,0.1174448353,0.0155008967,0.0670365927
0.0908012749,0.1241521675,0.0635073492,0.0922606406,0.0544263776,0.0876902452,0.1164225135,0.0708295443,0.0894951777,0.121986934,0.070537694,0.0527558247,0.1304763305,0.1359309161,0.0946040102,0.1115726318,0.0882858124,0.0494194415,0.0937425648,0.0965287684,0.1097383014,0.1121931426,0.0889298275,0.1237404985,0.0986288918,0.1289216237,0.1439509954,0.1236008954,0.0320266462,0.0629874025
0.0802016159,0.1212031849,0.0715154587,0.0850395039,0.0731707317,0.1029098652,0.1185813416,0.0748711731,0.098705361,0.1208605542,0.0979767184,0.0538848404,0.1270949721,0.1215210945,0.114732523,0.13637937,0.1018550326,0.0643892141,0.099849314,0.1008876209,0.1188831598,0.1160478799,0.1072265952,0.1423015733,0.0884023938,0.1313392556,0.1586523737,0.1443076431,0.0399692544,0.0557888422
0.072196279,0.1151577706,0.0791687785,0.0866961176,0.082429991,0.1063796231,0.1232074017,0.082449227,0.0997480233,0.115566569,0.0850886918,0.0666119265,0.1139370773,0.1074233991,0.1164357049,0.1301488404,0.0942974923,0.0782074657,0.1067491474,0.0901886194,0.1044848721,0.1054980726,0.0979316697,0.1225030935,0.0857510795,0.1222309682,0.1312914752,0.1248800768,0.0463745837,0.0604379124
0.0845749018,0.1242996166,0.0917891536,0.1010109591,0.0832204155,0.1029098652,0.1404780262,0.0958876427,0.1229472587,0.1514980852,0.0807926829,0.0769783434,0.1427521317,0.1156947407,0.1237903538,0.1322256836,0.1198900721,0.0865559927,0.1021492585,0.1107941037,0.12024516,0.1367417326,0.1208759002,0.14574863,0.1086281342,0.1511863263,0.14762634,0.129996802,0.0504739944,0.0692861428
0.0849455192,0.1418460631,0.0781044095,0.1000339818,0.07633243,0.0968377888,0.1355435621,0.0985147014,0.1313754453,0.1351655778,0.0753880266,0.0664066509,0.1398853278,0.1107007231,0.1140357668,0.1438790816,0.1338028169,0.0868438729,0.1047664367,0.106593755,0.1309465901,0.1498275512,0.1058449171,0.1418596429,0.0925687448,0.1374114472,0.1502807555,0.1503837544,0.0486805022,0.0629874025
0.1076273071,0.1851961073,0.0780030411,0.1153258007,0.0809620596,0.0982572352,0.1377023901,0.0937657876,0.1331132157,0.1501464294,0.0676274945,0.0764651545,0.176198177,0.135514748,0.1358674615,0.1520710742,0.1308828581,0.1088187314,0.0981045285,0.1172927564,0.1375620197,0.1715358085,0.1075196784,0.1664309705,0.1022649799,0.1483189025,0.1653905054,0.1436680524,0.0444529849,0.0590881824
0.1329775406,0.2000884695,0.1101875317,0.1276442103,0.109530262,0.1075624951,0.1733230532,0.1097302213,0.1532713529,0.2146879928,0.1133592018,0.0866262958,0.20905616,0.163970244,0.1574669041,0.1964924426,0.1707317073,0.1265713463,0.1103180268,0.1367887145,0.1670395953,0.2070399675,0.1014067995,0.1998409051,0.1450647678,0.1634431575,0.2185809086,0.1672529581,0.0471432232,0.0956808638
0.1390556667,0.208640519,0.1471363406,0.1657038484,0.1233062331,0.140998344,0.199537394,0.1764170961,0.2116604397,0.243973868,0.1726718404,0.1364056246,0.2315495443,0.1929459502,0.1880467601,0.2496827045,0.2208862934,0.1941272431,0.1526687287,0.168806467,0.1969063138,0.246195983,0.1292078379,0.2417359024,0.1657450193,0.1739570449,0.2452271567,0.2019507515,0.0489367153,0.1310737852
0.1384626788,0.2092303155,0.1318803852,0.1491377113,0.1236449864,0.17624793,0.2217424827,0.2121855108,0.203058476,0.2264023429,0.1335920177,0.1108488145,0.2058953249,0.1824377048,0.1978013471,0.2577593169,0.2061147372,0.1743594665,0.1449758109,0.1819622761,0.1959334566,0.250456482,0.1220063641,0.2505745095,0.1496856299,0.1678848533,0.2372639102,0.2200191877,0.0543171919,0.1235752849
0.1078496776,0.207460926,0.1111505322,0.1197859145,0.104561879,0.1663906632,0.2072474942,0.1686369607,0.1709966113,0.1700833521,0.1039356984,0.087036847,0.1825198471,0.151329137,0.1654408918,0.2167993539,0.1739951907,0.136935035,0.1353001824,0.1445553971,0.1695690242,0.2001420166,0.1296265282,0.20602793,0.1190061359,0.1474755426,0.2136804492,0.1941157659,0.0596976685,0.0973305339
0.1146690386,0.2028900029,0.1063355297,0.1239911647,0.1155149051,0.1463606971,0.200925212,0.1406486814,0.1651750804,0.1697454382,0.1165465632,0.0957610592,0.1866362834,0.1603287728,0.1535960362,0.194184839,0.1703881828,0.1399097975,0.1498136252,0.13361864,0.1749197393,0.1789409617,0.1192011388,0.1933003359,0.1121884706,0.1443832228,0.2084737111,0.1710905021,0.0586728158,0.0910317936
0.1223037581,0.2083456208,0.1203750634,0.1286211877,0.1210478771,0.1365034303,0.2067848882,0.1426694958,0.1762099227,0.158256364,0.1315133038,0.1138253105,0.1802411056,0.1434219425,0.1657505613,0.2203761394,0.2239780144,0.1496977257,0.1525894203,0.1306863211,0.1740441677,0.1899979712,0.1335622174,0.1874668552,0.1136277555,0.1620937816,0.1909137315,0.176367125,0.0596976685,0.101229754
0.1238603513,0.2424063698,0.125848961,0.1490102795,0.1295167118,0.1420234997,0.1955281419,0.1576235223,0.1701277261,0.1638882631,0.1297117517,0.1395873961,0.1803881211,0.1625656765,0.1525121932,0.2249913465,0.2681209206,0.1620765761,0.1553652153,0.1243461721,0.1765735967,0.1844187462,0.146709094,0.1843733428,0.1243087645,0.1773867086,0.2046962736,0.1651742885,0.0630284397,0.1285242951
0.1261581795,0.2034797995,0.1201216422,0.1394104154,0.1187895212,0.1528270641,0.165458751,0.1630797211,0.1544877922,0.1641135391,0.0990853659,0.1339423176,0.1887680094,0.170368829,0.1381125648,0.197415484,0.2564410855,0.1395259572,0.1498929336,0.1084957997,0.1538087363,0.1638263339,0.1446575113,0.1660774262,0.1218847057,0.1751377488,0.1908116386,0.1518228334,0.0677683833,0.1031793641
0.1515825365,0.1989088764,0.1109477952,0.1609039164,0.1444218609,0.1282233262,0.1835003855,0.1652015762,0.1781214702,0.1578058121,0.1119733925,0.1404084984,0.2391208468,0.1952348749,0.1415189285,0.2029537325,0.3249742357,0.1460512427,0.1448171941,0.1119036297,0.1666504524,0.1757963076,0.1839725339,0.1590065406,0.1422619499,0.2047115709,0.1878509444,0.1522225776,0.0746861389,0.1099280144
0.1635164184,0.2039221469,0.1343132286,0.1992184181,0.1571815718,0.1301947796,0.1781033153,0.148731939,0.2021895908,0.1804460464,0.1247228381,0.1651442061,0.2452219935,0.2324819227,0.1327707672,0.2344525211,0.3967708691,0.1937434027,0.1781267349,0.1209383421,0.1787138827,0.1930411848,0.257410819,0.1776560014,0.1599121279,0.2386146407,0.1834609495,0.1669331628,0.0798104023,0.1216256749
0.1421688533,0.2087879682,0.1389761784,0.2231756011,0.1455510388,0.1082722183,0.1750192753,0.1482267354,0.2043618038,0.1542013967,0.1305432373,0.1833110951,0.2149367833,0.2164594496,0.117984052,0.2124149071,0.4393679148,0.1680261011,0.1930367198,0.1041369472,0.1474851639,0.1592615135,0.3223078211,0.1430086618,0.1603666389,0.2449679523,0.161510975,0.1536616565,0.1046630797,0.1114277145
0.1349047513,0.1944854025,0.1308667005,0.22054201,0.1440831075,0.1084299345,0.1814957594,0.1718702637,0.236510557,0.1780806488,0.1589523282,0.1856717643,0.2142752132,0.2125578734,0.133157854,0.1978770047,0.4330127104,0.2001727281,0.1701165834,0.1043747028,0.1323085903,0.1687969162,0.3563054765,0.1422131872,0.1602908871,0.2428876645,0.1644716692,0.1727694276,0.1269536254,0.1159268146
0.1501741902,0.2244175759,0.1547389762,0.1943760088,0.135501355,0.1025944326,0.1702390131,0.176821259,0.2511078287,0.2082676278,0.1728104213,0.170584009,0.1875183769,0.1952868959,0.1221645893,0.2159916926,0.3361387839,0.2008444487,0.1667856293,0.1089713108,0.1319194474,0.1660580239,0.3194607268,0.1259501503,0.1750624953,0.2254582256,0.1436447167,0.1690917813,0.1425826287,0.1303239352
0.1025127863,0.307283987,0.1445514445,0.1247982329,0.1117886179,0.0962069237,0.1597532768,0.1656057391,0.1779476931,0.1370804235,0.106845898,0.0728728318,0.1340047045,0.1817614316,0.0887977084,0.1624552902,0.1808656819,0.125035985,0.1870092791,0.0985893168,0.0967020138,0.1163522013,0.155501591,0.1100406576,0.1187788804,0.171426965,0.1243491577,0.1531020147,0.1447604407,0.1270245951
0.0945074494,0.3145089944,0.1343132286,0.0914960496,0.0888663053,0.0954183424,0.1634541249,0.1623724361,0.1232948128,0.1108357738,0.0687361419,0.0530637381,0.0940899735,0.164178328,0.0857010142,0.1083419868,0.1023703195,0.0811822282,0.2054881434,0.0851957521,0.0887245841,0.0958612295,0.0929911238,0.1021742973,0.0858268313,0.1370741032,0.1107708014,0.1327150624,0.1302843966,0.1040791842
0.0782002817,0.3156885874,0.1059300558,0.0764166171,0.0742999097,0.0891885498,0.1378565921,0.1351924826,0.1049613346,0.0801982428,0.0586197339,0.0420814944,0.0740958542,0.1311449826,0.0894170473,0.1128418138,0.069048437,0.0595912101,0.2117535094,0.0867807893,0.0803580115,0.100223169,0.0595796349,0.1034117023,0.0751458223,0.1189137524,0.1192445125,0.1168851935,0.1227261081,0.0833833233
0.0771625528,0.2919492775,0.1130765332,0.0700875032,0.0694444444,0.0924217333,0.133384734,0.122057189,0.118515944,0.0890966434,0.0615299335,0.0461870061,0.0772566892,0.1353586849,0.0931330804,0.1301488404,0.0903469598,0.0541214855,0.1786818939,0.0899508638,0.0810390116,0.1014404545,0.0640596215,0.108007778,0.0684039088,0.1173957045,0.1172026544,0.1379117365,0.1083781706,0.074685063
0.0841301608,0.3345620761,0.1058286873,0.072848526,0.0676377597,0.1026732907,0.1287586739,0.1113468728,0.1048744461,0.0858301419,0.0566796009,0.0419788566,0.0723316672,0.1375435676,0.0939846714,0.1225337487,0.0944692546,0.0456769984,0.1483860734,0.0803613885,0.0865842981,0.1047879895,0.0736894992,0.0970479053,0.0774941292,0.1179579445,0.1203675345,0.1463863128,0.0988982834,0.0685362927
0.0975465125,0.3678855795,0.1007095793,0.0691954804,0.0632339657,0.1059064743,0.1444872783,0.0938668283,0.1101746459,0.0970939401,0.0583425721,0.0410551165,0.0726992061,0.1444623628,0.0809785554,0.1313026422,0.1087255239,0.0417426351,0.1364898089,0.0733079727,0.0877517268,0.0981943599,0.067199799,0.0974014495,0.0779486403,0.1187450804,0.1180193977,0.1219219699,0.0917243146,0.0548890222
0.0753094656,0.3249778826,0.077141409,0.0607000255,0.0624435411,0.1040927372,0.1512721665,0.0897241588,0.102528456,0.0877449876,0.0512749446,0.04228677,0.0613054984,0.113717942,0.0843075017,0.1196492443,0.0810717966,0.0325304673,0.1085732413,0.0847994928,0.0784122969,0.0981943599,0.0612543962,0.0995227152,0.0599954549,0.1039581693,0.111281266,0.1088903102,0.0791698693,0.0527894421
0.0566303462,0.3155411383,0.0727825646,0.0474895931,0.0475383921,0.0933680309,0.1520431766,0.0836617157,0.090711617,0.0761432755,0.0411585366,0.0344862979,0.064980888,0.1144982573,0.086320353,0.1029191185,0.0805565098,0.025045581,0.0797049726,0.0935171977,0.0802607258,0.0769933049,0.0593284207,0.1033233162,0.0584046663,0.0987293377,0.1173047473,0.0976175248,0.0757109915,0.0440911818
0.0627084723,0.2549395459,0.0727825646,0.0435392065,0.0499096658,0.0764923902,0.1571318427,0.0770940689,0.0881049613,0.079409777,0.0371396896,0.0283280304,0.0624816231,0.1144462363,0.0897267167,0.0906888197,0.0707660598,0.0274445831,0.07074312,0.0830559518,0.0854168693,0.0830797322,0.0556439457,0.0949266396,0.0656010908,0.1035083774,0.1145482389,0.0918612088,0.0707148347,0.0376424715
0.0728633904,0.2385726924,0.061327927,0.0407781837,0.0456187895,0.0690008674,0.1631457209,0.0706274629,0.070901034,0.0563189908,0.0365853659,0.0270963769,0.0590267568,0.1097643448,0.0798947124,0.092188762,0.062349708,0.0234142597,0.0684431755,0.0699001427,0.0796770114,0.0702982349,0.0537598392,0.0889163868,0.0568896296,0.0972675138,0.0956610516,0.074112568,0.0591852421,0.0398920216
0.0580386925,0.1964022412,0.0625443487,0.0375923881,0.0416666667,0.0635596562,0.1523515806,0.0707285036,0.0589104179,0.0643162875,0.0299334812,0.0221697629,0.0479270803,0.085054362,0.0668111791,0.0709588093,0.0486087255,0.0212071778,0.0594020144,0.0554763037,0.0660570094,0.0587340231,0.0481493887,0.0709740145,0.051587001,0.0917013381,0.0793261868,0.0590821874,0.0538047656,0.0446910618
0.0480320213,0.1697139487,0.0492650786,0.0365304562,0.0336495032,0.0585127356,0.1454124904,0.065171264,0.0556955426,0.0460689344,0.0278547672,0.0218618495,0.0424139959,0.0833376684,0.0562824185,0.066228222,0.0559945036,0.0180404952,0.0485367595,0.0435092725,0.0595388656,0.0529519172,0.0393987607,0.0667314831,0.0426482842,0.0820870347,0.0814701378,0.0524464343,0.0507302075,0.0407918416
0.0381735972,0.1475965792,0.0445514445,0.0418401155,0.0261969286,0.0560681334,0.1303006939,0.0589067394,0.0531757755,0.0441540888,0.0224501109,0.0205275582,0.0371214349,0.0602923581,0.0603855384,0.0639206184,0.0542768808,0.0161212935,0.0429851693,0.0433507687,0.0557447222,0.0433150741,0.0383101658,0.0578928761,0.0324217862,0.0730911953,0.0773864216,0.0498081228,0.0456059441,0.0379424115
0.032540212,0.1291654379,0.0313228586,0.0383994563,0.0251806685,0.0569355729,0.1056283732,0.055471355,0.039273612,0.0450551926,0.0139966741,0.0138561018,0.0341811232,0.0664828591,0.0408763645,0.0418830045,0.045860529,0.0139142117,0.0335474661,0.0407354573,0.0463080066,0.0296206127,0.0349187741,0.0449001237,0.0228770548,0.0613966041,0.0601327208,0.044931244,0.04163464,0.0310437912
0.0231265288,0.0987909171,0.0186517993,0.0310508878,0.0144534779,0.0510212128,0.0772552043,0.0422350207,0.02763055,0.0205001126,0.0076219512,0.0117007082,0.0216112908,0.0564428029,0.029496013,0.0219222338,0.021985572,0.0084444871,0.0293441193,0.029957204,0.0330771476,0.0138973423,0.0278010384,0.0295209475,0.0215892735,0.0450354211,0.0367534456,0.0417332907,0.0353574174,0.0229454109
0.0189756134,0.0760837511,0.0138367968,0.0234899329,0.0158084914,0.0468417317,0.0595219738,0.0360715368,0.023807455,0.0188105429,0.0066518847,0.0092374012,0.0142605116,0.0438537169,0.0264767361,0.0234221761,0.0273102027,0.0063333653,0.0196684908,0.0249643367,0.0255861465,0.0075065936,0.0280103835,0.0295209475,0.0169684115,0.0388507815,0.0349157734,0.0346977934,0.0311299001,0.0175464907
0.0154176859,0.0636980242,0.0133806386,0.0191147736,0.0168247516,0.0406907973,0.065073246,0.0301101344,0.0253714484,0.0293985132,0.0084534368,0.0115980704,0.015877683,0.0555064246,0.0224510335,0.0276912426,0.0300583992,0.0055656847,0.0183202474,0.026470122,0.0290884327,0.0173463177,0.0283034668,0.0345589535,0.0206802515,0.0427864613,0.0387953037,0.0275823473,0.027158596,0.0170965807
0.0134163516,0.0502801533,0.0140395337,0.0165661371,0.0137759711,0.0316221118,0.0539707016,0.0218247954,0.0213745764,0.0230907862,0.0067904656,0.0097505902,0.0180829168,0.0552983405,0.0241542154,0.0170762663,0.0202679492,0.0043182036,0.0159409945,0.0229830401,0.02004086,0.0108541286,0.0260425389,0.0271345236,0.0149988637,0.0383447655,0.0368555385,0.023904701,0.0229310787,0.0121475705
0.0128974872,0.0415806547,0.0119107957,0.0144422734,0.016034327,0.0293352259,0.0539707016,0.0158633929,0.0242418976,0.0172336112,0.0074833703,0.0085189367,0.0124963246,0.0526452687,0.0275605791,0.0215760932,0.0249055307,0.0072929661,0.0106273297,0.019020447,0.0219865746,0.0137959018,0.0203483504,0.0246597136,0.0178016817,0.0364893737,0.0335885656,0.0183882315,0.0179349219,0.0088482304
0.0104514121,0.0259510469,0.0135833756,0.0151643871,0.0185185185,0.0239728728,0.0502698535,0.0177831666,0.0260665566,0.0199369227,0.0099778271,0.0070820076,0.012716848,0.0435936118,0.0266315708,0.0212299527,0.0252490553,0.0076768064,0.0109445634,0.0201299731,0.0193598599,0.0154189491,0.0169569586,0.0287254729,0.0164381486,0.0338468458,0.0261357836,0.0144707387,0.0162695363,0.0067486503
0.0133422282,0.0176938956,0.0212366954,0.0129130915,0.0142276423,0.0197933917,0.0444101773,0.0148529858,0.0299765401,0.0313133589,0.0116407982,0.0066714564,0.018009409,0.0428653176,0.0331346288,0.0211145725,0.0238749571,0.0077727665,0.0124514236,0.0198129656,0.0218892888,0.0199837695,0.0137749121,0.0365034471,0.0191652148,0.0387945575,0.0361408882,0.0150303806,0.013579298,0.0083983203
0.0199392187,0.0115010321,0.0263558033,0.012530796,0.022131888,0.0221591357,0.0471858134,0.0130342528,0.0390129464,0.0416760532,0.0137195122,0.0076978343,0.0266833284,0.0597201269,0.0392506,0.0287296642,0.0386465132,0.0103636887,0.0114997224,0.0270248851,0.033660862,0.0288090891,0.0182130296,0.0416298391,0.0270434058,0.0434611492,0.0420622767,0.0204669012,0.0110171663,0.0139472106
0.0354310281,0.0115010321,0.0421186011,0.016863478,0.0306007227,0.021764845,0.0575173477,0.0148529858,0.0525675558,0.0559810768,0.0175997783,0.0107769681,0.0544692737,0.0701243302,0.0351474801,0.046728972,0.0642390931,0.0165051339,0.0194305655,0.0340783008,0.0402762915,0.0261716372,0.0364260593,0.0453420541,0.044617832,0.0529067806,0.0596222563,0.0264630636,0.0074301819,0.0166466707
0.0401749314,0.0117959304,0.0614799797,0.0276951831,0.0379403794,0.0320164025,0.06769468,0.0153581894,0.0589104179,0.0719756702,0.0314578714,0.0246330699,0.0726256983,0.0738698434,0.0458310753,0.0438444675,0.0738577808,0.0197677766,0.0367198033,0.0386749089,0.0505885787,0.0483870968,0.0419527717,0.0537387308,0.0461328687,0.0654447318,0.0589076059,0.0602014711,0.004611837,0.025494901
0.0627825958,0.0378944264,0.0599594526,0.0448135248,0.0446025294,0.0365113161,0.1074787972,0.019096696,0.0726388044,0.0788465871,0.0345066519,0.0334599199,0.0715965892,0.0952504812,0.0604629558,0.0608053536,0.0826176572,0.026197102,0.0638432865,0.0417657315,0.0708240101,0.0732400081,0.0571512309,0.0750397737,0.0599197031,0.0836613066,0.0835119959,0.092260953,0.0048680502,0.0346430714
0.0816840857,0.0660572103,0.0683223517,0.0612522301,0.0466350497,0.051100071,0.1193523516,0.0341517632,0.0834129811,0.0940527146,0.040327051,0.0445448014,0.0725521905,0.1083597774,0.0861655183,0.0923041421,0.1011679835,0.0311870262,0.0819256087,0.059914408,0.0956318708,0.0960641104,0.0677022274,0.1016439809,0.0747670631,0.109636793,0.103726391,0.0993763991,0.0043556239,0.0538392322
0.0847231488,0.0948097906,0.0697415104,0.069280435,0.0495709124,0.0596167495,0.1245952197,0.058704658,0.0967938135,0.1077945483,0.0496119734,0.0414656677,0.0883563658,0.1254226708,0.0956104359,0.1255336333,0.1071796633,0.0326264274,0.0975493695,0.0851957521,0.1124623018,0.1082369649,0.0789231285,0.1194979671,0.0799939399,0.1329135275,0.1314956611,0.0974576271,0.0043556239,0.0406418716
0.0999184642,0.0973164258,0.0697921946,0.0807917764,0.0604110208,0.0887942591,0.1378565921,0.0756794988,0.1080893214,0.1312232485,0.0687361419,0.0492661398,0.1101881799,0.148155855,0.1110164899,0.1541479174,0.1338028169,0.0423183955,0.0970735189,0.1031859249,0.1216071602,0.1209170217,0.0929492547,0.1426551176,0.0999924248,0.1394355111,0.1634507402,0.1127278542,0.006789649,0.050089982
0.1084426655,0.1151577706,0.0823112012,0.0954889134,0.075203252,0.119864364,0.1555898227,0.0971001314,0.1117386393,0.1701959901,0.0910476718,0.0743097609,0.1173184358,0.1659470426,0.1269644654,0.1839160032,0.1578495362,0.0621821322,0.0978666032,0.1066730068,0.1355190194,0.1506390749,0.1145118071,0.1560898002,0.120369669,0.1486562465,0.1725370087,0.1316757275,0.0220343326,0.0793341332
0.1397227781,0.1782659982,0.0846933604,0.1171948008,0.092366757,0.1402097626,0.1636083269,0.152672527,0.132331219,0.2025230908,0.104905765,0.0814944062,0.1432666863,0.1778598554,0.1432995278,0.1983385254,0.1800068705,0.0803185875,0.1127765882,0.1342526549,0.1711255959,0.1646378576,0.143024619,0.1752695775,0.1407469131,0.1637805015,0.19683512,0.1605372562,0.0390725083,0.0782843431
0.1380920614,0.265260985,0.0932083122,0.1191487554,0.0946251129,0.1571642615,0.1776407093,0.1715671416,0.1315492223,0.2526469926,0.0960365854,0.0869342092,0.1231255513,0.1948707278,0.147247813,0.185069805,0.1867055995,0.0864600326,0.1224522167,0.1246631796,0.1783247398,0.1607831203,0.1501423547,0.1740321725,0.1457465344,0.1744630608,0.2183767228,0.1726894787,0.0636689726,0.0917816437
0.1490623379,0.273223238,0.0847947288,0.1409395973,0.1016260163,0.1536156455,0.1760986893,0.1489340204,0.1391085238,0.2209957198,0.1255543237,0.0777994458,0.1449573655,0.217707954,0.1347062011,0.1833391023,0.203538303,0.0733135016,0.1598857959,0.1287050246,0.1958361708,0.1592615135,0.1258583152,0.1597136291,0.1433982274,0.1654109974,0.2083716182,0.1652542373,0.073405073,0.1025794841
0.1715217552,0.3136242996,0.105119108,0.148925325,0.108401084,0.1256998659,0.2041634541,0.1569162372,0.1556173429,0.1845010137,0.1164079823,0.0902186185,0.1728168186,0.2440305884,0.1006425641,0.1977616246,0.22741326,0.0694750984,0.153461813,0.0839277223,0.1975873139,0.156928383,0.1383352872,0.1290436627,0.1628664495,0.2049926909,0.1605921388,0.1611768468,0.0892902895,0.0875824835
0.1813801794,0.3628723091,0.104916371,0.1423838247,0.1114498645,0.1155271666,0.2382420971,0.1659088613,0.1564862282,0.158369002,0.1200110865,0.1116699169,0.1573801823,0.2847110233,0.1464736394,0.1841467636,0.2385778083,0.0660205355,0.1614719645,0.1075447773,0.2220060317,0.1527693244,0.1472952604,0.1546756231,0.1845314749,0.21820533,0.1958141909,0.1791653342,0.0886497566,0.1067786443
0.2281521014,0.3450309643,0.1337050177,0.1692719395,0.1426151762,0.1302736377,0.2951426369,0.1896534303,0.1947171779,0.1803334084,0.1614467849,0.1319921995,0.1979564834,0.3730427093,0.1895176899,0.2197992385,0.2770525593,0.0931772383,0.1947021968,0.1325883658,0.2414631774,0.200446338,0.1614469938,0.1820753049,0.2271797591,0.2596424154,0.221337417,0.1834026223,0.0971047912,0.1439712058
0.295900971,0.4236213506,0.1413076533,0.1648543029,0.1440831075,0.1475435691,0.2971472629,0.3124179044,0.2001042662,0.1957648119,0.1902716186,0.1291183414,0.2378712143,0.4561722936,0.1768986607,0.2286835122,0.2906217795,0.0860761923,0.1902609247,0.14170233,0.2901060414,0.2201257862,0.1734215374,0.1728831536,0.308991743,0.2867423816,0.2500255232,0.1674128558,0.1062003587,0.1529694061
0.3875176043,0.5706281333,0.1547389762,0.1925070088,0.1715221319,0.1681255421,0.3714726291,0.348590482,0.262490225,0.2616580311,0.227827051,0.1669916863,0.3282122905,0.4656921396,0.2263683518,0.2845275182,0.3509103401,0.1179349391,0.2207946705,0.2009034712,0.3787333398,0.2924528302,0.2042790152,0.2138059042,0.4320127263,0.3302597549,0.2808575804,0.2093060441,0.1456571868,0.1630173965
0.4892891557,0.5486582129,0.1915357324,0.2487469204,0.2235772358,0.2225376548,0.4399383192,0.3600080833,0.3638022417,0.3482766389,0.3134700665,0.1255260187,0.3675389591,0.5546480778,0.2912440969,0.3410638052,0.4416008245,0.1622684963,0.2763105718,0.2866539864,0.5628952233,0.3840535606,0.2292748283,0.2519003005,0.6421483221,0.3763634319,0.386115365,0.2866965142,0.2263643351,0.175614877
0.602698095,0.6676496609,0.1894069944,0.2954719225,0.2643405601,0.2636227427,0.4461063994,0.3906234212,0.4587713963,0.3919801757,0.4142184035,0.1914194807,0.4372243458,0.6263330385,0.341797631,0.3845621322,0.4496736517,0.220228385,0.2633832976,0.3618640038,0.6840159549,0.452018665,0.273572266,0.3066112781,0.8105446557,0.405656134,0.5039305768,0.4049408379,0.327568537,0.2042591482
1,0.6877027426,0.2417131272,0.437515929,0.3281391147,0.3618799779,0.5122590594,0.5289481661,0.6050916674,0.5655553052,0.5654101996,0.323514318,0.5440311673,0.785465328,0.4517302779,0.4834429445,0.5549639299,0.3102389406,0.3401538584,0.4969884292,1,0.6003246095,0.3755233629,0.4148842142,0.9443981517,0.5527943326,0.6767738642,0.6216021746,0.7039456828,0.299340132
0.9942924913,0.6245945149,0.3731373543,0.5398861609,0.4936766034,0.4617143758,0.7233616037,0.6775790644,0.7826049179,0.7653750845,0.7013580931,0.4780868316,0.6581152602,0.9049055819,0.5953394751,0.8425060575,0.7234627276,0.4741387583,0.4794194623,0.6790299572,0.9695495671,0.7847433557,0.5378077374,0.5930705321,0.9250056814,0.733835601,0.8287901991,0.7488807163,0.7503202665,0.4539592082
0.8270698985,0.5782954881,0.4975671566,0.6232265738,0.5853658537,0.5121835817,0.8200462606,0.6540365767,0.8077157008,0.8256364046,0.7232538803,0.5767217489,0.6822993237,0.8798834729,0.689866068,0.9372331833,0.7696667812,0.6448517417,0.59727179,0.7688223173,0.7910302559,0.8269425847,0.6444062971,0.7031111897,0.8215286721,0.8144045879,0.888820827,0.7675887432,0.7521137586,0.4715056989
0.9802090282,0.7574461811,0.6404967055,0.936284088,0.8148148148,0.7665799227,0.9720894372,0.8655148025,0.9255365366,0.9471727867,0.935559867,0.9114235862,0.8705527786,0.9601519014,0.9286986142,0.886350525,0.8684300928,0.9872373093,0.7722261876,0.9006181645,0.8863702695,0.9559748428,0.9235471445,0.8940251016,1,0.9660969302,0.9994895355,0.9709785737,1,0.5461907618
0.7460529242,1,0.7797769894,1,1,1,1,0.9334141659,1,0.9621536382,1,1,1,1,1,0.9365409023,1,1,1,1,0.8494016928,1,1,1,0.8045602606,1,1,1,0.9806559057,1
0.5438440442,0.9075493955,1,0.901792541,0.7466124661,0.7195804747,0.866461064,1,0.7013641498,1,0.7232538803,0.5726162373,0.8896648045,0.8514799979,0.6564217698,1,0.9534524218,0.7787160541,0.9195019431,0.7843556824,0.5763206538,0.7675999188,0.8486853123,0.7715220081,0.6248011514,0.8371753064,0.7461970393,0.7687879757,0.6874199334,0.700659868
0.4119042325,0.7745502802,0.6336036493,0.7323506924,0.5261969286,0.5369450359,0.6565921357,0.768111549,0.5149013815,0.7652624465,0.4815687361,0.4994354921,0.6564980888,0.6784580971,0.4991871178,0.7971616476,0.7195121951,0.5715382401,0.6102783726,0.5187034395,0.4310730616,0.5583282613,0.6562133646,0.5608980025,0.5041284751,0.5561677724,0.5737621235,0.5228653662,0.5190878811,0.5050989802
0.3150989549,0.5616337364,0.4316776483,0.5598929573,0.4166666667,0.4607680782,0.5417116423,0.6105890674,0.3978625424,0.5386348277,0.3676552106,0.4351842348,0.4544251691,0.5098059616,0.4014864133,0.6029768086,0.5699072484,0.3562997793,0.4940122135,0.3735140276,0.3551901936,0.427672956,0.4669653324,0.4443167757,0.4184531475,0.4048127741,0.4592138846,0.3525743524,0.4358186011,0.4139172166
0.2825587429,0.4168386907,0.2824632539,0.4105853368,0.299232159,0.3267092501,0.4220508867,0.5138930989,0.3067164828,0.4544942555,0.2717572062,0.3084265627,0.39547192,0.3799094834,0.3363009987,0.5425175955,0.4757815184,0.2484406487,0.4223967008,0.2939451577,0.3170541882,0.3543315074,0.3526210015,0.3901361145,0.3567911522,0.3022602047,0.432057172,0.3383434602,0.3648475532,0.2693461308
0.260173449,0.3829253907,0.2580841358,0.3267776739,0.2620822042,0.3203217412,0.401233616,0.4385167222,0.2706577461,0.4141698581,0.2504157428,0.2347326286,0.4066451044,0.3452114654,0.2946504606,0.4969424253,0.3981449674,0.1801170713,0.4195415973,0.2692978285,0.2983753283,0.3557516738,0.289817451,0.369365388,0.3546701007,0.2741482065,0.4151097499,0.3731212024,0.294260825,0.2117576485
0.2370469202,0.4028310233,0.2191079574,0.2888879449,0.1954607046,0.2762400442,0.334772552,0.4044659998,0.2396385437,0.3710295112,0.2164634146,0.1528276711,0.347103793,0.3174322426,0.2807153364,0.4337140879,0.3242871865,0.135687554,0.3261162662,0.2238865113,0.2926354704,0.3254209779,0.2420030146,0.3213717518,0.3222483145,0.2356347689,0.3953037264,0.3454589063,0.245836536,0.1717156569
0.2589874731,0.3540253613,0.1907247846,0.2517628069,0.1533423668,0.2928002523,0.3452582884,0.2826108922,0.2186115214,0.3696778554,0.1626940133,0.133737042,0.327697736,0.2942308693,0.2725090965,0.3740625361,0.2887323944,0.114288456,0.2577523991,0.209700428,0.2890358984,0.2833231893,0.2124853458,0.2963584939,0.3083857284,0.2228719217,0.3617151608,0.367604733,0.2135536767,0.1379724055
0.2417167,0.3363314656,0.1625443487,0.2566476935,0.1364046974,0.2434350603,0.3145720894,0.2423966859,0.2027109219,0.3302545618,0.1445399113,0.1151596018,0.2906498089,0.2687405712,0.2461871952,0.3556017076,0.2559257987,0.0910661165,0.2062019193,0.1979711523,0.2981807569,0.2403124366,0.1884106515,0.2715220081,0.2814180744,0.1995951872,0.3419091373,0.3568915894,0.1662823469,0.1307738452
0.2179230598,0.3383957535,0.1303091738,0.1681250531,0.1141598916,0.222064506,0.2865073246,0.2166313024,0.1848987749,0.2711196215,0.1164079823,0.0938109412,0.2380917377,0.2257712116,0.2006657893,0.3111803392,0.2205427688,0.080990308,0.1691648822,0.1815660168,0.2787236112,0.2199229053,0.1352788478,0.2420010606,0.2475570033,0.1778365006,0.2822868811,0.2976495043,0.1336151678,0.1019796041
0.2010970276,0.2978472427,0.1086670046,0.1428510747,0.0977868112,0.2047945746,0.2491904395,0.1979387693,0.1725606047,0.2517458887,0.1218126386,0.08457354,0.2130255807,0.2084482131,0.1875822559,0.2736817815,0.1782892477,0.0735054217,0.1557617575,0.165319385,0.2650063236,0.1989247312,0.110701725,0.2197277709,0.2026361639,0.1496120544,0.2493108729,0.2647905341,0.1155521394,0.1036292741
0.1681120747,0.2484517841,0.0936137861,0.1180868235,0.0866079494,0.1685198328,0.2365458751,0.1700515308,0.1524024676,0.2125478711,0.0938192905,0.0774915324,0.183622464,0.1921656349,0.1606410157,0.2587977385,0.161971831,0.0718741004,0.1550479816,0.1425741005,0.2365988909,0.1857374721,0.1071847262,0.2102704614,0.1877888039,0.1388170471,0.2442062277,0.2365685961,0.1014604151,0.0871325735
0.1151137796,0.2659982306,0.0834262544,0.0968057089,0.0780261969,0.145098967,0.1944487278,0.1374153784,0.1292032323,0.1640009011,0.0898004435,0.0633275172,0.1156277565,0.1409249337,0.1285902299,0.2102226837,0.1236688423,0.0472123597,0.1206281228,0.1132509114,0.1643155949,0.138161899,0.0992296098,0.1579459077,0.1297628968,0.1298774317,0.1827462991,0.156779661,0.0872405842,0.0838332334
0.0840560374,0.2633441463,0.0738976178,0.0765015717,0.0666214995,0.1164734642,0.1449498843,0.1149843387,0.0951429316,0.1199594503,0.0625,0.0518320846,0.0790208762,0.123029704,0.0964620268,0.1409945771,0.1004809344,0.0387678726,0.1046078198,0.0804406404,0.1030255861,0.1006289308,0.080807235,0.1222379353,0.0865843497,0.109580569,0.1259826442,0.1103293892,0.0798104023,0.0605878824
0.0747164777,0.2674727219,0.070299037,0.0748449579,0.0685411021,0.1077202113,0.1287586739,0.1057896332,0.0894951777,0.1190583465,0.0731707317,0.0478292107,0.0668185828,0.123081725,0.0924363242,0.1306103611,0.1035726554,0.0443335572,0.1019906416,0.0748137581,0.0935888705,0.0876445526,0.0878831017,0.1056213541,0.0725702598,0.1073316091,0.125165901,0.0985769108,0.0739174994,0.0572885423
0.0598176562,0.2440283102,0.0644196655,0.0787103899,0.0549909666,0.0929737402,0.1073245952,0.1053854703,0.0736814667,0.0844784861,0.0550166297,0.0470081084,0.0677006763,0.1142381522,0.0918169854,0.1063805238,0.0827894194,0.0409749544,0.1036561186,0.066254557,0.0863897266,0.0715155204,0.075908558,0.089181545,0.0649950761,0.0907455302,0.113323124,0.0856251999,0.0707148347,0.0602879424
0.0594470388,0.197286936,0.0593005575,0.0635035256,0.0505871725,0.096916647,0.099768697,0.0831565121,0.0651663915,0.0763685515,0.0439301552,0.0469054706,0.0611584828,0.1087759455,0.0868622745,0.0883812161,0.0735142563,0.0313789464,0.1027837259,0.055872563,0.0734507248,0.0641103672,0.0697538101,0.0742442991,0.0676463904,0.0844484426,0.1105666156,0.0768308283,0.0585447092,0.0568386323
0.0452894522,0.1764966087,0.0523061328,0.0516948433,0.0412149955,0.0845359199,0.0888203547,0.0729513994,0.0548266574,0.0751295337,0.0349223947,0.0383865339,0.0471920024,0.0891640223,0.0639467369,0.0736125534,0.0671590519,0.0256213415,0.0782774209,0.0464415914,0.0593442942,0.0548792859,0.0532155418,0.0669082553,0.0528747822,0.0704486675,0.1018887187,0.0701950752,0.0491929285,0.0385422915
0.0584834334,0.1537894426,0.0424227065,0.0398861609,0.0329719964,0.0637173724,0.0798766384,0.0589067394,0.0437918151,0.0645415634,0.0307649667,0.0292517705,0.0382240517,0.0593039588,0.0548114887,0.0573439483,0.0462040536,0.0241819403,0.058212388,0.03574259,0.0514641502,0.0458510854,0.0416596885,0.0509987626,0.0445420801,0.0560553244,0.0744257274,0.0647585545,0.0435562388,0.024145171
0.0455859462,0.1372751401,0.0401419159,0.0277801376,0.0344399277,0.0581184449,0.0727833462,0.062645246,0.0441393692,0.048659608,0.0257760532,0.0278148414,0.0330049985,0.0638297872,0.0523341333,0.0563055267,0.0486087255,0.0170808943,0.0471885161,0.0384371533,0.0384278626,0.0341854332,0.0491123765,0.0558599965,0.0321187789,0.0509951647,0.0763654926,0.0526862808,0.0367665898,0.0388422316
0.028759914,0.1245945149,0.0305119108,0.0251465466,0.0248419151,0.0487343269,0.06615266,0.0547640699,0.04526892,0.0558684388,0.0194013304,0.0221697629,0.0307997648,0.0487957135,0.047921344,0.0505365178,0.0424252834,0.0141061318,0.0426679356,0.0291646854,0.0324934332,0.0263745182,0.0392312845,0.0497613576,0.0280281797,0.0437422692,0.0586013272,0.0541253598,0.0335639252,0.0269946011
0.0268327033,0.0987909171,0.0255955398,0.0315181378,0.0229223126,0.0418736693,0.0644564379,0.0475901788,0.0379702841,0.0411128633,0.0199556541,0.0188853536,0.0247721258,0.0452062633,0.0412634513,0.049382716,0.0336654071,0.0135303714,0.0406059164,0.0286891742,0.0307422901,0.0232298641,0.0436694021,0.0460491427,0.020907507,0.0422804453,0.0528841246,0.045410937,0.0285677684,0.026244751
0.025424357,0.0738720142,0.0251900659,0.0294367513,0.0214543812,0.031148963,0.0569005397,0.0426391836,0.0317143105,0.0359315161,0.0192627494,0.0172431489,0.019773596,0.0417208552,0.044902067,0.0469597323,0.0338371694,0.0152576528,0.0380680466,0.0263908702,0.0276291468,0.0282004463,0.0401105342,0.0390666431,0.0208317552,0.0366580457,0.0520673813,0.0397345699,0.0226748655,0.0271445711
0.0230524053,0.0597168977,0.0224024328,0.0280350013,0.0193089431,0.0313066793,0.0565921357,0.0393048399,0.0284125467,0.0355936022,0.0139966741,0.0175510623,0.0179359012,0.0397440566,0.0347603933,0.0369216569,0.0355547922,0.0124748105,0.0311682132,0.0228245364,0.0217920031,0.0224183404,0.0390219394,0.0387130988,0.0214377699,0.0395254695,0.045941807,0.0350175887,0.0198565206,0.024145171
0.0192721073,0.0514597464,0.0189052205,0.0272704103,0.0143405601,0.0312278211,0.0541249036,0.0297059715,0.0322356417,0.0466321244,0.0145509978,0.020630196,0.0198471038,0.0439057379,0.0243864674,0.0462674513,0.0408794229,0.0128586508,0.0305337457,0.0210017435,0.0225702889,0.0198823291,0.0419527717,0.0343821814,0.0194682221,0.0324974699,0.0454313425,0.0246242405,0.0170381758,0.0202459508
0.0224594174,0.0429076968,0.0167764825,0.0268031603,0.0149051491,0.0275214888,0.0555127217,0.0318278266,0.0330176384,0.0382969137,0.0144124169,0.0200143693,0.0208762129,0.0381314051,0.0347603933,0.0443059882,0.0279972518,0.0111313694,0.0293441193,0.0236963069,0.0230567176,0.0217082573,0.0296851449,0.0329680042,0.0235588213,0.0355335657,0.0466564574,0.0207067477,0.0122982321,0.0287942412
0.0193462308,0.0378944264,0.0182463254,0.0245518648,0.0158084914,0.0216859869,0.0530454896,0.0290997272,0.0298896516,0.0393106556,0.0174611973,0.0207328338,0.016612761,0.0395359725,0.0369280793,0.0351909542,0.0300583992,0.0091162077,0.0318819891,0.0183071802,0.0228621461,0.0148103064,0.0252888963,0.0312002828,0.0193167184,0.030923198,0.0482899438,0.0211864407,0.0101204202,0.0236952609
0.0212734416,0.0383367738,0.0191079574,0.0227678192,0.0224706414,0.0263386168,0.0587509638,0.0264726685,0.0351898514,0.0491101599,0.0156596452,0.0226829519,0.0232284622,0.0330333455,0.0383990091,0.0396907811,0.032978358,0.0088283274,0.0301372036,0.0231415438,0.0224730032,0.0255629945,0.0369703567,0.0427788581,0.0216650254,0.0355897897,0.0503318019,0.0212663895,0.0074301819,0.0232453509
0.014528204,0.0154821587,0.0298023315,0.0138900688,0.0135501355,0.0050469206,0.0471858134,0.0226331211,0.0152054914,0.0066456409,0.0175997783,0.0229908652,0.0231549544,0.037819279,0.0013935124,0.0160378447,0.0190656132,0.0126667306,0.0568641447,0.0104612458,0.0275318611,0.0007100832,0.0165382683,0.008838607,0.0375729111,0.0257505904,0.0306278714,0.0135913016,0.021906226,0.0308938212
0.0211251946,0,0.0248859605,0.0200917509,0.0120822042,0.0031543254,0.0461063994,0.0254622613,0.0262403337,0,0.024113082,0.016216771,0.0196265804,0.0299641055,0.0154834714,0.0340371524,0.0407076606,0.0238940601,0.0440954874,0.0190996988,0.0286992898,0.0024345709,0.0154915425,0.0152907902,0.0387849405,0.0288991342,0.0421643696,0.0073552926,0.0175506021,0.0287942412
0.039656067,0.0221173695,0.023720223,0.0241695693,0.0190831075,0.0029966091,0.0487278335,0.0268768314,0.0132070553,0.0166704213,0.0460088692,0.0105716925,0.0272713908,0.0205483015,0.0161802276,0.0226145148,0.0491240124,0.0186162556,0.0278372591,0.0176731653,0.033271719,0.0142016636,0.0230279685,0.0194449355,0.0544655708,0.0276622062,0.0559469117,0.006236009,0.0146041507,0.0721355729
0.046623675,0.0212326747,0.0328433857,0.0249766375,0.0245031617,0.0103304156,0.0732459522,0.0274830757,0.0225910157,0.0613876999,0.0385254989,0.0072872832,0.0324169362,0.0383394892,0.0047224588,0.0191531095,0.0412229474,0.0167930141,0.0244269966,0.0175146616,0.0230567176,0.0222154595,0.0287640261,0.0203287962,0.0517385047,0.0241763185,0.0358346095,0.0023185161,0.0179349219,0.0484403119
0.0587058039,0.0411383073,0.0334515966,0.0267182058,0.0293586269,0.0125384433,0.0621434079,0.0242497727,0.0221565731,0.0399864834,0.0185698448,0.0041055116,0.0354307557,0.03480206,0.0483084308,0.0468443521,0.0578838887,0.0191920161,0.0335474661,0.0237755587,0.0276291468,0.0194765673,0.0539273154,0.0334983207,0.0479509128,0.0264815023,0.0345074017,0.0147105852,0.0131949782,0.0326934613
0.0512193314,0.0833087585,0.0373035986,0.0512275932,0.0382791328,0.0149041874,0.0922127988,0.0385975548,0.0355374055,0.0568821807,0.0823170732,0.0104690547,0.0541017348,0.0303802736,0.0561275838,0.0441906081,0.0637238063,0.0279243835,0.081053216,0.0284514186,0.0508804358,0.0347940759,0.042287724,0.0444581934,0.0424967805,0.0441358372,0.0665645738,0.0363767189,0.0167819626,0.0424415117
0.0332073234,0.0841934533,0.0431829701,0.0595531391,0.0313911472,0.0332781326,0.1138010794,0.0509245226,0.0261534451,0.0290605992,0.0881374723,0.0346915734,0.0459423699,0.0457784945,0.0370054966,0.0374985577,0.0772930265,0.0241819403,0.1091284003,0.029402441,0.0434867205,0.0449381213,0.0567744096,0.0505568322,0.0687069161,0.0479590689,0.0933129148,0.0294211705,0.0238278248,0.0584883023
0.0349862872,0.0769684459,0.0406994425,0.0441763656,0.0334236676,0.0448702784,0.1019275251,0.0475901788,0.0391867234,0.0545167831,0.1130820399,0.0438263369,0.0568215231,0.0626853249,0.0290315089,0.0515749394,0.0759189282,0.0331062278,0.0969942105,0.0513552068,0.0472808639,0.0411848245,0.0612543962,0.0622237935,0.0521930157,0.0592038682,0.1263910158,0.048289095,0.0193440943,0.0952309538
0.0527018012,0.0868475376,0.0527622909,0.0509727296,0.0407633243,0.0374576138,0.1168851195,0.0450641609,0.0433573725,0.0560937148,0.1205654102,0.0761572411,0.0641723023,0.1011288561,0.0384764264,0.0758047767,0.0563380282,0.0332021879,0.0969149021,0.0611824378,0.0599280086,0.0452424427,0.0770390219,0.0525897119,0.0570411332,0.0695490835,0.0946401225,0.05068756,0.0165257494,0.0868326335
0.0561856052,0.0738720142,0.057273188,0.0490612522,0.0418925023,0.0462108667,0.1312259059,0.0574921693,0.0498740116,0.0676954269,0.1054600887,0.0770809812,0.0577036166,0.0483275243,0.0421924595,0.0775354794,0.1147372037,0.0543134056,0.0971528273,0.0649072753,0.0557447222,0.0516331913,0.0602495394,0.0714159448,0.0706764639,0.0685932756,0.0767738642,0.0852254557,0.0175506021,0.0538392322
0.0658957824,0.0533765851,0.0446021287,0.0481692295,0.0622177055,0.0421102437,0.165767155,0.0728503587,0.0563037623,0.0796350529,0.1651884701,0.0394129118,0.0500588062,0.0898402955,0.0479987613,0.0738433137,0.0968739265,0.0414547548,0.0801015148,0.0519892217,0.041151863,0.0525461554,0.0924886954,0.0607212303,0.082721006,0.0701675475,0.0816743236,0.0881835625,0.0187035614,0.100329934
0.0695278334,0.039663816,0.0501267106,0.0476595022,0.0560072267,0.0336724233,0.168234387,0.0438516722,0.0539577722,0.0749042577,0.0820399113,0.0315098019,0.0511614231,0.0639338293,0.0485406828,0.0554978655,0.0757471659,0.0295557048,0.0699500357,0.0555555556,0.0619710089,0.0494015013,0.0789649975,0.0668198692,0.0571926369,0.0647138199,0.0806533946,0.0749120563,0.0187035614,0.0598380324
0.0795345045,0.0591271012,0.0580841358,0.0797298445,0.0485546522,0.0379307626,0.1631457209,0.0497120339,0.0687288209,0.0746789818,0.0709534368,0.0358205891,0.0660099971,0.0997763096,0.0530308895,0.06495904,0.1011679835,0.0545053258,0.0672535491,0.0526232366,0.0694620099,0.0497058227,0.0691676436,0.0725649638,0.0559048557,0.078826043,0.0895354773,0.062120243,0.0272867025,0.0706358728
0.0822770736,0.0356826895,0.057475925,0.0684308895,0.0509259259,0.0413216623,0.1804163454,0.0764878246,0.0558693197,0.0655553052,0.0626385809,0.0721543672,0.0812996178,0.0994121625,0.0701401254,0.0627668167,0.0872552387,0.0437577968,0.094139107,0.0513552068,0.0650841522,0.0518360722,0.093326076,0.0702669259,0.079463677,0.0841673226,0.0973966309,0.0617204989,0.0322828593,0.0806838632
0.1041435031,0.0765260985,0.0515458692,0.0629937983,0.0535230352,0.0395079252,0.2098689283,0.0878043852,0.064905726,0.0583464744,0.0972838137,0.0508057067,0.0623346075,0.1025854445,0.0630951459,0.0954194069,0.1490896599,0.0479800403,0.116424776,0.0503249326,0.0816227259,0.0750659363,0.0861246022,0.0745094573,0.0667373684,0.0861913865,0.0959673303,0.0779501119,0.0463745837,0.0850329934
0.1219331406,0.0775582424,0.0616827167,0.0747175261,0.059168925,0.0542543963,0.1969159599,0.0811356977,0.0607350769,0.0522640234,0.1462028825,0.0686646823,0.0745369009,0.119804401,0.0649531625,0.0874581747,0.089831673,0.0593992899,0.1063526053,0.0521477255,0.0890164413,0.0686751877,0.0972617652,0.0654056921,0.079463677,0.1103114809,0.1095456866,0.116645347,0.0503458878,0.0919316137
0.1085909125,0.1287230905,0.0545362392,0.0819386628,0.0679765131,0.0535446731,0.2157286045,0.0800242498,0.063081067,0.0984455959,0.0841186253,0.0759519655,0.0881358424,0.1316651927,0.0617016335,0.0806507442,0.1458261766,0.0425103157,0.1156316916,0.0597559043,0.0972857282,0.0777033881,0.0893066488,0.0763655648,0.1146882812,0.12549196,0.114446146,0.0831467861,0.0511145273,0.0608878224
0.1528426358,0.1545266883,0.0658895084,0.1086993458,0.0724932249,0.0861919407,0.2016962221,0.0772961503,0.0644712833,0.115904483,0.0722006652,0.0582982654,0.0983534255,0.1312490246,0.0685917783,0.0969193493,0.1449673652,0.0304193456,0.1149179158,0.0520684736,0.1055550151,0.0631974031,0.1164796516,0.0631076542,0.1155215514,0.1317890476,0.0996426748,0.064518708,0.0652062516,0.1520695861
0.1824179082,0.1511353583,0.0705524582,0.1004162773,0.1192411924,0.0866650895,0.2174248265,0.1672223906,0.0952298201,0.128069385,0.0855044346,0.1004823976,0.1617906498,0.2048587629,0.1040489278,0.1431868005,0.1724493301,0.0659245754,0.1048457451,0.073149469,0.1488471641,0.0861229458,0.1175263775,0.0882092982,0.1824104235,0.1781176206,0.1343542624,0.0639590662,0.0485523956,0.1373725255
0.2402342302,0.2407844294,0.0817536746,0.1050463002,0.1479223126,0.0788581342,0.2414803392,0.1572193594,0.1204274915,0.1299842307,0.1334534368,0.1374320025,0.1183475448,0.2219736774,0.0800495471,0.1373024114,0.2421848162,0.0717781403,0.1366484257,0.0759232842,0.1629535947,0.0947453845,0.1408892983,0.0896234753,0.1723354291,0.218711346,0.133741705,0.0988167573,0.0562387907,0.2146070786
0.4647542806,0.3466529047,0.107045109,0.2194800782,0.2609530262,0.0735746392,0.3424826523,0.2763463676,0.1911547485,0.1993692273,0.2706485588,0.250744124,0.3153484269,0.3783488529,0.0924363242,0.2854505596,0.4331844727,0.1758948278,0.2491870886,0.1219686163,0.2830041833,0.1782308785,0.2356807905,0.1447763832,0.3701234755,0.4196559091,0.2019397652,0.1566197634,0.1328465283,0.2820935813
0.5837966051,0.5688587437,0.1623416118,0.2753801716,0.3620144535,0.0854033594,0.4305319969,0.4779226028,0.3132331219,0.4179995494,0.4433203991,0.4200964795,0.4891208468,0.5248920564,0.1886660989,0.4490596516,0.7743043628,0.376163516,0.4377825363,0.2110477096,0.4465414924,0.2615134916,0.3313515324,0.2158387838,0.5100371184,0.5446418531,0.2733027055,0.2957307323,0.3653599795,0.5173965207
0.4669779853,0.6465644353,0.19401926,0.3870529267,0.3603206865,0.1448623926,0.4359290671,0.5547135496,0.3560691633,0.561049786,0.5124722838,0.3623114031,0.4799323728,0.4909223326,0.1940853139,0.4799815392,0.9441772587,0.3727089531,0.3982076295,0.2360912981,0.449168207,0.315175492,0.3664377826,0.2712568499,0.4756457844,0.5039356797,0.3355793772,0.3153181964,0.5056366897,0.5131973605
0.2715884664,0.5026540843,0.2379624937,0.3416447201,0.335704607,0.179796546,0.4037008481,0.5538041831,0.2650099922,0.3224825411,0.4693736142,0.3806835677,0.3804028227,0.3245591219,0.2209491368,0.3737163955,0.6885949845,0.3748200748,0.4934570545,0.2507528927,0.4155073451,0.2925542706,0.3459638252,0.2693123564,0.380577229,0.4857191049,0.3673302705,0.3106012152,0.4286446323,0.3555788842
